,Rk,Player,Age,Team_x,GP_x,G_x,A_x,PTS,+/-,PIM_x,EVG,PPG,SHG,GWG,EV,PP,SH,SOG,SPCT,TSA,TOI,ATOI,FOW,FOL,FO%,BLK,HIT,TAKE,GIVE,Unnamed: 0_y,Round,Draft Position,Position,Team_y,Seasons,GP_y,G_y,A_y,TP,PIM_y,Year,PPS
2,464.0,Erik Gudbranson,23.0,FLA,792.0,36.0,99.0,135.0,-109.0,841.0,36.0,0.0,0.0,7.0,90.0,4.0,5.0,1058.0,3.6,229.0,1413:46,21:18,0.0,0.0,0.0,1084.0,1678.0,112.0,408.0,2,1,3,D,Florida Panthers,14,792,34,99,133,841,2010,9.5
9,908.0,Dylan McIlrath,22.0,NYR,79.0,4.0,4.0,8.0,-4.0,140.0,4.0,0.0,0.0,0.0,4.0,0.0,0.0,56.0,0.0,0.0,8:02,9:34,0.0,0.0,0.0,73.0,215.0,17.0,31.0,9,1,10,D,New York Rangers,9,85,3,6,9,147,2010,1.0
10,199.0,Cam Fowler,23.0,ANA,709.0,74.0,263.0,337.0,-80.0,199.0,46.0,25.0,3.0,13.0,164.0,94.0,5.0,1151.0,8.0,188.0,1691:30,24:51,0.0,0.0,0.0,985.0,320.0,255.0,439.0,11,1,12,D,Anaheim Ducks,15,993,96,361,457,261,2010,30.466666666666665
11,637.0,Brandon Gormley,22.0,ARI,53.0,2.0,3.0,5.0,-10.0,18.0,1.0,1.0,0.0,0.0,3.0,0.0,0.0,50.0,5.1,74.0,413:42,15:19,0.0,0.0,0.0,51.0,44.0,11.0,19.0,12,1,13,D,Phoenix Coyotes,3,58,2,3,5,20,2010,1.6666666666666667
13,698.0,Derek Forbort,23.0,LAK,516.0,17.0,79.0,96.0,25.0,303.0,15.0,0.0,2.0,4.0,77.0,0.0,2.0,502.0,7.1,30.0,154:38,20:47,0.0,0.0,0.0,889.0,893.0,101.0,386.0,14,1,15,D,Los Angeles Kings,10,501,17,79,96,301,2010,9.6
20,719.0,Jarred Tinordi,22.0,MTL,206.0,4.0,23.0,27.0,-77.0,220.0,4.0,0.0,0.0,2.0,21.0,0.0,2.0,160.0,0.0,16.0,156:52,17:22,0.0,0.0,0.0,306.0,574.0,31.0,78.0,21,1,22,D,Montréal Canadiens,9,205,4,26,30,234,2010,3.333333333333333
21,680.0,Mark Pysyk,23.0,BUF,458.0,26.0,66.0,92.0,0.0,146.0,26.0,0.0,0.0,2.0,63.0,1.0,2.0,483.0,50.0,10.0,127:15,18:46,0.0,0.0,0.0,510.0,469.0,164.0,243.0,22,1,23,D,Buffalo Sabres,11,521,28,76,104,162,2010,9.454545454545457
33,677.0,Alexander Petrovic,22.0,FLA,286.0,5.0,46.0,51.0,-21.0,353.0,5.0,0.0,0.0,1.0,45.0,0.0,1.0,293.0,0.0,60.0,536:34,18:09,0.0,0.0,0.0,345.0,715.0,64.0,152.0,35,2,36,D,Florida Panthers,9,266,5,45,50,362,2010,5.555555555555555
34,91.0,Justin Faulk,22.0,CAR,722.0,108.0,249.0,357.0,-33.0,367.0,68.0,38.0,2.0,29.0,172.0,73.0,4.0,1834.0,6.3,463.0,2002:56,24:26,0.0,0.0,0.0,982.0,1220.0,449.0,476.0,36,2,37,D,Carolina Hurricanes,14,932,127,307,434,458,2010,31.0
35,0.0,Jon Merrill,0.0,0,0.0,0.0,0.0,0.0,0.0,0.0,0.0,0.0,0.0,0.0,0.0,0.0,0.0,0.0,0.0,0.0,0,0,0.0,0.0,0.0,0.0,0.0,0.0,0.0,37,2,38,D,New Jersey Devils,12,636,22,90,112,309,2010,9.333333333333334
38,671.0,Patrik Nemeth,22.0,DAL,548.0,13.0,67.0,80.0,11.0,254.0,13.0,0.0,0.0,2.0,62.0,1.0,4.0,537.0,0.0,41.0,356:38,22:02,0.0,0.0,0.0,877.0,819.0,74.0,227.0,40,2,41,D,Dallas Stars,10,504,10,60,70,240,2010,7.0
40,0.0,Brad Ross,0.0,0,0.0,0.0,0.0,0.0,0.0,0.0,0.0,0.0,0.0,0.0,0.0,0.0,0.0,0.0,0.0,0.0,0,0,0.0,0.0,0.0,0.0,0.0,0.0,0.0,42,2,43,D,Toronto Maple Leafs,0,0,0,0,0,0,2010,0.0
43,0.0,Martin Marincin,0.0,0,0.0,0.0,0.0,0.0,0.0,0.0,0.0,0.0,0.0,0.0,0.0,0.0,0.0,0.0,0.0,0.0,0,0,0.0,0.0,0.0,0.0,0.0,0.0,0.0,45,2,46,D,Edmonton Oilers,7,227,5,29,34,110,2010,4.857142857142857
49,809.0,Mark Alt,23.0,PHI,35.0,0.0,0.0,0.0,-3.0,6.0,0.0,0.0,0.0,0.0,0.0,0.0,0.0,27.0,0.0,6.0,9:25,9:55,0.0,0.0,0.0,39.0,37.0,6.0,8.0,52,2,53,D,Carolina Hurricanes,4,20,0,0,0,4,2010,0.0
50,747.0,Justin Holl,26.0,TOR,323.0,11.0,76.0,87.0,66.0,172.0,10.0,0.0,1.0,4.0,73.0,0.0,3.0,292.0,100.0,4.0,34:43,21:04,0.0,0.0,0.0,457.0,521.0,93.0,237.0,53,2,54,D,Chicago Blackhawks,8,345,12,78,90,178,2010,11.25
55,670.0,Stephen Johns,23.0,DAL,167.0,15.0,18.0,33.0,-6.0,93.0,15.0,0.0,0.0,3.0,16.0,1.0,1.0,255.0,7.7,30.0,249:37,18:15,0.0,0.0,0.0,326.0,465.0,56.0,111.0,59,2,60,D,Chicago Blackhawks,6,167,15,18,33,93,2010,5.5
58,0.0,Brock Beukeboom,0.0,0,0.0,0.0,0.0,0.0,0.0,0.0,0.0,0.0,0.0,0.0,0.0,0.0,0.0,0.0,0.0,0.0,0,0,0.0,0.0,0.0,0.0,0.0,0.0,0.0,62,3,63,D,Tampa Bay Lightning,0,0,0,0,0,0,2010,0.0
61,617.0,Radko Gudas,24.0,TBL,653.0,34.0,121.0,155.0,82.0,781.0,33.0,0.0,1.0,4.0,118.0,1.0,2.0,1076.0,3.2,132.0,527:00,19:51,0.0,0.0,0.0,1143.0,2437.0,165.0,418.0,65,3,66,D,Tampa Bay Lightning,13,777,39,146,185,1007,2010,14.23076923076923
62,687.0,Danny Biega,23.0,CAR,10.0,0.0,2.0,2.0,-5.0,0.0,0.0,0.0,0.0,0.0,2.0,0.0,0.0,7.0,0.0,25.0,161:25,16:09,0.0,0.0,0.0,7.0,27.0,1.0,7.0,66,3,67,D,Carolina Hurricanes,1,10,0,2,2,0,2010,2.0
63,0.0,Jérôme Leduc,0.0,0,0.0,0.0,0.0,0.0,0.0,0.0,0.0,0.0,0.0,0.0,0.0,0.0,0.0,0.0,0.0,0.0,0,0,0.0,0.0,0.0,0.0,0.0,0.0,0.0,67,3,68,D,Buffalo Sabres,0,0,0,0,0,0,2010,0.0
67,0.0,Adam Janosik,0.0,0,0.0,0.0,0.0,0.0,0.0,0.0,0.0,0.0,0.0,0.0,0.0,0.0,0.0,0.0,0.0,0.0,0,0,0.0,0.0,0.0,0.0,0.0,0.0,0.0,71,3,72,D,Tampa Bay Lightning,0,0,0,0,0,0,2010,0.0
68,0.0,Joey Leach,0.0,0,0.0,0.0,0.0,0.0,0.0,0.0,0.0,0.0,0.0,0.0,0.0,0.0,0.0,0.0,0.0,0.0,0,0,0.0,0.0,0.0,0.0,0.0,0.0,0.0,72,3,73,D,Calgary Flames,0,0,0,0,0,0,2010,0.0
73,0.0,Taylor Aronson,0.0,0,0.0,0.0,0.0,0.0,0.0,0.0,0.0,0.0,0.0,0.0,0.0,0.0,0.0,0.0,0.0,0.0,0,0,0.0,0.0,0.0,0.0,0.0,0.0,0.0,77,3,78,D,Nashville Predators,0,0,0,0,0,0,2010,0.0
78,0.0,Matt MacKenzie,0.0,0,0.0,0.0,0.0,0.0,0.0,0.0,0.0,0.0,0.0,0.0,0.0,0.0,0.0,0.0,0.0,0.0,0,0,0.0,0.0,0.0,0.0,0.0,0.0,0.0,82,3,83,D,Buffalo Sabres,0,0,0,0,0,0,2010,0.0
79,0.0,Austin Levi,0.0,0,0.0,0.0,0.0,0.0,0.0,0.0,0.0,0.0,0.0,0.0,0.0,0.0,0.0,0.0,0.0,0.0,0,0,0.0,0.0,0.0,0.0,0.0,0.0,0.0,84,3,85,D,Carolina Hurricanes,0,0,0,0,0,0,2010,0.0
81,917.0,Julian Melchiori,24.0,WPG,29.0,0.0,2.0,2.0,1.0,8.0,0.0,0.0,0.0,0.0,2.0,0.0,0.0,27.0,0.0,21.0,149:33,18:22,0.0,0.0,0.0,40.0,48.0,6.0,23.0,86,3,87,D,Atlanta Thrashers,3,30,0,2,2,8,2010,0.6666666666666666
85,0.0,Jérémie Blain,0.0,0,0.0,0.0,0.0,0.0,0.0,0.0,0.0,0.0,0.0,0.0,0.0,0.0,0.0,0.0,0.0,0.0,0,0,0.0,0.0,0.0,0.0,0.0,0.0,0.0,90,4,91,D,Edmonton Oilers,0,0,0,0,0,0,2010,0.0
86,0.0,Benjamin Gallacher,0.0,0,0.0,0.0,0.0,0.0,0.0,0.0,0.0,0.0,0.0,0.0,0.0,0.0,0.0,0.0,0.0,0.0,0,0,0.0,0.0,0.0,0.0,0.0,0.0,0.0,92,4,93,D,Florida Panthers,0,0,0,0,0,0,2010,0.0
87,0.0,Brandon Archibald,0.0,0,0.0,0.0,0.0,0.0,0.0,0.0,0.0,0.0,0.0,0.0,0.0,0.0,0.0,0.0,0.0,0.0,0,0,0.0,0.0,0.0,0.0,0.0,0.0,0.0,93,4,94,D,Columbus Blue Jackets,0,0,0,0,0,0,2010,0.0
88,0.0,Stephen Silas,0.0,0,0.0,0.0,0.0,0.0,0.0,0.0,0.0,0.0,0.0,0.0,0.0,0.0,0.0,0.0,0.0,0.0,0,0,0.0,0.0,0.0,0.0,0.0,0.0,0.0,94,4,95,D,Colorado Avalanche,0,0,0,0,0,0,2010,0.0
89,0.0,Geoff Schemitsch,0.0,0,0.0,0.0,0.0,0.0,0.0,0.0,0.0,0.0,0.0,0.0,0.0,0.0,0.0,0.0,0.0,0.0,0,0,0.0,0.0,0.0,0.0,0.0,0.0,0.0,95,4,96,D,Tampa Bay Lightning,0,0,0,0,0,0,2010,0.0
95,929.0,John Ramage,23.0,CGY,2.0,0.0,0.0,0.0,-3.0,0.0,0.0,0.0,0.0,0.0,0.0,0.0,0.0,4.0,0.0,4.0,18:10,18:10,0.0,0.0,0.0,6.0,4.0,0.0,0.0,102,4,103,D,Calgary Flames,2,2,0,0,0,0,2010,0.0
96,0.0,Jani Hakanpää,0.0,0,0.0,0.0,0.0,0.0,0.0,0.0,0.0,0.0,0.0,0.0,0.0,0.0,0.0,0.0,0.0,0.0,0,0,0.0,0.0,0.0,0.0,0.0,0.0,0.0,103,4,104,D,St. Louis Blues,6,290,15,30,45,173,2010,7.5
100,0.0,Alex Theriau,0.0,0,0.0,0.0,0.0,0.0,0.0,0.0,0.0,0.0,0.0,0.0,0.0,0.0,0.0,0.0,0.0,0.0,0,0,0.0,0.0,0.0,0.0,0.0,0.0,0.0,108,4,109,D,Dallas Stars,0,0,0,0,0,0,2010,0.0
104,0.0,Joe Faust,0.0,0,0.0,0.0,0.0,0.0,0.0,0.0,0.0,0.0,0.0,0.0,0.0,0.0,0.0,0.0,0.0,0.0,0,0,0.0,0.0,0.0,0.0,0.0,0.0,0.0,113,4,114,D,New Jersey Devils,0,0,0,0,0,0,2010,0.0
105,0.0,Patrick McNally,0.0,0,0.0,0.0,0.0,0.0,0.0,0.0,0.0,0.0,0.0,0.0,0.0,0.0,0.0,0.0,0.0,0.0,0,0,0.0,0.0,0.0,0.0,0.0,0.0,0.0,114,4,115,D,Vancouver Canucks,0,0,0,0,0,0,2010,0.0
106,865.0,Petter Granberg,22.0,TOR,44.0,0.0,2.0,2.0,2.0,29.0,0.0,0.0,0.0,0.0,2.0,0.0,0.0,17.0,0.0,2.0,80:06,9:38,0.0,0.0,0.0,42.0,81.0,2.0,11.0,115,4,116,D,Toronto Maple Leafs,4,45,0,2,2,29,2010,0.5
107,857.0,Morgan Ellis,23.0,MTL,3.0,0.0,0.0,0.0,0.0,2.0,0.0,0.0,0.0,0.0,0.0,0.0,0.0,3.0,0.0,7.0,26:52,8:57,0.0,0.0,0.0,2.0,1.0,0.0,2.0,116,4,117,D,Montréal Canadiens,1,3,0,0,0,2,2010,0.0
113,0.0,Austin Madaisky,0.0,0,0.0,0.0,0.0,0.0,0.0,0.0,0.0,0.0,0.0,0.0,0.0,0.0,0.0,0.0,0.0,0.0,0,0,0.0,0.0,0.0,0.0,0.0,0.0,0.0,123,5,124,D,Columbus Blue Jackets,0,0,0,0,0,0,2010,0.0
114,0.0,Tony DeHart,0.0,0,0.0,0.0,0.0,0.0,0.0,0.0,0.0,0.0,0.0,0.0,0.0,0.0,0.0,0.0,0.0,0.0,0,0,0.0,0.0,0.0,0.0,0.0,0.0,0.0,124,5,125,D,New York Islanders,0,0,0,0,0,0,2010,0.0
119,152.0,John Klingberg,22.0,DAL,700.0,91.0,354.0,445.0,-65.0,289.0,68.0,23.0,0.0,27.0,207.0,147.0,0.0,1355.0,11.2,237.0,1419:42,24:32,0.0,0.0,0.0,832.0,484.0,273.0,720.0,130,5,131,D,Dallas Stars,10,633,81,331,412,255,2010,41.2
120,872.0,Tim Heed,26.0,SJS,105.0,6.0,23.0,29.0,-1.0,20.0,3.0,3.0,0.0,2.0,17.0,6.0,0.0,137.0,0.0,4.0,16:29,16:29,0.0,0.0,0.0,98.0,40.0,37.0,61.0,131,5,132,D,Anaheim Ducks,4,105,6,23,29,20,2010,7.25
124,0.0,Isaac MacLeod,0.0,0,0.0,0.0,0.0,0.0,0.0,0.0,0.0,0.0,0.0,0.0,0.0,0.0,0.0,0.0,0.0,0.0,0,0,0.0,0.0,0.0,0.0,0.0,0.0,0.0,135,5,136,D,San Jose Sharks,0,0,0,0,0,0,2010,0.0
125,0.0,Troy Rutkowski,0.0,0,0.0,0.0,0.0,0.0,0.0,0.0,0.0,0.0,0.0,0.0,0.0,0.0,0.0,0.0,0.0,0.0,0,0,0.0,0.0,0.0,0.0,0.0,0.0,0.0,136,5,137,D,Colorado Avalanche,0,0,0,0,0,0,2010,0.0
131,0.0,Adam Polasek,0.0,0,0.0,0.0,0.0,0.0,0.0,0.0,0.0,0.0,0.0,0.0,0.0,0.0,0.0,0.0,0.0,0.0,0,0,0.0,0.0,0.0,0.0,0.0,0.0,0.0,144,5,145,D,Vancouver Canucks,0,0,0,0,0,0,2010,0.0
134,869.0,Kevin Gravel,23.0,LAK,132.0,1.0,13.0,14.0,-12.0,16.0,0.0,1.0,0.0,0.0,11.0,2.0,0.0,140.0,0.0,12.0,58:23,14:43,0.0,0.0,0.0,176.0,149.0,11.0,64.0,147,5,148,D,Los Angeles Kings,7,134,1,14,15,16,2010,2.142857142857143
138,0.0,Joe Rogalski,0.0,0,0.0,0.0,0.0,0.0,0.0,0.0,0.0,0.0,0.0,0.0,0.0,0.0,0.0,0.0,0.0,0.0,0,0,0.0,0.0,0.0,0.0,0.0,0.0,0.0,151,6,152,D,Pittsburgh Penguins,0,0,0,0,0,0,2010,0.0
140,564.0,Dalton Prout,24.0,CBJ,211.0,4.0,27.0,31.0,-23.0,303.0,4.0,0.0,0.0,0.0,27.0,0.0,0.0,180.0,0.0,130.0,1160:10,18:25,0.0,0.0,0.0,228.0,439.0,22.0,81.0,153,6,154,D,Columbus Blue Jackets,9,264,7,31,38,321,2010,4.222222222222222
141,0.0,Kendall McFaull,0.0,0,0.0,0.0,0.0,0.0,0.0,0.0,0.0,0.0,0.0,0.0,0.0,0.0,0.0,0.0,0.0,0.0,0,0,0.0,0.0,0.0,0.0,0.0,0.0,0.0,154,6,155,D,Atlanta Thrashers,0,0,0,0,0,0,2010,0.0
147,743.0,Brandon Davidson,23.0,EDM,281.0,13.0,20.0,33.0,-42.0,125.0,11.0,2.0,0.0,0.0,17.0,0.0,3.0,328.0,14.3,20.0,181:39,19:12,0.0,0.0,0.0,474.0,465.0,71.0,198.0,161,6,162,D,Edmonton Oilers,7,180,9,14,23,82,2010,3.2857142857142856
148,0.0,Konrad Abeltshauser,0.0,0,0.0,0.0,0.0,0.0,0.0,0.0,0.0,0.0,0.0,0.0,0.0,0.0,0.0,0.0,0.0,0.0,0,0,0.0,0.0,0.0,0.0,0.0,0.0,0.0,162,6,163,D,San Jose Sharks,0,0,0,0,0,0,2010,0.0
151,0.0,Tyler Stahl,0.0,0,0.0,0.0,0.0,0.0,0.0,0.0,0.0,0.0,0.0,0.0,0.0,0.0,0.0,0.0,0.0,0.0,0,0,0.0,0.0,0.0,0.0,0.0,0.0,0.0,166,6,167,D,Carolina Hurricanes,0,0,0,0,0,0,2010,0.0
152,819.0,Anthony Bitetto,24.0,NSH,233.0,3.0,31.0,34.0,-22.0,154.0,3.0,0.0,0.0,1.0,29.0,1.0,1.0,189.0,0.0,7.0,82:27,15:10,1.0,0.0,100.0,231.0,480.0,41.0,86.0,167,6,168,D,Nashville Predators,7,197,3,28,31,142,2010,4.428571428571429
153,0.0,Sebastian Owuya,0.0,0,0.0,0.0,0.0,0.0,0.0,0.0,0.0,0.0,0.0,0.0,0.0,0.0,0.0,0.0,0.0,0.0,0,0,0.0,0.0,0.0,0.0,0.0,0.0,0.0,168,6,169,D,Atlanta Thrashers,0,0,0,0,0,0,2010,0.0
154,0.0,Reid McNeill,0.0,0,0.0,0.0,0.0,0.0,0.0,0.0,0.0,0.0,0.0,0.0,0.0,0.0,0.0,0.0,0.0,0.0,0,0,0.0,0.0,0.0,0.0,0.0,0.0,0.0,169,6,170,D,Pittsburgh Penguins,0,0,0,0,0,0,2010,0.0
158,0.0,Samuel Carrier,0.0,0,0.0,0.0,0.0,0.0,0.0,0.0,0.0,0.0,0.0,0.0,0.0,0.0,0.0,0.0,0.0,0.0,0,0,0.0,0.0,0.0,0.0,0.0,0.0,0.0,175,6,176,D,Washington Capitals,0,0,0,0,0,0,2010,0.0
159,0.0,Kevin Lind,0.0,0,0.0,0.0,0.0,0.0,0.0,0.0,0.0,0.0,0.0,0.0,0.0,0.0,0.0,0.0,0.0,0.0,0,0,0.0,0.0,0.0,0.0,0.0,0.0,0.0,176,6,177,D,Anaheim Ducks,0,0,0,0,0,0,2010,0.0
161,0.0,Nick Luukko,0.0,0,0.0,0.0,0.0,0.0,0.0,0.0,0.0,0.0,0.0,0.0,0.0,0.0,0.0,0.0,0.0,0.0,0,0,0.0,0.0,0.0,0.0,0.0,0.0,0.0,178,6,179,D,Philadelphia Flyers,0,0,0,0,0,0,2010,0.0
162,0.0,Nick Mattson,0.0,0,0.0,0.0,0.0,0.0,0.0,0.0,0.0,0.0,0.0,0.0,0.0,0.0,0.0,0.0,0.0,0.0,0,0,0.0,0.0,0.0,0.0,0.0,0.0,0.0,179,6,180,D,Chicago Blackhawks,0,0,0,0,0,0,2010,0.0
165,0.0,Ronald Boyd,0.0,0,0.0,0.0,0.0,0.0,0.0,0.0,0.0,0.0,0.0,0.0,0.0,0.0,0.0,0.0,0.0,0.0,0,0,0.0,0.0,0.0,0.0,0.0,0.0,0.0,182,7,183,D,Florida Panthers,0,0,0,0,0,0,2010,0.0
166,0.0,Teigan Zahn,0.0,0,0.0,0.0,0.0,0.0,0.0,0.0,0.0,0.0,0.0,0.0,0.0,0.0,0.0,0.0,0.0,0.0,0,0,0.0,0.0,0.0,0.0,0.0,0.0,0.0,185,7,186,D,Tampa Bay Lightning,0,0,0,0,0,0,2010,0.0
167,0.0,Lee Moffie,0.0,0,0.0,0.0,0.0,0.0,0.0,0.0,0.0,0.0,0.0,0.0,0.0,0.0,0.0,0.0,0.0,0.0,0,0,0.0,0.0,0.0,0.0,0.0,0.0,0.0,187,7,188,D,San Jose Sharks,0,0,0,0,0,0,2010,0.0
173,0.0,Maxim Chudinov,0.0,0,0.0,0.0,0.0,0.0,0.0,0.0,0.0,0.0,0.0,0.0,0.0,0.0,0.0,0.0,0.0,0.0,0,0,0.0,0.0,0.0,0.0,0.0,0.0,0.0,194,7,195,D,Boston Bruins,0,0,0,0,0,0,2010,0.0
174,0.0,Bryce Aneloski,0.0,0,0.0,0.0,0.0,0.0,0.0,0.0,0.0,0.0,0.0,0.0,0.0,0.0,0.0,0.0,0.0,0.0,0,0,0.0,0.0,0.0,0.0,0.0,0.0,0.0,195,7,196,D,Ottawa Senators,0,0,0,0,0,0,2010,0.0
177,0.0,Peter Stoykewych,0.0,0,0.0,0.0,0.0,0.0,0.0,0.0,0.0,0.0,0.0,0.0,0.0,0.0,0.0,0.0,0.0,0.0,0,0,0.0,0.0,0.0,0.0,0.0,0.0,0.0,198,7,199,D,Atlanta Thrashers,0,0,0,0,0,0,2010,0.0
179,0.0,Ben Marshall,0.0,0,0.0,0.0,0.0,0.0,0.0,0.0,0.0,0.0,0.0,0.0,0.0,0.0,0.0,0.0,0.0,0.0,0,0,0.0,0.0,0.0,0.0,0.0,0.0,0.0,200,7,201,D,Detroit Red Wings,0,0,0,0,0,0,2010,0.0
183,0.0,Sawyer Hannay,0.0,0,0.0,0.0,0.0,0.0,0.0,0.0,0.0,0.0,0.0,0.0,0.0,0.0,0.0,0.0,0.0,0.0,0,0,0.0,0.0,0.0,0.0,0.0,0.0,0.0,204,7,205,D,Vancouver Canucks,0,0,0,0,0,0,2010,0.0
184,0.0,Ricard Blidstrand,0.0,0,0.0,0.0,0.0,0.0,0.0,0.0,0.0,0.0,0.0,0.0,0.0,0.0,0.0,0.0,0.0,0.0,0,0,0.0,0.0,0.0,0.0,0.0,0.0,0.0,205,7,206,D,Philadelphia Flyers,0,0,0,0,0,0,2010,0.0
188,626.0,Zach Trotman,24.0,BOS,89.0,3.0,10.0,13.0,1.0,30.0,3.0,0.0,0.0,1.0,9.0,1.0,0.0,139.0,2.2,109.0,443:01,18:33,0.0,0.0,0.0,112.0,157.0,6.0,33.0,209,7,210,D,Boston Bruins,6,91,3,10,13,30,2010,2.1666666666666665
192,304.0,Adam Larsson,22.0,NJD,720.0,42.0,144.0,186.0,32.0,460.0,41.0,0.0,1.0,9.0,137.0,1.0,6.0,955.0,3.3,181.0,1341:37,23:38,0.0,0.0,0.0,1374.0,1849.0,227.0,408.0,213,1,4,D,New Jersey Devils,14,880,46,173,219,521,2011,15.642857142857142
197,136.0,Dougie Hamilton,21.0,BOS,665.0,130.0,290.0,420.0,42.0,440.0,91.0,38.0,1.0,29.0,188.0,100.0,2.0,2012.0,5.3,393.0,1535:30,23:17,0.0,0.0,0.0,753.0,768.0,209.0,524.0,218,1,9,D,Boston Bruins,13,804,147,335,482,510,2011,37.07692307692308
198,396.0,Jonas Brodin,21.0,MIN,679.0,44.0,166.0,210.0,90.0,212.0,39.0,4.0,1.0,10.0,140.0,20.0,6.0,941.0,3.2,186.0,1716:18,24:10,0.0,0.0,0.0,1210.0,369.0,226.0,234.0,219,1,10,D,Minnesota Wild,13,824,56,193,249,248,2011,19.153846153846157
199,944.0,Duncan Siemens,21.0,COL,20.0,1.0,1.0,2.0,-7.0,25.0,1.0,0.0,0.0,0.0,1.0,0.0,0.0,16.0,0.0,0.0,14:00,14:00,0.0,0.0,0.0,22.0,34.0,2.0,7.0,220,1,11,D,Colorado Avalanche,3,20,1,1,2,25,2011,0.6666666666666666
200,470.0,Ryan Murphy,21.0,CAR,126.0,6.0,26.0,32.0,-13.0,42.0,2.0,4.0,0.0,1.0,21.0,5.0,0.0,152.0,6.6,127.0,676:45,9:37,0.0,0.0,0.0,115.0,54.0,45.0,68.0,221,1,12,D,Carolina Hurricanes,7,175,8,35,43,54,2011,6.142857142857143
202,562.0,Jamie Oleksiak,22.0,DAL,700.0,45.0,111.0,156.0,16.0,569.0,43.0,2.0,0.0,8.0,107.0,0.0,4.0,793.0,2.8,61.0,482:22,20:29,0.0,0.0,0.0,923.0,1524.0,232.0,421.0,223,1,14,D,Dallas Stars,13,630,38,97,135,461,2011,10.384615384615383
205,531.0,Nathan Beaulieu,22.0,MTL,496.0,15.0,91.0,106.0,-19.0,371.0,12.0,3.0,0.0,2.0,73.0,17.0,1.0,562.0,1.6,147.0,1004:45,19:29,0.0,0.0,0.0,585.0,508.0,84.0,319.0,226,1,17,D,Montréal Canadiens,11,471,12,86,98,340,2011,8.909090909090908
207,354.0,Oscar Klefbom,21.0,EDM,361.0,33.0,120.0,153.0,-58.0,74.0,25.0,7.0,1.0,7.0,70.0,49.0,1.0,876.0,2.0,227.0,1319:56,25:25,0.0,0.0,0.0,728.0,247.0,176.0,298.0,228,1,19,D,Edmonton Oilers,10,378,34,122,156,74,2011,15.6
208,581.0,Connor Murphy,21.0,ARI,647.0,40.0,93.0,133.0,-66.0,427.0,35.0,2.0,3.0,5.0,89.0,2.0,2.0,849.0,5.6,160.0,1226:27,22:09,0.0,1.0,0.0,1276.0,1411.0,155.0,357.0,229,1,20,D,Phoenix Coyotes,12,708,42,110,152,469,2011,12.666666666666666
211,0.0,Joe Morrow,0.0,0,0.0,0.0,0.0,0.0,0.0,0.0,0.0,0.0,0.0,0.0,0.0,0.0,0.0,0.0,0.0,0.0,0,0,0.0,0.0,0.0,0.0,0.0,0.0,0.0,232,1,23,D,Pittsburgh Penguins,5,162,9,23,32,62,2011,6.4
213,676.0,Stuart Percy,21.0,TOR,12.0,0.0,3.0,3.0,-6.0,2.0,0.0,0.0,0.0,0.0,1.0,2.0,0.0,14.0,0.0,24.0,162:42,18:05,0.0,0.0,0.0,16.0,18.0,8.0,13.0,234,1,25,D,Toronto Maple Leafs,2,12,0,3,3,2,2011,1.5
219,706.0,David Musil,21.0,EDM,4.0,0.0,2.0,2.0,-2.0,2.0,0.0,0.0,0.0,0.0,2.0,0.0,0.0,3.0,0.0,7.0,79:13,19:48,0.0,0.0,0.0,8.0,5.0,1.0,2.0,240,2,31,D,Edmonton Oilers,1,4,0,2,2,2,2011,2.0
222,789.0,Scott Mayfield,23.0,NYI,464.0,25.0,91.0,116.0,13.0,423.0,24.0,0.0,1.0,4.0,88.0,0.0,3.0,617.0,25.0,12.0,102:39,21:02,0.0,0.0,0.0,891.0,667.0,93.0,382.0,243,2,34,D,New York Islanders,12,500,26,95,121,451,2011,10.083333333333334
224,653.0,Adam Clendening,22.0,2TM,140.0,6.0,29.0,35.0,19.0,79.0,3.0,3.0,0.0,0.0,24.0,5.0,0.0,165.0,5.9,49.0,349:23,17:27,0.0,0.0,0.0,148.0,81.0,25.0,90.0,245,2,36,D,Chicago Blackhawks,5,90,4,20,24,42,2011,4.8
232,520.0,Joel Edmundson,22.0,STL,583.0,30.0,86.0,116.0,19.0,484.0,30.0,0.0,0.0,2.0,85.0,0.0,1.0,764.0,1.1,187.0,1000:16,20:44,0.0,0.0,0.0,903.0,1080.0,104.0,398.0,255,2,46,D,St. Louis Blues,10,558,33,86,119,475,2011,11.9
234,674.0,Xavier Ouellet,21.0,DET,174.0,5.0,23.0,28.0,-3.0,80.0,5.0,0.0,0.0,0.0,23.0,0.0,0.0,222.0,7.4,66.0,344:12,17:58,0.0,0.0,0.0,199.0,198.0,26.0,62.0,257,2,48,D,Detroit Red Wings,8,178,5,23,28,82,2011,3.5
239,874.0,Scott Harrington,21.0,PIT,300.0,15.0,45.0,60.0,-23.0,97.0,15.0,0.0,0.0,3.0,43.0,0.0,2.0,232.0,0.0,17.0,158:00,18:20,0.0,0.0,0.0,408.0,329.0,39.0,60.0,263,2,54,D,Pittsburgh Penguins,9,255,11,38,49,87,2011,5.444444444444445
240,588.0,Ryan Sproul,24.0,DET,43.0,2.0,10.0,12.0,-14.0,12.0,1.0,1.0,0.0,0.0,7.0,3.0,0.0,61.0,2.2,81.0,408:59,16:22,0.0,0.0,0.0,31.0,18.0,10.0,15.0,264,2,55,D,Detroit Red Wings,3,44,2,10,12,12,2011,4.0
242,970.0,Tyler Wotherspoon,21.0,CGY,16.0,0.0,1.0,1.0,-5.0,0.0,0.0,0.0,0.0,0.0,1.0,0.0,0.0,14.0,0.0,5.0,20:19,20:19,0.0,0.0,0.0,22.0,17.0,2.0,10.0,266,2,57,D,Calgary Flames,4,30,0,5,5,4,2011,1.25
244,0.0,Rasmus Bengtsson,0.0,0,0.0,0.0,0.0,0.0,0.0,0.0,0.0,0.0,0.0,0.0,0.0,0.0,0.0,0.0,0.0,0.0,0,0,0.0,0.0,0.0,0.0,0.0,0.0,0.0,268,2,59,D,Florida Panthers,0,0,0,0,0,0,2011,0.0
247,0.0,Andrei Pedan,0.0,0,0.0,0.0,0.0,0.0,0.0,0.0,0.0,0.0,0.0,0.0,0.0,0.0,0.0,0.0,0.0,0.0,0,0,0.0,0.0,0.0,0.0,0.0,0.0,0.0,272,3,63,D,New York Islanders,1,13,0,0,0,18,2011,0.0
254,776.0,Michael Paliotta,21.0,CHI,2.0,0.0,1.0,1.0,0.0,4.0,0.0,0.0,0.0,0.0,1.0,0.0,0.0,4.0,0.0,3.0,12:45,7:32,0.0,0.0,0.0,3.0,0.0,0.0,0.0,279,3,70,D,Chicago Blackhawks,2,2,0,1,1,4,2011,0.5
256,898.0,Keegan Lowe,21.0,CAR,4.0,0.0,0.0,0.0,-3.0,10.0,0.0,0.0,0.0,0.0,0.0,0.0,0.0,4.0,0.0,4.0,27:41,13:54,0.0,0.0,0.0,5.0,4.0,3.0,1.0,282,3,73,D,Carolina Hurricanes,2,4,0,0,0,10,2011,0.0
261,0.0,Brennan Serville,0.0,0,0.0,0.0,0.0,0.0,0.0,0.0,0.0,0.0,0.0,0.0,0.0,0.0,0.0,0.0,0.0,0.0,0,0,0.0,0.0,0.0,0.0,0.0,0.0,0.0,287,3,78,D,Winnipeg Jets,0,0,0,0,0,0,2011,0.0
262,649.0,Klas Dahlbeck,23.0,2TM,193.0,7.0,20.0,27.0,-39.0,95.0,7.0,0.0,0.0,0.0,19.0,0.0,1.0,184.0,5.0,54.0,406:10,19:11,0.0,0.0,0.0,240.0,457.0,46.0,51.0,288,3,79,D,Chicago Blackhawks,4,170,6,17,23,87,2011,5.75
266,768.0,Andy Welinski,24.0,ANA,46.0,1.0,5.0,6.0,-2.0,8.0,1.0,0.0,0.0,0.0,5.0,0.0,0.0,54.0,0.0,14.0,113:13,16:10,0.0,0.0,0.0,33.0,65.0,9.0,27.0,292,3,83,D,Anaheim Ducks,3,46,1,5,6,8,2011,2.0
267,0.0,Harrison Ruopp,0.0,0,0.0,0.0,0.0,0.0,0.0,0.0,0.0,0.0,0.0,0.0,0.0,0.0,0.0,0.0,0.0,0.0,0,0,0.0,0.0,0.0,0.0,0.0,0.0,0.0,293,3,84,D,Phoenix Coyotes,0,0,0,0,0,0,2011,0.0
270,0.0,Jonathan Racine,0.0,0,0.0,0.0,0.0,0.0,0.0,0.0,0.0,0.0,0.0,0.0,0.0,0.0,0.0,0.0,0.0,0.0,0,0,0.0,0.0,0.0,0.0,0.0,0.0,0.0,296,3,87,D,Florida Panthers,1,1,0,0,0,2,2011,0.0
271,0.0,Justin Sefton,0.0,0,0.0,0.0,0.0,0.0,0.0,0.0,0.0,0.0,0.0,0.0,0.0,0.0,0.0,0.0,0.0,0.0,0,0,0.0,0.0,0.0,0.0,0.0,0.0,0.0,298,3,89,D,San Jose Sharks,0,0,0,0,0,0,2011,0.0
274,958.0,Dillon Simpson,0.0,EDM,3.0,0.0,0.0,0.0,0.0,2.0,0.0,0.0,0.0,0.0,0.0,0.0,0.0,2.0,0.0,5.0,32:39,10:53,0.0,0.0,0.0,2.0,3.0,0.0,1.0,301,4,92,D,Edmonton Oilers,1,3,0,0,0,2,2011,0.0
277,953.0,Robbie Russo,23.0,DET,19.0,0.0,0.0,0.0,2.0,2.0,0.0,0.0,0.0,0.0,0.0,0.0,0.0,18.0,0.0,40.0,305:19,16:04,0.0,0.0,0.0,13.0,24.0,0.0,13.0,304,4,95,D,New York Islanders,1,19,0,0,0,2,2011,0.0
279,0.0,Josiah Didier,0.0,0,0.0,0.0,0.0,0.0,0.0,0.0,0.0,0.0,0.0,0.0,0.0,0.0,0.0,0.0,0.0,0.0,0,0,0.0,0.0,0.0,0.0,0.0,0.0,0.0,306,4,97,D,Montréal Canadiens,0,0,0,0,0,0,2011,0.0
280,567.0,Mike Reilly,22.0,MIN,617.0,27.0,180.0,207.0,-18.0,264.0,21.0,3.0,3.0,5.0,127.0,51.0,2.0,1042.0,3.7,51.0,350:24,21:04,0.0,0.0,0.0,520.0,562.0,116.0,397.0,307,4,98,D,Columbus Blue Jackets,10,411,18,104,122,164,2011,12.2
282,0.0,Tom Nilsson,0.0,0,0.0,0.0,0.0,0.0,0.0,0.0,0.0,0.0,0.0,0.0,0.0,0.0,0.0,0.0,0.0,0.0,0,0,0.0,0.0,0.0,0.0,0.0,0.0,0.0,309,4,100,D,Toronto Maple Leafs,0,0,0,0,0,0,2011,0.0
294,0.0,Garrett Noonan,0.0,0,0.0,0.0,0.0,0.0,0.0,0.0,0.0,0.0,0.0,0.0,0.0,0.0,0.0,0.0,0.0,0.0,0,0,0.0,0.0,0.0,0.0,0.0,0.0,0.0,321,4,112,D,Nashville Predators,0,0,0,0,0,0,2011,0.0
295,0.0,Magnus Nygren,0.0,0,0.0,0.0,0.0,0.0,0.0,0.0,0.0,0.0,0.0,0.0,0.0,0.0,0.0,0.0,0.0,0.0,0,0,0.0,0.0,0.0,0.0,0.0,0.0,0.0,322,4,113,D,Montréal Canadiens,0,0,0,0,0,0,2011,0.0
298,0.0,Colin Suellentrop,0.0,0,0.0,0.0,0.0,0.0,0.0,0.0,0.0,0.0,0.0,0.0,0.0,0.0,0.0,0.0,0.0,0.0,0,0,0.0,0.0,0.0,0.0,0.0,0.0,0.0,325,4,116,D,Philadelphia Flyers,0,0,0,0,0,0,2011,0.0
300,0.0,Zach Yuen,0.0,0,0.0,0.0,0.0,0.0,0.0,0.0,0.0,0.0,0.0,0.0,0.0,0.0,0.0,0.0,0.0,0.0,0,0,0.0,0.0,0.0,0.0,0.0,0.0,0.0,328,4,119,D,Winnipeg Jets,0,0,0,0,0,0,2011,0.0
303,0.0,Martin Gernát,0.0,0,0.0,0.0,0.0,0.0,0.0,0.0,0.0,0.0,0.0,0.0,0.0,0.0,0.0,0.0,0.0,0.0,0,0,0.0,0.0,0.0,0.0,0.0,0.0,0.0,331,5,122,D,Edmonton Oilers,0,0,0,0,0,0,2011,0.0
307,696.0,Fredrik Claesson,23.0,OTT,176.0,7.0,21.0,28.0,-7.0,74.0,7.0,0.0,0.0,0.0,19.0,0.0,2.0,157.0,0.0,35.0,308:38,9:52,0.0,0.0,0.0,198.0,359.0,39.0,111.0,335,5,126,D,Ottawa Senators,7,170,7,21,28,62,2011,4.0
308,0.0,Brenden Kichton,0.0,0,0.0,0.0,0.0,0.0,0.0,0.0,0.0,0.0,0.0,0.0,0.0,0.0,0.0,0.0,0.0,0.0,0,0,0.0,0.0,0.0,0.0,0.0,0.0,0.0,336,5,127,D,New York Islanders,0,0,0,0,0,0,2011,0.0
312,689.0,Nick Seeler,24.0,MIN,308.0,8.0,35.0,43.0,-3.0,278.0,8.0,0.0,0.0,1.0,30.0,0.0,5.0,310.0,0.0,39.0,319:46,16:57,0.0,0.0,0.0,616.0,469.0,32.0,109.0,340,5,131,D,Minnesota Wild,7,322,10,42,52,277,2011,7.428571428571429
315,0.0,Troy Vance,0.0,0,0.0,0.0,0.0,0.0,0.0,0.0,0.0,0.0,0.0,0.0,0.0,0.0,0.0,0.0,0.0,0.0,0,0,0.0,0.0,0.0,0.0,0.0,0.0,0.0,344,5,135,D,Dallas Stars,0,0,0,0,0,0,2011,0.0
316,0.0,Samuel Noreau,0.0,0,0.0,0.0,0.0,0.0,0.0,0.0,0.0,0.0,0.0,0.0,0.0,0.0,0.0,0.0,0.0,0.0,0,0,0.0,0.0,0.0,0.0,0.0,0.0,0.0,345,5,136,D,New York Rangers,0,0,0,0,0,0,2011,0.0
317,0.0,Alex Lepkowski,0.0,0,0.0,0.0,0.0,0.0,0.0,0.0,0.0,0.0,0.0,0.0,0.0,0.0,0.0,0.0,0.0,0.0,0,0,0.0,0.0,0.0,0.0,0.0,0.0,0.0,346,5,137,D,Buffalo Sabres,0,0,0,0,0,0,2011,0.0
318,605.0,Darren Dietz,22.0,MTL,13.0,1.0,4.0,5.0,-1.0,13.0,1.0,0.0,0.0,0.0,4.0,0.0,0.0,13.0,7.7,24.0,188:59,14:32,0.0,0.0,0.0,14.0,38.0,3.0,12.0,347,5,138,D,Montréal Canadiens,1,13,1,4,5,13,2011,5.0
322,0.0,Simon Karlsson,0.0,0,0.0,0.0,0.0,0.0,0.0,0.0,0.0,0.0,0.0,0.0,0.0,0.0,0.0,0.0,0.0,0.0,0,0,0.0,0.0,0.0,0.0,0.0,0.0,0.0,351,5,142,D,Nashville Predators,0,0,0,0,0,0,2011,0.0
326,0.0,Mattias Bäckman,0.0,0,0.0,0.0,0.0,0.0,0.0,0.0,0.0,0.0,0.0,0.0,0.0,0.0,0.0,0.0,0.0,0.0,0,0,0.0,0.0,0.0,0.0,0.0,0.0,0.0,355,5,146,D,Detroit Red Wings,0,0,0,0,0,0,2011,0.0
327,0.0,Patrick Koudys,0.0,0,0.0,0.0,0.0,0.0,0.0,0.0,0.0,0.0,0.0,0.0,0.0,0.0,0.0,0.0,0.0,0.0,0,0,0.0,0.0,0.0,0.0,0.0,0.0,0.0,356,5,147,D,Washington Capitals,0,0,0,0,0,0,2011,0.0
328,583.0,Nikita Nesterov,21.0,TBL,218.0,13.0,41.0,54.0,-10.0,125.0,8.0,5.0,0.0,0.0,36.0,5.0,0.0,260.0,4.5,89.0,433:28,16:35,0.0,0.0,0.0,120.0,347.0,43.0,117.0,357,5,148,D,Tampa Bay Lightning,4,170,9,28,37,101,2011,9.25
330,740.0,Frank Corrado,21.0,VAN,62.0,2.0,5.0,7.0,-22.0,44.0,2.0,0.0,0.0,0.0,4.0,1.0,0.0,66.0,12.5,16.0,156:41,7:33,0.0,0.0,0.0,59.0,74.0,5.0,26.0,359,5,150,D,Vancouver Canucks,6,76,3,5,8,40,2011,1.3333333333333333
331,932.0,Rob O'Gara,23.0,BOS,63.0,0.0,6.0,6.0,-13.0,12.0,0.0,0.0,0.0,0.0,6.0,0.0,0.0,44.0,0.0,3.0,48:02,17:10,0.0,0.0,0.0,95.0,87.0,8.0,16.0,360,5,151,D,Boston Bruins,2,33,0,3,3,6,2011,1.5
333,0.0,Gabriel Beaupré,0.0,0,0.0,0.0,0.0,0.0,0.0,0.0,0.0,0.0,0.0,0.0,0.0,0.0,0.0,0.0,0.0,0.0,0,0,0.0,0.0,0.0,0.0,0.0,0.0,0.0,362,6,153,D,Colorado Avalanche,0,0,0,0,0,0,2011,0.0
334,0.0,Eddie Wittchow,0.0,0,0.0,0.0,0.0,0.0,0.0,0.0,0.0,0.0,0.0,0.0,0.0,0.0,0.0,0.0,0.0,0.0,0,0,0.0,0.0,0.0,0.0,0.0,0.0,0.0,363,6,154,D,Florida Panthers,0,0,0,0,0,0,2011,0.0
338,0.0,Reece Scarlett,0.0,0,0.0,0.0,0.0,0.0,0.0,0.0,0.0,0.0,0.0,0.0,0.0,0.0,0.0,0.0,0.0,0.0,0,0,0.0,0.0,0.0,0.0,0.0,0.0,0.0,368,6,159,D,New Jersey Devils,0,0,0,0,0,0,2011,0.0
339,668.0,Josh Manson,23.0,ANA,645.0,44.0,127.0,171.0,41.0,637.0,42.0,0.0,2.0,7.0,122.0,0.0,5.0,846.0,0.0,55.0,516:09,22:18,0.0,0.0,0.0,745.0,1600.0,303.0,458.0,369,6,160,D,Anaheim Ducks,11,602,39,122,161,588,2011,14.636363636363637
344,0.0,Sam Jardine,0.0,0,0.0,0.0,0.0,0.0,0.0,0.0,0.0,0.0,0.0,0.0,0.0,0.0,0.0,0.0,0.0,0.0,0,0,0.0,0.0,0.0,0.0,0.0,0.0,0.0,378,6,169,D,Chicago Blackhawks,0,0,0,0,0,0,2011,0.0
347,0.0,Peter Ceresnak,0.0,0,0.0,0.0,0.0,0.0,0.0,0.0,0.0,0.0,0.0,0.0,0.0,0.0,0.0,0.0,0.0,0.0,0,0,0.0,0.0,0.0,0.0,0.0,0.0,0.0,381,6,172,D,New York Rangers,0,0,0,0,0,0,2011,0.0
348,0.0,Dennis Robertson,0.0,0,0.0,0.0,0.0,0.0,0.0,0.0,0.0,0.0,0.0,0.0,0.0,0.0,0.0,0.0,0.0,0.0,0,0,0.0,0.0,0.0,0.0,0.0,0.0,0.0,382,6,173,D,Toronto Maple Leafs,0,0,0,0,0,0,2011,0.0
350,0.0,Richard Nedomlel,0.0,0,0.0,0.0,0.0,0.0,0.0,0.0,0.0,0.0,0.0,0.0,0.0,0.0,0.0,0.0,0.0,0.0,0,0,0.0,0.0,0.0,0.0,0.0,0.0,0.0,384,6,175,D,Detroit Red Wings,0,0,0,0,0,0,2011,0.0
353,633.0,Dylan DeMelo,22.0,SJS,613.0,17.0,137.0,154.0,84.0,302.0,13.0,2.0,2.0,1.0,119.0,9.0,9.0,696.0,4.8,97.0,612:49,21:44,0.0,0.0,0.0,828.0,957.0,119.0,392.0,388,6,179,D,San Jose Sharks,10,586,17,132,149,279,2011,14.9
355,0.0,Dillon Donnelly,0.0,0,0.0,0.0,0.0,0.0,0.0,0.0,0.0,0.0,0.0,0.0,0.0,0.0,0.0,0.0,0.0,0.0,0,0,0.0,0.0,0.0,0.0,0.0,0.0,0.0,392,7,183,D,Colorado Avalanche,0,0,0,0,0,0,2011,0.0
358,0.0,Jordan Fransoo,0.0,0,0.0,0.0,0.0,0.0,0.0,0.0,0.0,0.0,0.0,0.0,0.0,0.0,0.0,0.0,0.0,0.0,0,0,0.0,0.0,0.0,0.0,0.0,0.0,0.0,395,7,186,D,Ottawa Senators,0,0,0,0,0,0,2011,0.0
359,0.0,Aaron Harstad,0.0,0,0.0,0.0,0.0,0.0,0.0,0.0,0.0,0.0,0.0,0.0,0.0,0.0,0.0,0.0,0.0,0.0,0,0,0.0,0.0,0.0,0.0,0.0,0.0,0.0,396,7,187,D,Winnipeg Jets,0,0,0,0,0,0,2011,0.0
360,0.0,Patrick Daly,0.0,0,0.0,0.0,0.0,0.0,0.0,0.0,0.0,0.0,0.0,0.0,0.0,0.0,0.0,0.0,0.0,0.0,0,0,0.0,0.0,0.0,0.0,0.0,0.0,0.0,398,7,189,D,New Jersey Devils,0,0,0,0,0,0,2011,0.0
362,0.0,Teemu Eronen,0.0,0,0.0,0.0,0.0,0.0,0.0,0.0,0.0,0.0,0.0,0.0,0.0,0.0,0.0,0.0,0.0,0.0,0,0,0.0,0.0,0.0,0.0,0.0,0.0,0.0,401,7,192,D,St. Louis Blues,0,0,0,0,0,0,2011,0.0
365,521.0,Jyrki Jokipakka,23.0,DAL,249.0,6.0,40.0,46.0,-2.0,60.0,6.0,0.0,0.0,2.0,40.0,0.0,0.0,188.0,0.0,101.0,842:03,17:54,0.0,0.0,0.0,262.0,242.0,56.0,157.0,404,7,195,D,Dallas Stars,3,150,3,25,28,34,2011,9.333333333333334
368,0.0,Colin Sullivan,0.0,0,0.0,0.0,0.0,0.0,0.0,0.0,0.0,0.0,0.0,0.0,0.0,0.0,0.0,0.0,0.0,0.0,0,0,0.0,0.0,0.0,0.0,0.0,0.0,0.0,407,7,198,D,Montréal Canadiens,0,0,0,0,0,0,2011,0.0
373,0.0,Max Everson,0.0,0,0.0,0.0,0.0,0.0,0.0,0.0,0.0,0.0,0.0,0.0,0.0,0.0,0.0,0.0,0.0,0.0,0,0,0.0,0.0,0.0,0.0,0.0,0.0,0.0,412,7,203,D,Toronto Maple Leafs,0,0,0,0,0,0,2011,0.0
375,0.0,Alexei Marchenko,0.0,0,0.0,0.0,0.0,0.0,0.0,0.0,0.0,0.0,0.0,0.0,0.0,0.0,0.0,0.0,0.0,0.0,0,0,0.0,0.0,0.0,0.0,0.0,0.0,0.0,414,7,205,D,Detroit Red Wings,4,121,4,17,21,26,2011,5.25
377,0.0,Garrett Haar,0.0,0,0.0,0.0,0.0,0.0,0.0,0.0,0.0,0.0,0.0,0.0,0.0,0.0,0.0,0.0,0.0,0.0,0,0,0.0,0.0,0.0,0.0,0.0,0.0,0.0,416,7,207,D,Washington Capitals,0,0,0,0,0,0,2011,0.0
380,0.0,Henrik Tömmernes,0.0,0,0.0,0.0,0.0,0.0,0.0,0.0,0.0,0.0,0.0,0.0,0.0,0.0,0.0,0.0,0.0,0.0,0,0,0.0,0.0,0.0,0.0,0.0,0.0,0.0,419,7,210,D,Vancouver Canucks,0,0,0,0,0,0,2011,0.0
382,670.0,Ryan Murray,21.0,CBJ,379.0,11.0,99.0,110.0,5.0,108.0,9.0,2.0,0.0,0.0,83.0,14.0,2.0,350.0,12.5,17.0,226:54,22:51,0.0,0.0,0.0,622.0,230.0,84.0,159.0,422,1,2,D,Columbus Blue Jackets,10,445,15,116,131,118,2012,13.1
384,782.0,Griffin Reinhart,21.0,NYI,37.0,0.0,2.0,2.0,-5.0,26.0,0.0,0.0,0.0,0.0,2.0,0.0,0.0,28.0,0.0,11.0,113:23,18:04,0.0,0.0,0.0,54.0,76.0,6.0,28.0,424,1,4,D,New York Islanders,3,37,0,2,2,26,2012,0.6666666666666666
385,252.0,Morgan Rielly,20.0,TOR,718.0,78.0,367.0,445.0,-2.0,217.0,64.0,13.0,1.0,13.0,229.0,134.0,4.0,1635.0,5.4,312.0,1647:21,24:12,0.0,0.0,0.0,980.0,672.0,327.0,703.0,425,1,5,D,Toronto Maple Leafs,12,822,84,404,488,237,2012,40.66666666666666
386,201.0,Hampus Lindholm,21.0,ANA,738.0,69.0,234.0,303.0,132.0,447.0,54.0,14.0,1.0,12.0,161.0,67.0,5.0,1285.0,6.5,235.0,1697:18,23:60,0.0,4.0,0.0,990.0,709.0,269.0,618.0,426,1,6,D,Anaheim Ducks,12,762,73,240,313,441,2012,26.08333333333333
387,0.0,Matt Dumba,0.0,0,0.0,0.0,0.0,0.0,0.0,0.0,0.0,0.0,0.0,0.0,0.0,0.0,0.0,0.0,0.0,0.0,0,0,0.0,0.0,0.0,0.0,0.0,0.0,0.0,427,1,7,D,Minnesota Wild,12,693,83,166,249,506,2012,20.75
388,584.0,Derrick Pouliot,21.0,PIT,237.0,8.0,50.0,58.0,-25.0,95.0,5.0,3.0,0.0,6.0,38.0,11.0,1.0,254.0,3.6,114.0,596:35,8:20,0.0,0.0,0.0,278.0,236.0,74.0,158.0,428,1,8,D,Pittsburgh Penguins,9,226,8,46,54,91,2012,6.0
389,335.0,Jacob Trouba,20.0,WPG,683.0,63.0,217.0,280.0,52.0,561.0,47.0,13.0,3.0,9.0,165.0,41.0,11.0,1496.0,5.3,321.0,1515:34,24:58,0.0,1.0,0.0,1454.0,1444.0,298.0,581.0,429,1,9,D,Winnipeg Jets,12,776,73,242,315,628,2012,26.25
390,890.0,Slater Koekkoek,20.0,TBL,217.0,10.0,30.0,40.0,5.0,118.0,10.0,0.0,0.0,2.0,30.0,0.0,0.0,234.0,0.0,8.0,49:45,16:45,0.0,0.0,0.0,262.0,272.0,29.0,69.0,430,1,10,D,Tampa Bay Lightning,9,186,8,26,34,104,2012,3.7777777777777777
395,338.0,Cody Ceci,21.0,OTT,737.0,45.0,157.0,202.0,1.0,156.0,44.0,1.0,0.0,7.0,139.0,12.0,6.0,1057.0,3.8,245.0,1562:29,23:20,0.0,0.0,0.0,1201.0,1066.0,173.0,398.0,435,1,15,D,Ottawa Senators,12,819,49,170,219,180,2012,18.25
401,0.0,Olli Määttä,0.0,0,0.0,0.0,0.0,0.0,0.0,0.0,0.0,0.0,0.0,0.0,0.0,0.0,0.0,0.0,0.0,0.0,0,0,0.0,0.0,0.0,0.0,0.0,0.0,0.0,442,1,22,D,Pittsburgh Penguins,12,711,40,141,181,172,2012,15.083333333333334
402,911.0,Mike Matheson,21.0,FLA,547.0,68.0,166.0,234.0,-26.0,309.0,59.0,7.0,2.0,13.0,114.0,46.0,6.0,1122.0,0.0,8.0,52:36,25:33,0.0,0.0,0.0,828.0,482.0,378.0,562.0,443,1,23,D,Florida Panthers,10,575,70,180,250,338,2012,25.0
403,721.0,Jordan Schmaltz,23.0,STL,42.0,0.0,5.0,5.0,-7.0,12.0,0.0,0.0,0.0,0.0,4.0,1.0,0.0,21.0,0.0,9.0,129:04,14:20,0.0,0.0,0.0,44.0,18.0,2.0,9.0,445,1,25,D,St. Louis Blues,3,42,0,5,5,12,2012,1.6666666666666667
406,957.0,Brady Skjei,21.0,NYR,676.0,76.0,195.0,271.0,11.0,377.0,68.0,5.0,3.0,10.0,159.0,27.0,9.0,1351.0,0.0,17.0,124:08,21:49,0.0,0.0,0.0,797.0,970.0,315.0,489.0,448,1,28,D,New York Rangers,10,640,70,186,256,344,2012,25.6
411,0.0,Ville Pokka,0.0,0,0.0,0.0,0.0,0.0,0.0,0.0,0.0,0.0,0.0,0.0,0.0,0.0,0.0,0.0,0.0,0.0,0,0,0.0,0.0,0.0,0.0,0.0,0.0,0.0,454,2,34,D,New York Islanders,0,0,0,0,0,0,2012,0.0
412,0.0,Matt Finn,0.0,0,0.0,0.0,0.0,0.0,0.0,0.0,0.0,0.0,0.0,0.0,0.0,0.0,0.0,0.0,0.0,0.0,0,0,0.0,0.0,0.0,0.0,0.0,0.0,0.0,455,2,35,D,Toronto Maple Leafs,0,0,0,0,0,0,2012,0.0
417,0.0,Dylan Blujus,0.0,0,0.0,0.0,0.0,0.0,0.0,0.0,0.0,0.0,0.0,0.0,0.0,0.0,0.0,0.0,0.0,0.0,0,0,0.0,0.0,0.0,0.0,0.0,0.0,0.0,460,2,40,D,Tampa Bay Lightning,0,0,0,0,0,0,2012,0.0
419,809.0,Patrick Sieloff,21.0,CGY,2.0,2.0,0.0,2.0,-1.0,2.0,2.0,0.0,0.0,1.0,0.0,0.0,0.0,4.0,100.0,3.0,17:59,17:59,0.0,0.0,0.0,3.0,4.0,0.0,0.0,462,2,42,D,Calgary Flames,2,2,2,0,2,2,2012,1.0
420,0.0,Ludwig Byström,0.0,0,0.0,0.0,0.0,0.0,0.0,0.0,0.0,0.0,0.0,0.0,0.0,0.0,0.0,0.0,0.0,0.0,0,0,0.0,0.0,0.0,0.0,0.0,0.0,0.0,463,2,43,D,Dallas Stars,0,0,0,0,0,0,2012,0.0
421,904.0,Jake McCabe,21.0,BUF,646.0,36.0,140.0,176.0,6.0,389.0,31.0,3.0,2.0,7.0,135.0,4.0,1.0,695.0,0.0,3.0,22:15,20:42,0.0,0.0,0.0,1105.0,1228.0,203.0,356.0,464,2,44,D,Buffalo Sabres,12,603,33,126,159,369,2012,13.25
424,0.0,Dillon Fournier,0.0,0,0.0,0.0,0.0,0.0,0.0,0.0,0.0,0.0,0.0,0.0,0.0,0.0,0.0,0.0,0.0,0.0,0,0,0.0,0.0,0.0,0.0,0.0,0.0,0.0,468,2,48,D,Chicago Blackhawks,0,0,0,0,0,0,2012,0.0
427,0.0,Dalton Thrower,0.0,0,0.0,0.0,0.0,0.0,0.0,0.0,0.0,0.0,0.0,0.0,0.0,0.0,0.0,0.0,0.0,0.0,0,0,0.0,0.0,0.0,0.0,0.0,0.0,0.0,471,2,51,D,Montréal Canadiens,0,0,0,0,0,0,2012,0.0
436,401.0,Damon Severson,20.0,NJD,714.0,67.0,224.0,291.0,-130.0,439.0,54.0,12.0,1.0,8.0,153.0,66.0,5.0,1132.0,5.4,207.0,1120:07,23:36,0.0,1.0,0.0,736.0,673.0,265.0,500.0,480,2,60,D,New Jersey Devils,11,745,73,235,308,453,2012,28.0
440,725.0,Adam Pelech,21.0,NYI,500.0,26.0,114.0,140.0,75.0,201.0,25.0,0.0,1.0,2.0,104.0,2.0,8.0,667.0,0.0,18.0,158:13,21:39,0.0,0.0,0.0,847.0,725.0,238.0,334.0,485,3,65,D,New York Islanders,10,512,26,118,144,203,2012,14.4
443,0.0,John Draeger,0.0,0,0.0,0.0,0.0,0.0,0.0,0.0,0.0,0.0,0.0,0.0,0.0,0.0,0.0,0.0,0.0,0.0,0,0,0.0,0.0,0.0,0.0,0.0,0.0,0.0,488,3,68,D,Minnesota Wild,0,0,0,0,0,0,2012,0.0
448,907.0,Esa Lindell,21.0,DAL,604.0,49.0,142.0,191.0,104.0,144.0,38.0,7.0,4.0,7.0,112.0,22.0,8.0,934.0,0.0,9.0,56:11,24:20,0.0,0.0,0.0,1100.0,807.0,205.0,441.0,494,3,74,D,Dallas Stars,10,634,51,151,202,150,2012,20.2
450,864.0,Shayne Gostisbehere,21.0,PHI,694.0,110.0,298.0,408.0,-80.0,235.0,65.0,41.0,4.0,19.0,155.0,143.0,0.0,1511.0,0.0,6.0,25:07,22:30,0.0,0.0,0.0,824.0,382.0,238.0,501.0,498,3,78,D,Philadelphia Flyers,11,649,103,289,392,219,2012,35.63636363636363
455,863.0,Matt Grzelcyk,23.0,BOS,445.0,25.0,110.0,135.0,137.0,237.0,22.0,3.0,0.0,6.0,85.0,24.0,1.0,647.0,0.0,8.0,24:58,19:45,0.0,0.0,0.0,441.0,310.0,136.0,216.0,505,3,85,D,Boston Bruins,9,477,25,125,150,243,2012,16.666666666666668
456,225.0,Colton Parayko,22.0,STL,659.0,61.0,198.0,259.0,55.0,190.0,44.0,16.0,1.0,16.0,166.0,27.0,5.0,1385.0,5.5,350.0,1531:34,23:52,0.0,0.0,0.0,1238.0,851.0,387.0,360.0,506,3,86,D,St. Louis Blues,10,691,66,209,275,194,2012,27.5
457,0.0,James Melindy,0.0,0,0.0,0.0,0.0,0.0,0.0,0.0,0.0,0.0,0.0,0.0,0.0,0.0,0.0,0.0,0.0,0.0,0,0,0.0,0.0,0.0,0.0,0.0,0.0,0.0,508,3,88,D,Phoenix Coyotes,0,0,0,0,0,0,2012,0.0
462,423.0,Erik Gustafsson,23.0,CHI,620.0,59.0,246.0,305.0,3.0,193.0,51.0,8.0,0.0,8.0,162.0,84.0,0.0,977.0,0.0,130.0,633:26,22:35,0.0,0.0,0.0,602.0,585.0,199.0,442.0,513,4,93,D,Edmonton Oilers,9,477,45,182,227,157,2012,25.22222222222222
471,0.0,Rhett Holland,0.0,0,0.0,0.0,0.0,0.0,0.0,0.0,0.0,0.0,0.0,0.0,0.0,0.0,0.0,0.0,0.0,0.0,0,0,0.0,0.0,0.0,0.0,0.0,0.0,0.0,522,4,102,D,Phoenix Coyotes,0,0,0,0,0,0,2012,0.0
472,0.0,Loïc Leduc,0.0,0,0.0,0.0,0.0,0.0,0.0,0.0,0.0,0.0,0.0,0.0,0.0,0.0,0.0,0.0,0.0,0.0,0,0,0.0,0.0,0.0,0.0,0.0,0.0,0.0,523,4,103,D,New York Islanders,0,0,0,0,0,0,2012,0.0
474,892.0,Brett Kulak,21.0,CGY,572.0,26.0,95.0,121.0,9.0,265.0,25.0,0.0,1.0,4.0,89.0,1.0,5.0,753.0,0.0,2.0,19:31,19:31,0.0,0.0,0.0,553.0,643.0,145.0,339.0,525,4,105,D,Calgary Flames,11,529,26,85,111,226,2012,10.090909090909092
475,0.0,Timothy Boyle,0.0,0,0.0,0.0,0.0,0.0,0.0,0.0,0.0,0.0,0.0,0.0,0.0,0.0,0.0,0.0,0.0,0.0,0,0,0.0,0.0,0.0,0.0,0.0,0.0,0.0,526,4,106,D,Ottawa Senators,0,0,0,0,0,0,2012,0.0
477,0.0,Andrew O'Brien,0.0,0,0.0,0.0,0.0,0.0,0.0,0.0,0.0,0.0,0.0,0.0,0.0,0.0,0.0,0.0,0.0,0.0,0,0,0.0,0.0,0.0,0.0,0.0,0.0,0.0,528,4,108,D,Anaheim Ducks,0,0,0,0,0,0,2012,0.0
480,0.0,Fredric Larsson,0.0,0,0.0,0.0,0.0,0.0,0.0,0.0,0.0,0.0,0.0,0.0,0.0,0.0,0.0,0.0,0.0,0.0,0,0,0.0,0.0,0.0,0.0,0.0,0.0,0.0,531,4,111,D,Philadelphia Flyers,0,0,0,0,0,0,2012,0.0
483,844.0,Trevor Carrick,21.0,CAR,7.0,0.0,0.0,0.0,-2.0,12.0,0.0,0.0,0.0,0.0,0.0,0.0,0.0,5.0,0.0,6.0,33:19,7:32,0.0,0.0,0.0,3.0,3.0,4.0,3.0,535,4,115,D,Carolina Hurricanes,4,7,0,0,0,12,2012,0.0
484,0.0,Nick Walters,0.0,0,0.0,0.0,0.0,0.0,0.0,0.0,0.0,0.0,0.0,0.0,0.0,0.0,0.0,0.0,0.0,0.0,0,0,0.0,0.0,0.0,0.0,0.0,0.0,0.0,536,4,116,D,St. Louis Blues,0,0,0,0,0,0,2012,0.0
486,0.0,Mikko Vainonen,0.0,0,0.0,0.0,0.0,0.0,0.0,0.0,0.0,0.0,0.0,0.0,0.0,0.0,0.0,0.0,0.0,0.0,0,0,0.0,0.0,0.0,0.0,0.0,0.0,0.0,538,4,118,D,Nashville Predators,0,0,0,0,0,0,2012,0.0
487,0.0,Calle Andersson,0.0,0,0.0,0.0,0.0,0.0,0.0,0.0,0.0,0.0,0.0,0.0,0.0,0.0,0.0,0.0,0.0,0.0,0,0,0.0,0.0,0.0,0.0,0.0,0.0,0.0,539,4,119,D,New York Rangers,0,0,0,0,0,0,2012,0.0
488,338.0,Jaccob Slavin,21.0,CAR,665.0,49.0,223.0,272.0,151.0,86.0,38.0,7.0,4.0,7.0,191.0,21.0,11.0,1176.0,2.4,185.0,1322:11,23:32,0.0,0.0,0.0,1105.0,412.0,638.0,373.0,540,4,120,D,Carolina Hurricanes,10,695,50,230,280,88,2012,28.0
491,0.0,Joey LaLeggia,0.0,0,0.0,0.0,0.0,0.0,0.0,0.0,0.0,0.0,0.0,0.0,0.0,0.0,0.0,0.0,0.0,0.0,0,0,0.0,0.0,0.0,0.0,0.0,0.0,0.0,543,5,123,D,Edmonton Oilers,0,0,0,0,0,0,2012,0.0
492,0.0,Ryan Culkin,0.0,0,0.0,0.0,0.0,0.0,0.0,0.0,0.0,0.0,0.0,0.0,0.0,0.0,0.0,0.0,0.0,0.0,0,0,0.0,0.0,0.0,0.0,0.0,0.0,0.0,544,5,124,D,Calgary Flames,0,0,0,0,0,0,2012,0.0
493,0.0,Doyle Somerby,0.0,0,0.0,0.0,0.0,0.0,0.0,0.0,0.0,0.0,0.0,0.0,0.0,0.0,0.0,0.0,0.0,0.0,0,0,0.0,0.0,0.0,0.0,0.0,0.0,0.0,545,5,125,D,New York Islanders,0,0,0,0,0,0,2012,0.0
495,0.0,Brian Cooper,0.0,0,0.0,0.0,0.0,0.0,0.0,0.0,0.0,0.0,0.0,0.0,0.0,0.0,0.0,0.0,0.0,0.0,0,0,0.0,0.0,0.0,0.0,0.0,0.0,0.0,547,5,127,D,Anaheim Ducks,0,0,0,0,0,0,2012,0.0
496,0.0,Daniel Gunnarsson,0.0,0,0.0,0.0,0.0,0.0,0.0,0.0,0.0,0.0,0.0,0.0,0.0,0.0,0.0,0.0,0.0,0.0,0,0,0.0,0.0,0.0,0.0,0.0,0.0,0.0,548,5,128,D,Minnesota Wild,0,0,0,0,0,0,2012,0.0
504,629.0,Connor Carrick,21.0,2TM,261.0,16.0,43.0,59.0,-28.0,168.0,14.0,2.0,0.0,8.0,38.0,5.0,0.0,305.0,9.5,59.0,295:08,19:35,0.0,0.0,0.0,307.0,276.0,72.0,155.0,557,5,137,D,Washington Capitals,8,242,13,37,50,157,2012,6.25
507,0.0,Mike McKee,0.0,0,0.0,0.0,0.0,0.0,0.0,0.0,0.0,0.0,0.0,0.0,0.0,0.0,0.0,0.0,0.0,0.0,0,0,0.0,0.0,0.0,0.0,0.0,0.0,0.0,560,5,140,D,Detroit Red Wings,0,0,0,0,0,0,2012,0.0
508,0.0,Reece Willcox,0.0,0,0.0,0.0,0.0,0.0,0.0,0.0,0.0,0.0,0.0,0.0,0.0,0.0,0.0,0.0,0.0,0.0,0,0,0.0,0.0,0.0,0.0,0.0,0.0,0.0,561,5,141,D,Philadelphia Flyers,0,0,0,0,0,0,2012,0.0
510,0.0,Clark Seymour,0.0,0,0.0,0.0,0.0,0.0,0.0,0.0,0.0,0.0,0.0,0.0,0.0,0.0,0.0,0.0,0.0,0.0,0,0,0.0,0.0,0.0,0.0,0.0,0.0,0.0,563,5,143,D,Pittsburgh Penguins,0,0,0,0,0,0,2012,0.0
512,283.0,Ben Hutton,22.0,VAN,547.0,25.0,102.0,127.0,-76.0,202.0,22.0,3.0,0.0,3.0,73.0,27.0,2.0,870.0,1.0,237.0,1490:30,22:21,0.0,0.0,0.0,690.0,406.0,183.0,301.0,567,5,147,D,Vancouver Canucks,10,514,24,98,122,191,2012,12.2
513,0.0,Niklas Tikkinen,0.0,0,0.0,0.0,0.0,0.0,0.0,0.0,0.0,0.0,0.0,0.0,0.0,0.0,0.0,0.0,0.0,0.0,0,0,0.0,0.0,0.0,0.0,0.0,0.0,0.0,568,5,148,D,Phoenix Coyotes,0,0,0,0,0,0,2012,0.0
514,0.0,Travis Brown,0.0,0,0.0,0.0,0.0,0.0,0.0,0.0,0.0,0.0,0.0,0.0,0.0,0.0,0.0,0.0,0.0,0.0,0,0,0.0,0.0,0.0,0.0,0.0,0.0,0.0,569,5,149,D,Chicago Blackhawks,0,0,0,0,0,0,2012,0.0
516,396.0,Colin Miller,23.0,BOS,558.0,43.0,132.0,175.0,4.0,350.0,34.0,9.0,0.0,6.0,90.0,41.0,1.0,887.0,5.1,140.0,663:23,19:39,0.0,0.0,0.0,477.0,935.0,168.0,301.0,571,5,151,D,Los Angeles Kings,10,538,41,132,173,340,2012,17.3
520,0.0,Jesse Graham,0.0,0,0.0,0.0,0.0,0.0,0.0,0.0,0.0,0.0,0.0,0.0,0.0,0.0,0.0,0.0,0.0,0.0,0,0,0.0,0.0,0.0,0.0,0.0,0.0,0.0,575,6,155,D,New York Islanders,0,0,0,0,0,0,2012,0.0
525,493.0,Jake Dotchin,22.0,TBL,103.0,3.0,20.0,23.0,23.0,112.0,3.0,0.0,0.0,0.0,18.0,0.0,2.0,105.0,0.0,113.0,645:01,18:26,0.0,0.0,0.0,96.0,234.0,12.0,63.0,581,6,161,D,Tampa Bay Lightning,3,103,3,20,23,112,2012,7.666666666666667
527,0.0,Simon Fernholm,0.0,0,0.0,0.0,0.0,0.0,0.0,0.0,0.0,0.0,0.0,0.0,0.0,0.0,0.0,0.0,0.0,0.0,0,0,0.0,0.0,0.0,0.0,0.0,0.0,0.0,584,6,164,D,Nashville Predators,0,0,0,0,0,0,2012,0.0
530,0.0,Cliff Watson,0.0,0,0.0,0.0,0.0,0.0,0.0,0.0,0.0,0.0,0.0,0.0,0.0,0.0,0.0,0.0,0.0,0.0,0,0,0.0,0.0,0.0,0.0,0.0,0.0,0.0,588,6,168,D,San Jose Sharks,0,0,0,0,0,0,2012,0.0
532,0.0,James DeHaas,0.0,0,0.0,0.0,0.0,0.0,0.0,0.0,0.0,0.0,0.0,0.0,0.0,0.0,0.0,0.0,0.0,0.0,0,0,0.0,0.0,0.0,0.0,0.0,0.0,0.0,590,6,170,D,Detroit Red Wings,0,0,0,0,0,0,2012,0.0
537,417.0,Matt Benning,22.0,EDM,457.0,17.0,85.0,102.0,-16.0,235.0,16.0,1.0,0.0,2.0,75.0,6.0,4.0,487.0,4.3,152.0,1029:51,19:47,0.0,0.0,0.0,513.0,705.0,81.0,291.0,595,6,175,D,Boston Bruins,9,464,17,85,102,239,2012,11.333333333333334
538,666.0,Petteri Lindbohm,21.0,STL,49.0,2.0,2.0,4.0,-9.0,42.0,2.0,0.0,0.0,0.0,2.0,0.0,0.0,60.0,6.3,53.0,358:08,15:34,0.0,0.0,0.0,46.0,75.0,13.0,13.0,596,6,176,D,St. Louis Blues,4,49,2,2,4,42,2012,1.0
542,0.0,Paul LaDue,0.0,0,0.0,0.0,0.0,0.0,0.0,0.0,0.0,0.0,0.0,0.0,0.0,0.0,0.0,0.0,0.0,0.0,0,0,0.0,0.0,0.0,0.0,0.0,0.0,0.0,601,6,181,D,Los Angeles Kings,5,70,5,13,18,22,2012,3.6
543,0.0,Gianluca Curcuruto,0.0,0,0.0,0.0,0.0,0.0,0.0,0.0,0.0,0.0,0.0,0.0,0.0,0.0,0.0,0.0,0.0,0.0,0,0,0.0,0.0,0.0,0.0,0.0,0.0,0.0,602,7,182,D,Columbus Blue Jackets,0,0,0,0,0,0,2012,0.0
544,0.0,Dmitri Sinitsyn,0.0,0,0.0,0.0,0.0,0.0,0.0,0.0,0.0,0.0,0.0,0.0,0.0,0.0,0.0,0.0,0.0,0.0,0,0,0.0,0.0,0.0,0.0,0.0,0.0,0.0,603,7,183,D,Dallas Stars,0,0,0,0,0,0,2012,0.0
545,834.0,Jake Bischoff,25.0,VEG,4.0,0.0,0.0,0.0,-2.0,4.0,0.0,0.0,0.0,0.0,0.0,0.0,0.0,6.0,0.0,10.0,62:24,15:36,0.0,0.0,0.0,8.0,8.0,0.0,2.0,605,7,185,D,New York Islanders,1,4,0,0,0,4,2012,0.0
547,0.0,Kenton Helgesen,0.0,0,0.0,0.0,0.0,0.0,0.0,0.0,0.0,0.0,0.0,0.0,0.0,0.0,0.0,0.0,0.0,0.0,0,0,0.0,0.0,0.0,0.0,0.0,0.0,0.0,607,7,187,D,Anaheim Ducks,0,0,0,0,0,0,2012,0.0
551,806.0,Brady Austin,23.0,BUF,5.0,0.0,0.0,0.0,0.0,4.0,0.0,0.0,0.0,0.0,0.0,0.0,0.0,8.0,0.0,10.0,80:27,16:05,0.0,0.0,0.0,0.0,6.0,1.0,2.0,613,7,193,D,Buffalo Sabres,1,5,0,0,0,4,2012,0.0
552,0.0,Jonatan Nielsen,0.0,0,0.0,0.0,0.0,0.0,0.0,0.0,0.0,0.0,0.0,0.0,0.0,0.0,0.0,0.0,0.0,0.0,0,0,0.0,0.0,0.0,0.0,0.0,0.0,0.0,614,7,194,D,Florida Panthers,0,0,0,0,0,0,2012,0.0
553,469.0,Christian Djoos,23.0,WSH,166.0,8.0,33.0,41.0,15.0,28.0,7.0,1.0,0.0,0.0,28.0,5.0,0.0,158.0,5.0,112.0,884:10,8:57,0.0,0.0,0.0,133.0,54.0,32.0,88.0,615,7,195,D,Washington Capitals,4,155,7,31,38,28,2012,9.5
554,0.0,Mikael Wikstrand,0.0,0,0.0,0.0,0.0,0.0,0.0,0.0,0.0,0.0,0.0,0.0,0.0,0.0,0.0,0.0,0.0,0.0,0,0,0.0,0.0,0.0,0.0,0.0,0.0,0.0,616,7,196,D,Ottawa Senators,0,0,0,0,0,0,2012,0.0
555,0.0,Jaynen Rissling,0.0,0,0.0,0.0,0.0,0.0,0.0,0.0,0.0,0.0,0.0,0.0,0.0,0.0,0.0,0.0,0.0,0.0,0,0,0.0,0.0,0.0,0.0,0.0,0.0,0.0,617,7,197,D,Washington Capitals,0,0,0,0,0,0,2012,0.0
556,521.0,Joakim Ryan,24.0,SJS,145.0,4.0,20.0,24.0,1.0,33.0,4.0,0.0,0.0,1.0,19.0,0.0,1.0,170.0,3.8,160.0,1038:35,19:09,0.0,0.0,0.0,184.0,101.0,31.0,53.0,618,7,198,D,San Jose Sharks,4,145,4,20,24,33,2012,6.0
557,0.0,Rasmus Bodin,0.0,0,0.0,0.0,0.0,0.0,0.0,0.0,0.0,0.0,0.0,0.0,0.0,0.0,0.0,0.0,0.0,0.0,0,0,0.0,0.0,0.0,0.0,0.0,0.0,0.0,620,7,200,D,Detroit Red Wings,0,0,0,0,0,0,2012,0.0
558,0.0,Valeri Vasilyev,0.0,0,0.0,0.0,0.0,0.0,0.0,0.0,0.0,0.0,0.0,0.0,0.0,0.0,0.0,0.0,0.0,0.0,0,0,0.0,0.0,0.0,0.0,0.0,0.0,0.0,621,7,201,D,Philadelphia Flyers,0,0,0,0,0,0,2012,0.0
564,0.0,Justin Haché,0.0,0,0.0,0.0,0.0,0.0,0.0,0.0,0.0,0.0,0.0,0.0,0.0,0.0,0.0,0.0,0.0,0.0,0,0,0.0,0.0,0.0,0.0,0.0,0.0,0.0,628,7,208,D,Phoenix Coyotes,0,0,0,0,0,0,2012,0.0
565,0.0,Viktor Lööv,0.0,0,0.0,0.0,0.0,0.0,0.0,0.0,0.0,0.0,0.0,0.0,0.0,0.0,0.0,0.0,0.0,0.0,0,0,0.0,0.0,0.0,0.0,0.0,0.0,0.0,629,7,209,D,Toronto Maple Leafs,1,4,0,2,2,0,2012,2.0
566,914.0,Jaycob Megna,24.0,ANA,239.0,5.0,34.0,39.0,-14.0,94.0,5.0,0.0,0.0,0.0,32.0,0.0,2.0,218.0,0.0,1.0,15:20,19:07,0.0,0.0,0.0,370.0,341.0,73.0,137.0,630,7,210,D,Anaheim Ducks,6,185,4,23,27,73,2012,4.5
567,0.0,Nick Ebert,0.0,0,0.0,0.0,0.0,0.0,0.0,0.0,0.0,0.0,0.0,0.0,0.0,0.0,0.0,0.0,0.0,0.0,0,0,0.0,0.0,0.0,0.0,0.0,0.0,0.0,631,7,211,D,Los Angeles Kings,0,0,0,0,0,0,2012,0.0
571,271.0,Seth Jones,20.0,NSH,801.0,87.0,324.0,411.0,-106.0,284.0,65.0,21.0,1.0,17.0,202.0,114.0,8.0,1833.0,6.5,264.0,1630:24,26:13,0.0,0.0,0.0,1336.0,949.0,418.0,629.0,635,1,4,D,Nashville Predators,12,814,92,323,415,294,2013,34.583333333333336
574,917.0,Darnell Nurse,19.0,EDM,640.0,76.0,191.0,267.0,67.0,549.0,68.0,3.0,5.0,12.0,156.0,31.0,4.0,1508.0,0.0,4.0,33:59,25:38,0.0,0.0,0.0,1164.0,1394.0,225.0,539.0,638,1,7,D,Edmonton Oilers,11,668,79,203,282,573,2013,25.63636363636364
575,360.0,Rasmus Ristolainen,20.0,BUF,679.0,50.0,231.0,281.0,-167.0,363.0,34.0,15.0,1.0,6.0,125.0,102.0,4.0,1303.0,6.6,222.0,1607:52,26:30,1.0,0.0,100.0,1128.0,1737.0,158.0,354.0,639,1,8,D,Buffalo Sabres,12,744,53,240,293,373,2013,24.416666666666668
578,920.0,Samuel Morin,21.0,PHI,29.0,1.0,0.0,1.0,-10.0,45.0,1.0,0.0,0.0,1.0,0.0,0.0,0.0,22.0,0.0,4.0,17:47,17:47,0.0,0.0,0.0,21.0,63.0,5.0,11.0,642,1,11,D,Philadelphia Flyers,6,29,1,0,1,45,2013,0.1666666666666666
580,920.0,Josh Morrissey,20.0,WPG,582.0,66.0,245.0,311.0,63.0,299.0,49.0,16.0,1.0,15.0,165.0,79.0,1.0,1074.0,0.0,1.0,15:54,24:14,0.0,0.0,0.0,887.0,781.0,213.0,372.0,644,1,13,D,Winnipeg Jets,10,614,69,272,341,315,2013,34.1
582,648.0,Ryan Pulock,21.0,NYI,486.0,48.0,143.0,191.0,55.0,91.0,32.0,16.0,0.0,9.0,112.0,30.0,1.0,1001.0,13.3,41.0,235:56,3:57,0.0,0.0,0.0,898.0,802.0,144.0,303.0,646,1,15,D,New York Islanders,10,518,49,153,202,99,2013,20.2
583,431.0,Nikita Zadorov,19.0,BUF,710.0,52.0,113.0,165.0,16.0,822.0,50.0,2.0,0.0,6.0,104.0,7.0,2.0,858.0,5.8,104.0,1062:27,19:28,1.0,0.0,100.0,731.0,1920.0,199.0,400.0,647,1,16,D,Buffalo Sabres,12,674,49,105,154,766,2013,12.833333333333334
585,0.0,Mirco Müller,0.0,0,0.0,0.0,0.0,0.0,0.0,0.0,0.0,0.0,0.0,0.0,0.0,0.0,0.0,0.0,0.0,0.0,0,0,0.0,0.0,0.0,0.0,0.0,0.0,0.0,649,1,18,D,San Jose Sharks,6,185,5,23,28,61,2013,4.666666666666667
593,545.0,Shea Theodore,20.0,ANA,497.0,71.0,235.0,306.0,68.0,151.0,56.0,14.0,1.0,16.0,157.0,76.0,2.0,1260.0,10.7,61.0,363:04,23:08,0.0,0.0,0.0,586.0,180.0,316.0,341.0,657,1,26,D,Anaheim Ducks,10,527,75,257,332,163,2013,33.2
598,771.0,Ian McCoshen,21.0,FLA,60.0,4.0,3.0,7.0,-12.0,33.0,4.0,0.0,0.0,1.0,3.0,0.0,0.0,41.0,0.0,1.0,39:46,15:05,0.0,0.0,0.0,58.0,115.0,8.0,42.0,662,2,31,D,Florida Panthers,3,60,4,3,7,33,2013,2.333333333333333
599,661.0,Chris Bigras,20.0,COL,46.0,1.0,3.0,4.0,-4.0,18.0,1.0,0.0,0.0,0.0,3.0,0.0,0.0,29.0,4.8,47.0,413:36,13:52,0.0,0.0,0.0,32.0,29.0,5.0,16.0,663,2,32,D,Colorado Avalanche,2,46,1,3,4,18,2013,2.0
607,0.0,Robert Hägg,0.0,0,0.0,0.0,0.0,0.0,0.0,0.0,0.0,0.0,0.0,0.0,0.0,0.0,0.0,0.0,0.0,0.0,0,0,0.0,0.0,0.0,0.0,0.0,0.0,0.0,672,2,41,D,Philadelphia Flyers,9,345,16,47,63,208,2013,7.0
608,948.0,Steven Santini,20.0,NJD,123.0,5.0,18.0,23.0,-8.0,57.0,5.0,0.0,0.0,0.0,17.0,0.0,1.0,159.0,0.0,1.0,14:35,9:33,0.0,0.0,0.0,165.0,297.0,15.0,40.0,673,2,42,D,New Jersey Devils,9,124,5,18,23,57,2013,2.555555555555556
611,929.0,Gustav Olofsson,21.0,MIN,63.0,0.0,11.0,11.0,-4.0,18.0,0.0,0.0,0.0,0.0,10.0,1.0,0.0,38.0,0.0,5.0,18:23,9:12,0.0,0.0,0.0,73.0,38.0,9.0,18.0,677,2,46,D,Minnesota Wild,6,63,0,11,11,18,2013,1.8333333333333333
612,0.0,Thomas Vannelli,0.0,0,0.0,0.0,0.0,0.0,0.0,0.0,0.0,0.0,0.0,0.0,0.0,0.0,0.0,0.0,0.0,0.0,0,0,0.0,0.0,0.0,0.0,0.0,0.0,0.0,678,2,47,D,St. Louis Blues,0,0,0,0,0,0,2013,0.0
615,803.0,Dillon Heatherington,22.0,DAL,23.0,0.0,2.0,2.0,3.0,33.0,0.0,0.0,0.0,0.0,2.0,0.0,0.0,16.0,0.0,10.0,65:06,9:16,0.0,0.0,0.0,8.0,33.0,1.0,8.0,681,2,50,D,Columbus Blue Jackets,4,23,0,2,2,33,2013,0.5
616,0.0,Carl Dahlström,0.0,0,0.0,0.0,0.0,0.0,0.0,0.0,0.0,0.0,0.0,0.0,0.0,0.0,0.0,0.0,0.0,0.0,0,0,0.0,0.0,0.0,0.0,0.0,0.0,0.0,682,2,51,D,Chicago Blackhawks,4,67,0,12,12,14,2013,3.0
618,505.0,Madison Bowey,22.0,WSH,208.0,7.0,43.0,50.0,-23.0,150.0,7.0,0.0,0.0,2.0,42.0,1.0,0.0,213.0,0.0,104.0,699:23,18:12,0.0,0.0,0.0,229.0,253.0,44.0,153.0,684,2,53,D,Washington Capitals,5,158,5,35,40,104,2013,8.0
623,0.0,Linus Arnesson,0.0,0,0.0,0.0,0.0,0.0,0.0,0.0,0.0,0.0,0.0,0.0,0.0,0.0,0.0,0.0,0.0,0.0,0,0,0.0,0.0,0.0,0.0,0.0,0.0,0.0,691,2,60,D,Boston Bruins,0,0,0,0,0,0,2013,0.0
626,0.0,Jonathan-Ismael Diaby,0.0,0,0.0,0.0,0.0,0.0,0.0,0.0,0.0,0.0,0.0,0.0,0.0,0.0,0.0,0.0,0.0,0.0,0,0,0.0,0.0,0.0,0.0,0.0,0.0,0.0,695,3,64,D,Nashville Predators,0,0,0,0,0,0,2013,0.0
628,397.0,Brett Pesce,21.0,CAR,627.0,39.0,159.0,198.0,92.0,227.0,35.0,4.0,0.0,10.0,138.0,15.0,6.0,972.0,4.7,180.0,1295:00,22:48,0.0,1.0,0.0,958.0,337.0,393.0,248.0,697,3,66,D,Carolina Hurricanes,10,651,40,162,202,229,2013,20.2
629,0.0,Keegan Kanzig,0.0,0,0.0,0.0,0.0,0.0,0.0,0.0,0.0,0.0,0.0,0.0,0.0,0.0,0.0,0.0,0.0,0.0,0,0,0.0,0.0,0.0,0.0,0.0,0.0,0.0,698,3,67,D,Calgary Flames,0,0,0,0,0,0,2013,0.0
630,0.0,Niklas Hansson,0.0,0,0.0,0.0,0.0,0.0,0.0,0.0,0.0,0.0,0.0,0.0,0.0,0.0,0.0,0.0,0.0,0.0,0,0,0.0,0.0,0.0,0.0,0.0,0.0,0.0,699,3,68,D,Dallas Stars,0,0,0,0,0,0,2013,0.0
647,0.0,Keaton Thompson,0.0,0,0.0,0.0,0.0,0.0,0.0,0.0,0.0,0.0,0.0,0.0,0.0,0.0,0.0,0.0,0.0,0.0,0,0,0.0,0.0,0.0,0.0,0.0,0.0,0.0,718,3,87,D,Anaheim Ducks,0,0,0,0,0,0,2013,0.0
656,0.0,Michael Downing,0.0,0,0.0,0.0,0.0,0.0,0.0,0.0,0.0,0.0,0.0,0.0,0.0,0.0,0.0,0.0,0.0,0.0,0,0,0.0,0.0,0.0,0.0,0.0,0.0,0.0,728,4,97,D,Florida Panthers,0,0,0,0,0,0,2013,0.0
664,0.0,Dylan Labbé,0.0,0,0.0,0.0,0.0,0.0,0.0,0.0,0.0,0.0,0.0,0.0,0.0,0.0,0.0,0.0,0.0,0.0,0,0,0.0,0.0,0.0,0.0,0.0,0.0,0.0,738,4,107,D,Minnesota Wild,0,0,0,0,0,0,2013,0.0
665,772.0,Ben Harpur,21.0,OTT,198.0,2.0,19.0,21.0,-42.0,143.0,2.0,0.0,0.0,0.0,18.0,0.0,1.0,162.0,0.0,4.0,68:18,17:48,0.0,0.0,0.0,221.0,317.0,48.0,149.0,739,4,108,D,Ottawa Senators,7,198,2,19,21,143,2013,3.0
667,649.0,Ryan Graves,23.0,COL,372.0,31.0,83.0,114.0,94.0,184.0,31.0,0.0,0.0,3.0,79.0,0.0,4.0,590.0,11.5,62.0,288:42,20:43,0.0,0.0,0.0,721.0,466.0,111.0,214.0,741,4,110,D,New York Rangers,7,396,31,83,114,197,2013,16.285714285714285
668,0.0,Robin Norell,0.0,0,0.0,0.0,0.0,0.0,0.0,0.0,0.0,0.0,0.0,0.0,0.0,0.0,0.0,0.0,0.0,0.0,0,0,0.0,0.0,0.0,0.0,0.0,0.0,0.0,742,4,111,D,Chicago Blackhawks,0,0,0,0,0,0,2013,0.0
671,0.0,Jan Kostalek,0.0,0,0.0,0.0,0.0,0.0,0.0,0.0,0.0,0.0,0.0,0.0,0.0,0.0,0.0,0.0,0.0,0.0,0,0,0.0,0.0,0.0,0.0,0.0,0.0,0.0,745,4,114,D,Winnipeg Jets,0,0,0,0,0,0,2013,0.0
672,0.0,Jordan Subban,0.0,0,0.0,0.0,0.0,0.0,0.0,0.0,0.0,0.0,0.0,0.0,0.0,0.0,0.0,0.0,0.0,0.0,0,0,0.0,0.0,0.0,0.0,0.0,0.0,0.0,746,4,115,D,Vancouver Canucks,0,0,0,0,0,0,2013,0.0
675,0.0,Ryan Segalla,0.0,0,0.0,0.0,0.0,0.0,0.0,0.0,0.0,0.0,0.0,0.0,0.0,0.0,0.0,0.0,0.0,0.0,0,0,0.0,0.0,0.0,0.0,0.0,0.0,0.0,750,4,119,D,Pittsburgh Penguins,0,0,0,0,0,0,2013,0.0
679,148.0,Will Butcher,23.0,NJD,275.0,16.0,98.0,114.0,-37.0,34.0,12.0,4.0,0.0,3.0,60.0,38.0,0.0,330.0,5.7,239.0,1301:12,19:16,0.0,0.0,0.0,271.0,108.0,56.0,113.0,754,5,123,D,Colorado Avalanche,5,275,16,98,114,34,2013,22.8
682,757.0,Tucker Poolman,24.0,WPG,163.0,6.0,17.0,23.0,2.0,38.0,5.0,0.0,1.0,1.0,17.0,0.0,0.0,191.0,3.7,63.0,301:31,18:18,0.0,0.0,0.0,201.0,182.0,35.0,110.0,758,5,127,D,Winnipeg Jets,7,163,6,17,23,38,2013,3.2857142857142856
686,0.0,Terrance Amorosa,0.0,0,0.0,0.0,0.0,0.0,0.0,0.0,0.0,0.0,0.0,0.0,0.0,0.0,0.0,0.0,0.0,0.0,0,0,0.0,0.0,0.0,0.0,0.0,0.0,0.0,763,5,132,D,Philadelphia Flyers,0,0,0,0,0,0,2013,0.0
687,780.0,Connor Clifton,23.0,BOS,311.0,14.0,47.0,61.0,49.0,245.0,13.0,0.0,1.0,1.0,46.0,0.0,1.0,340.0,0.0,51.0,336:24,18:13,0.0,0.0,0.0,397.0,806.0,98.0,116.0,764,5,133,D,Phoenix Coyotes,7,340,14,53,67,268,2013,9.571428571428571
689,0.0,Eric Roy,0.0,0,0.0,0.0,0.0,0.0,0.0,0.0,0.0,0.0,0.0,0.0,0.0,0.0,0.0,0.0,0.0,0.0,0,0,0.0,0.0,0.0,0.0,0.0,0.0,0.0,766,5,135,D,Calgary Flames,0,0,0,0,0,0,2013,0.0
691,968.0,Carson Soucy,23.0,MIN,290.0,23.0,51.0,74.0,71.0,198.0,20.0,1.0,2.0,3.0,45.0,3.0,3.0,325.0,0.0,5.0,44:32,17:40,0.0,0.0,0.0,335.0,461.0,90.0,109.0,768,5,137,D,Minnesota Wild,7,319,24,54,78,218,2013,11.142857142857142
693,0.0,Mitch Wheaton,0.0,0,0.0,0.0,0.0,0.0,0.0,0.0,0.0,0.0,0.0,0.0,0.0,0.0,0.0,0.0,0.0,0.0,0,0,0.0,0.0,0.0,0.0,0.0,0.0,0.0,770,5,139,D,Detroit Red Wings,0,0,0,0,0,0,2013,0.0
694,0.0,Teemu Kivihalme,0.0,0,0.0,0.0,0.0,0.0,0.0,0.0,0.0,0.0,0.0,0.0,0.0,0.0,0.0,0.0,0.0,0.0,0,0,0.0,0.0,0.0,0.0,0.0,0.0,0.0,771,5,140,D,Nashville Predators,0,0,0,0,0,0,2013,0.0
695,0.0,Michael Brodzinski,0.0,0,0.0,0.0,0.0,0.0,0.0,0.0,0.0,0.0,0.0,0.0,0.0,0.0,0.0,0.0,0.0,0.0,0,0,0.0,0.0,0.0,0.0,0.0,0.0,0.0,772,5,141,D,San Jose Sharks,0,0,0,0,0,0,2013,0.0
697,0.0,Anthony Florentino,0.0,0,0.0,0.0,0.0,0.0,0.0,0.0,0.0,0.0,0.0,0.0,0.0,0.0,0.0,0.0,0.0,0.0,0,0,0.0,0.0,0.0,0.0,0.0,0.0,0.0,774,5,143,D,Buffalo Sabres,0,0,0,0,0,0,2013,0.0
698,0.0,Blake Heinrich,0.0,0,0.0,0.0,0.0,0.0,0.0,0.0,0.0,0.0,0.0,0.0,0.0,0.0,0.0,0.0,0.0,0.0,0,0,0.0,0.0,0.0,0.0,0.0,0.0,0.0,775,5,144,D,Washington Capitals,0,0,0,0,0,0,2013,0.0
699,0.0,Anton Cederholm,0.0,0,0.0,0.0,0.0,0.0,0.0,0.0,0.0,0.0,0.0,0.0,0.0,0.0,0.0,0.0,0.0,0.0,0,0,0.0,0.0,0.0,0.0,0.0,0.0,0.0,776,5,145,D,Vancouver Canucks,0,0,0,0,0,0,2013,0.0
703,0.0,Wiley Sherman,0.0,0,0.0,0.0,0.0,0.0,0.0,0.0,0.0,0.0,0.0,0.0,0.0,0.0,0.0,0.0,0.0,0.0,0,0,0.0,0.0,0.0,0.0,0.0,0.0,0.0,781,5,150,D,Boston Bruins,0,0,0,0,0,0,2013,0.0
704,0.0,Gage Ausmus,0.0,0,0.0,0.0,0.0,0.0,0.0,0.0,0.0,0.0,0.0,0.0,0.0,0.0,0.0,0.0,0.0,0.0,0,0,0.0,0.0,0.0,0.0,0.0,0.0,0.0,782,5,151,D,San Jose Sharks,0,0,0,0,0,0,2013,0.0
705,728.0,Josh Brown,25.0,FLA,342.0,11.0,29.0,40.0,-33.0,333.0,11.0,0.0,0.0,2.0,29.0,0.0,0.0,286.0,3.6,65.0,492:07,15:58,0.0,0.0,0.0,451.0,728.0,61.0,137.0,783,6,152,D,Florida Panthers,7,293,11,23,34,303,2013,4.857142857142857
709,0.0,Tyler Ganly,0.0,0,0.0,0.0,0.0,0.0,0.0,0.0,0.0,0.0,0.0,0.0,0.0,0.0,0.0,0.0,0.0,0.0,0,0,0.0,0.0,0.0,0.0,0.0,0.0,0.0,787,6,156,D,Carolina Hurricanes,0,0,0,0,0,0,2013,0.0
711,0.0,Ben Betker,0.0,0,0.0,0.0,0.0,0.0,0.0,0.0,0.0,0.0,0.0,0.0,0.0,0.0,0.0,0.0,0.0,0.0,0,0,0.0,0.0,0.0,0.0,0.0,0.0,0.0,789,6,158,D,Edmonton Oilers,0,0,0,0,0,0,2013,0.0
715,0.0,Dane Birks,0.0,0,0.0,0.0,0.0,0.0,0.0,0.0,0.0,0.0,0.0,0.0,0.0,0.0,0.0,0.0,0.0,0.0,0,0,0.0,0.0,0.0,0.0,0.0,0.0,0.0,795,6,164,D,Pittsburgh Penguins,0,0,0,0,0,0,2013,0.0
720,0.0,Marc McNulty,0.0,0,0.0,0.0,0.0,0.0,0.0,0.0,0.0,0.0,0.0,0.0,0.0,0.0,0.0,0.0,0.0,0.0,0,0,0.0,0.0,0.0,0.0,0.0,0.0,0.0,800,6,169,D,Detroit Red Wings,0,0,0,0,0,0,2013,0.0
722,0.0,Santeri Saari,0.0,0,0.0,0.0,0.0,0.0,0.0,0.0,0.0,0.0,0.0,0.0,0.0,0.0,0.0,0.0,0.0,0.0,0,0,0.0,0.0,0.0,0.0,0.0,0.0,0.0,804,6,173,D,St. Louis Blues,0,0,0,0,0,0,2013,0.0
724,0.0,Mike Williamson,0.0,0,0.0,0.0,0.0,0.0,0.0,0.0,0.0,0.0,0.0,0.0,0.0,0.0,0.0,0.0,0.0,0.0,0,0,0.0,0.0,0.0,0.0,0.0,0.0,0.0,806,6,175,D,Vancouver Canucks,0,0,0,0,0,0,2013,0.0
727,0.0,Zac Leslie,0.0,0,0.0,0.0,0.0,0.0,0.0,0.0,0.0,0.0,0.0,0.0,0.0,0.0,0.0,0.0,0.0,0.0,0,0,0.0,0.0,0.0,0.0,0.0,0.0,0.0,809,6,178,D,Los Angeles Kings,0,0,0,0,0,0,2013,0.0
731,0.0,Aleksi Mäkelä,0.0,0,0.0,0.0,0.0,0.0,0.0,0.0,0.0,0.0,0.0,0.0,0.0,0.0,0.0,0.0,0.0,0.0,0,0,0.0,0.0,0.0,0.0,0.0,0.0,0.0,813,7,182,D,Dallas Stars,0,0,0,0,0,0,2013,0.0
732,0.0,Wilhelm Westlund,0.0,0,0.0,0.0,0.0,0.0,0.0,0.0,0.0,0.0,0.0,0.0,0.0,0.0,0.0,0.0,0.0,0.0,0,0,0.0,0.0,0.0,0.0,0.0,0.0,0.0,814,7,183,D,Colorado Avalanche,0,0,0,0,0,0,2013,0.0
735,0.0,Joël Vermin,0.0,0,0.0,0.0,0.0,0.0,0.0,0.0,0.0,0.0,0.0,0.0,0.0,0.0,0.0,0.0,0.0,0.0,0,0,0.0,0.0,0.0,0.0,0.0,0.0,0.0,817,7,186,D,Tampa Bay Lightning,2,24,0,4,4,4,2013,2.0
736,0.0,Rushan Rafikov,0.0,0,0.0,0.0,0.0,0.0,0.0,0.0,0.0,0.0,0.0,0.0,0.0,0.0,0.0,0.0,0.0,0.0,0,0,0.0,0.0,0.0,0.0,0.0,0.0,0.0,818,7,187,D,Calgary Flames,0,0,0,0,0,0,2013,0.0
739,0.0,Brenden Kichton,0.0,0,0.0,0.0,0.0,0.0,0.0,0.0,0.0,0.0,0.0,0.0,0.0,0.0,0.0,0.0,0.0,0.0,0,0,0.0,0.0,0.0,0.0,0.0,0.0,0.0,821,7,190,D,Winnipeg Jets,0,0,0,0,0,0,2013,0.0
741,0.0,David Drake,0.0,0,0.0,0.0,0.0,0.0,0.0,0.0,0.0,0.0,0.0,0.0,0.0,0.0,0.0,0.0,0.0,0.0,0,0,0.0,0.0,0.0,0.0,0.0,0.0,0.0,823,7,192,D,Philadelphia Flyers,0,0,0,0,0,0,2013,0.0
743,0.0,Marcus Karlström,0.0,0,0.0,0.0,0.0,0.0,0.0,0.0,0.0,0.0,0.0,0.0,0.0,0.0,0.0,0.0,0.0,0.0,0,0,0.0,0.0,0.0,0.0,0.0,0.0,0.0,825,7,194,D,Winnipeg Jets,0,0,0,0,0,0,2013,0.0
745,752.0,Kyle Burroughs,25.0,COL,168.0,5.0,14.0,19.0,-48.0,177.0,5.0,0.0,0.0,1.0,13.0,1.0,0.0,168.0,0.0,8.0,50:24,19:09,0.0,0.0,0.0,279.0,530.0,42.0,41.0,827,7,196,D,New York Islanders,5,181,5,16,21,199,2013,4.2
746,0.0,Nolan De Jong,0.0,0,0.0,0.0,0.0,0.0,0.0,0.0,0.0,0.0,0.0,0.0,0.0,0.0,0.0,0.0,0.0,0.0,0,0,0.0,0.0,0.0,0.0,0.0,0.0,0.0,828,7,197,D,Minnesota Wild,0,0,0,0,0,0,2013,0.0
747,642.0,John Gilmour,24.0,NYR,37.0,2.0,3.0,5.0,-16.0,18.0,1.0,1.0,0.0,1.0,3.0,0.0,0.0,75.0,3.3,129.0,480:56,17:11,0.0,0.0,0.0,43.0,33.0,12.0,35.0,829,7,198,D,Calgary Flames,3,37,2,3,5,18,2013,1.6666666666666667
751,742.0,Tyler Lewington,24.0,WSH,12.0,1.0,2.0,3.0,4.0,40.0,1.0,0.0,0.0,0.0,2.0,0.0,0.0,11.0,33.3,4.0,27:35,14:10,0.0,0.0,0.0,14.0,19.0,1.0,7.0,835,7,204,D,Washington Capitals,4,12,1,2,3,40,2013,0.75
752,0.0,Miles Liberati,0.0,0,0.0,0.0,0.0,0.0,0.0,0.0,0.0,0.0,0.0,0.0,0.0,0.0,0.0,0.0,0.0,0.0,0,0,0.0,0.0,0.0,0.0,0.0,0.0,0.0,836,7,205,D,Vancouver Canucks,0,0,0,0,0,0,2013,0.0
753,979.0,MacKenzie Weegar,23.0,FLA,469.0,51.0,153.0,204.0,94.0,353.0,46.0,4.0,1.0,9.0,126.0,21.0,6.0,889.0,0.0,5.0,52:20,23:22,0.0,0.0,0.0,800.0,992.0,287.0,424.0,837,7,206,D,Florida Panthers,9,500,55,165,220,363,2013,24.444444444444443
757,0.0,Robin Press,0.0,0,0.0,0.0,0.0,0.0,0.0,0.0,0.0,0.0,0.0,0.0,0.0,0.0,0.0,0.0,0.0,0.0,0,0,0.0,0.0,0.0,0.0,0.0,0.0,0.0,842,7,211,D,Chicago Blackhawks,0,0,0,0,0,0,2013,0.0
758,156.0,Aaron Ekblad,18.0,FLA,676.0,115.0,232.0,347.0,85.0,452.0,72.0,41.0,2.0,24.0,158.0,70.0,4.0,1688.0,7.1,351.0,1766:37,25:05,0.0,0.0,0.0,729.0,749.0,296.0,621.0,843,1,1,D,Florida Panthers,11,708,116,246,362,485,2014,32.90909090909091
764,584.0,Haydn Fleury,21.0,CAR,315.0,13.0,28.0,41.0,-29.0,87.0,13.0,0.0,0.0,1.0,27.0,0.0,1.0,402.0,0.0,181.0,1125:16,20:39,0.0,0.0,0.0,402.0,405.0,66.0,155.0,849,1,7,D,Carolina Hurricanes,8,289,10,33,43,83,2014,5.375
771,625.0,Julius Honka,21.0,DAL,87.0,2.0,11.0,13.0,-7.0,28.0,2.0,0.0,0.0,1.0,9.0,2.0,0.0,114.0,2.9,61.0,269:54,16:52,0.0,0.0,0.0,74.0,45.0,12.0,54.0,856,1,14,D,Dallas Stars,3,87,2,11,13,28,2014,4.333333333333333
774,552.0,Travis Sanheim,21.0,PHI,497.0,46.0,137.0,183.0,-44.0,219.0,42.0,2.0,2.0,8.0,121.0,13.0,3.0,783.0,2.8,151.0,763:35,23:48,0.0,0.0,0.0,748.0,380.0,149.0,338.0,859,1,17,D,Philadelphia Flyers,8,528,52,150,202,241,2014,25.25
776,0.0,Anthony DeAngelo,0.0,0,0.0,0.0,0.0,0.0,0.0,0.0,0.0,0.0,0.0,0.0,0.0,0.0,0.0,0.0,0.0,0.0,0,0,0.0,0.0,0.0,0.0,0.0,0.0,0.0,861,1,19,D,Tampa Bay Lightning,8,371,48,162,210,329,2014,26.25
791,0.0,Dominik Masin,0.0,0,0.0,0.0,0.0,0.0,0.0,0.0,0.0,0.0,0.0,0.0,0.0,0.0,0.0,0.0,0.0,0.0,0,0,0.0,0.0,0.0,0.0,0.0,0.0,0.0,877,2,35,D,Tampa Bay Lightning,0,0,0,0,0,0,2014,0.0
792,686.0,Marcus Pettersson,21.0,ANA,528.0,16.0,142.0,158.0,96.0,335.0,14.0,2.0,0.0,1.0,129.0,11.0,2.0,600.0,6.3,31.0,299:23,22:40,0.0,0.0,0.0,730.0,753.0,145.0,239.0,880,2,38,D,Anaheim Ducks,8,476,16,130,146,290,2014,18.25
793,848.0,Andreas Englund,21.0,OTT,209.0,1.0,20.0,21.0,-17.0,175.0,1.0,0.0,0.0,0.0,20.0,0.0,0.0,118.0,0.0,7.0,53:09,14:53,0.0,0.0,0.0,173.0,539.0,31.0,48.0,882,2,40,D,Ottawa Senators,7,170,2,16,18,152,2014,2.571428571428572
794,0.0,Josh Jacobs,0.0,0,0.0,0.0,0.0,0.0,0.0,0.0,0.0,0.0,0.0,0.0,0.0,0.0,0.0,0.0,0.0,0.0,0,0,0.0,0.0,0.0,0.0,0.0,0.0,0.0,883,2,41,D,New Jersey Devils,2,3,0,0,0,2,2014,0.0
799,0.0,Julius Bergman,0.0,0,0.0,0.0,0.0,0.0,0.0,0.0,0.0,0.0,0.0,0.0,0.0,0.0,0.0,0.0,0.0,0.0,0,0,0.0,0.0,0.0,0.0,0.0,0.0,0.0,888,2,46,D,San Jose Sharks,0,0,0,0,0,0,2014,0.0
800,0.0,Ryan Collins,0.0,0,0.0,0.0,0.0,0.0,0.0,0.0,0.0,0.0,0.0,0.0,0.0,0.0,0.0,0.0,0.0,0.0,0,0,0.0,0.0,0.0,0.0,0.0,0.0,0.0,889,2,47,D,Columbus Blue Jackets,0,0,0,0,0,0,2014,0.0
803,717.0,Roland McKeown,22.0,CAR,16.0,0.0,3.0,3.0,4.0,27.0,0.0,0.0,0.0,0.0,3.0,0.0,0.0,10.0,0.0,26.0,134:06,13:25,0.0,0.0,0.0,11.0,7.0,2.0,7.0,892,2,50,D,Los Angeles Kings,2,16,0,3,3,27,2014,1.5
804,0.0,Jack Dougherty,0.0,0,0.0,0.0,0.0,0.0,0.0,0.0,0.0,0.0,0.0,0.0,0.0,0.0,0.0,0.0,0.0,0.0,0,0,0.0,0.0,0.0,0.0,0.0,0.0,0.0,893,2,51,D,Nashville Predators,0,0,0,0,0,0,2014,0.0
808,605.0,Brandon Montour,22.0,ANA,652.0,81.0,224.0,305.0,15.0,477.0,64.0,12.0,5.0,18.0,148.0,75.0,1.0,1409.0,4.0,111.0,469:17,24:08,0.0,0.0,0.0,751.0,743.0,204.0,428.0,897,2,55,D,Anaheim Ducks,9,551,74,198,272,405,2014,30.22222222222222
810,0.0,John MacLeod,0.0,0,0.0,0.0,0.0,0.0,0.0,0.0,0.0,0.0,0.0,0.0,0.0,0.0,0.0,0.0,0.0,0.0,0,0,0.0,0.0,0.0,0.0,0.0,0.0,0.0,899,2,57,D,Tampa Bay Lightning,0,0,0,0,0,0,2014,0.0
812,0.0,Alex Lintuniemi,0.0,0,0.0,0.0,0.0,0.0,0.0,0.0,0.0,0.0,0.0,0.0,0.0,0.0,0.0,0.0,0.0,0.0,0,0,0.0,0.0,0.0,0.0,0.0,0.0,0.0,902,2,60,D,Los Angeles Kings,0,0,0,0,0,0,2014,0.0
815,0.0,Brandon Hickey,0.0,0,0.0,0.0,0.0,0.0,0.0,0.0,0.0,0.0,0.0,0.0,0.0,0.0,0.0,0.0,0.0,0.0,0,0,0.0,0.0,0.0,0.0,0.0,0.0,0.0,906,3,64,D,Calgary Flames,0,0,0,0,0,0,2014,0.0
817,735.0,Nikita Tryamkin,21.0,VAN,79.0,3.0,8.0,11.0,-10.0,74.0,3.0,0.0,0.0,0.0,8.0,0.0,0.0,76.0,9.1,35.0,227:45,17:31,0.0,0.0,0.0,110.0,176.0,13.0,36.0,908,3,66,D,Vancouver Canucks,2,79,3,8,11,74,2014,5.5
819,0.0,Rinat Valiyev,0.0,0,0.0,0.0,0.0,0.0,0.0,0.0,0.0,0.0,0.0,0.0,0.0,0.0,0.0,0.0,0.0,0.0,0,0,0.0,0.0,0.0,0.0,0.0,0.0,0.0,910,3,68,D,Toronto Maple Leafs,2,12,0,0,0,2,2014,0.0
820,0.0,Jack Glover,0.0,0,0.0,0.0,0.0,0.0,0.0,0.0,0.0,0.0,0.0,0.0,0.0,0.0,0.0,0.0,0.0,0.0,0,0,0.0,0.0,0.0,0.0,0.0,0.0,0.0,911,3,69,D,Winnipeg Jets,0,0,0,0,0,0,2014,0.0
821,0.0,Miles Gendron,0.0,0,0.0,0.0,0.0,0.0,0.0,0.0,0.0,0.0,0.0,0.0,0.0,0.0,0.0,0.0,0.0,0.0,0,0,0.0,0.0,0.0,0.0,0.0,0.0,0.0,912,3,70,D,Ottawa Senators,0,0,0,0,0,0,2014,0.0
824,905.0,Brett Lernout,20.0,MTL,21.0,0.0,1.0,1.0,-6.0,6.0,0.0,0.0,0.0,0.0,0.0,0.0,1.0,17.0,0.0,0.0,6:30,6:30,0.0,0.0,0.0,21.0,65.0,4.0,11.0,915,3,73,D,Montréal Canadiens,3,21,0,1,1,6,2014,0.3333333333333333
825,0.0,Brycen Martin,0.0,0,0.0,0.0,0.0,0.0,0.0,0.0,0.0,0.0,0.0,0.0,0.0,0.0,0.0,0.0,0.0,0.0,0,0,0.0,0.0,0.0,0.0,0.0,0.0,0.0,916,3,74,D,Buffalo Sabres,0,0,0,0,0,0,2014,0.0
826,0.0,Alex Peters,0.0,0,0.0,0.0,0.0,0.0,0.0,0.0,0.0,0.0,0.0,0.0,0.0,0.0,0.0,0.0,0.0,0.0,0,0,0.0,0.0,0.0,0.0,0.0,0.0,0.0,917,3,75,D,Dallas Stars,0,0,0,0,0,0,2014,0.0
827,0.0,Blake Siebenaler,0.0,0,0.0,0.0,0.0,0.0,0.0,0.0,0.0,0.0,0.0,0.0,0.0,0.0,0.0,0.0,0.0,0.0,0,0,0.0,0.0,0.0,0.0,0.0,0.0,0.0,919,3,77,D,Columbus Blue Jackets,0,0,0,0,0,0,2014,0.0
829,0.0,Louie Belpedio,0.0,0,0.0,0.0,0.0,0.0,0.0,0.0,0.0,0.0,0.0,0.0,0.0,0.0,0.0,0.0,0.0,0.0,0,0,0.0,0.0,0.0,0.0,0.0,0.0,0.0,922,3,80,D,Minnesota Wild,4,16,2,4,6,0,2014,1.5
831,964.0,Jake Walman,23.0,STL,253.0,28.0,33.0,61.0,-4.0,117.0,27.0,1.0,0.0,5.0,25.0,7.0,1.0,470.0,0.0,1.0,11:04,19:46,0.0,0.0,0.0,409.0,209.0,75.0,123.0,924,3,82,D,St. Louis Blues,6,230,30,43,73,125,2014,12.166666666666666
833,0.0,Kyle Wood,0.0,0,0.0,0.0,0.0,0.0,0.0,0.0,0.0,0.0,0.0,0.0,0.0,0.0,0.0,0.0,0.0,0.0,0,0,0.0,0.0,0.0,0.0,0.0,0.0,0.0,926,3,84,D,Colorado Avalanche,0,0,0,0,0,0,2014,0.0
835,899.0,Mark Friedman,23.0,PHI,97.0,6.0,10.0,16.0,8.0,79.0,6.0,0.0,0.0,1.0,10.0,0.0,0.0,100.0,0.0,1.0,12:33,14:27,0.0,0.0,0.0,101.0,149.0,12.0,20.0,928,3,86,D,Philadelphia Flyers,7,91,4,9,13,70,2014,1.8571428571428568
840,901.0,William Lagesson,23.0,EDM,173.0,0.0,20.0,20.0,8.0,99.0,0.0,0.0,0.0,0.0,20.0,0.0,0.0,123.0,0.0,19.0,94:55,15:39,0.0,0.0,0.0,182.0,251.0,21.0,102.0,933,4,91,D,Edmonton Oilers,5,100,0,11,11,54,2014,2.2
843,0.0,Josh Wesley,0.0,0,0.0,0.0,0.0,0.0,0.0,0.0,0.0,0.0,0.0,0.0,0.0,0.0,0.0,0.0,0.0,0.0,0,0,0.0,0.0,0.0,0.0,0.0,0.0,0.0,938,4,96,D,Carolina Hurricanes,0,0,0,0,0,0,2014,0.0
848,930.0,Nelson Nogier,20.0,WPG,11.0,0.0,0.0,0.0,-1.0,5.0,0.0,0.0,0.0,0.0,0.0,0.0,0.0,9.0,0.0,16.0,117:08,11:43,0.0,0.0,0.0,6.0,12.0,0.0,6.0,943,4,101,D,Winnipeg Jets,2,11,0,0,0,5,2014,0.0
849,0.0,Alexis Vanier,0.0,0,0.0,0.0,0.0,0.0,0.0,0.0,0.0,0.0,0.0,0.0,0.0,0.0,0.0,0.0,0.0,0.0,0,0,0.0,0.0,0.0,0.0,0.0,0.0,0.0,944,4,102,D,San Jose Sharks,0,0,0,0,0,0,2014,0.0
851,0.0,Ryan Mantha,0.0,0,0.0,0.0,0.0,0.0,0.0,0.0,0.0,0.0,0.0,0.0,0.0,0.0,0.0,0.0,0.0,0.0,0,0,0.0,0.0,0.0,0.0,0.0,0.0,0.0,946,4,104,D,New York Rangers,0,0,0,0,0,0,2014,0.0
852,0.0,Michael Prapavessis,0.0,0,0.0,0.0,0.0,0.0,0.0,0.0,0.0,0.0,0.0,0.0,0.0,0.0,0.0,0.0,0.0,0.0,0,0,0.0,0.0,0.0,0.0,0.0,0.0,0.0,947,4,105,D,Dallas Stars,0,0,0,0,0,0,2014,0.0
855,431.0,Devon Toews,24.0,NYI,397.0,52.0,182.0,234.0,156.0,100.0,45.0,7.0,0.0,10.0,147.0,33.0,2.0,806.0,6.2,156.0,858:59,25:22,0.0,1.0,0.0,525.0,344.0,225.0,223.0,950,4,108,D,New York Islanders,7,425,53,194,247,110,2014,35.285714285714285
862,994.0,Ben Thomas,24.0,TBL,5.0,0.0,0.0,0.0,1.0,0.0,0.0,0.0,0.0,0.0,0.0,0.0,0.0,3.0,0.0,7.0,71:11,14:14,0.0,0.0,0.0,4.0,4.0,1.0,1.0,961,4,119,D,Tampa Bay Lightning,1,5,0,0,0,0,2014,0.0
863,0.0,Steven Johnson,0.0,0,0.0,0.0,0.0,0.0,0.0,0.0,0.0,0.0,0.0,0.0,0.0,0.0,0.0,0.0,0.0,0.0,0,0,0.0,0.0,0.0,0.0,0.0,0.0,0.0,962,4,120,D,Los Angeles Kings,0,0,0,0,0,0,2014,0.0
866,0.0,Matthew Berkovitz,0.0,0,0.0,0.0,0.0,0.0,0.0,0.0,0.0,0.0,0.0,0.0,0.0,0.0,0.0,0.0,0.0,0.0,0,0,0.0,0.0,0.0,0.0,0.0,0.0,0.0,965,5,123,D,Anaheim Ducks,0,0,0,0,0,0,2014,0.0
868,0.0,Nikolas Koberstein,0.0,0,0.0,0.0,0.0,0.0,0.0,0.0,0.0,0.0,0.0,0.0,0.0,0.0,0.0,0.0,0.0,0.0,0,0,0.0,0.0,0.0,0.0,0.0,0.0,0.0,967,5,125,D,Montréal Canadiens,0,0,0,0,0,0,2014,0.0
869,618.0,Gustav Forsling,20.0,CHI,397.0,46.0,115.0,161.0,125.0,151.0,42.0,4.0,0.0,6.0,100.0,12.0,3.0,795.0,4.2,121.0,563:07,23:26,0.0,0.0,0.0,447.0,335.0,189.0,262.0,968,5,126,D,Vancouver Canucks,8,429,51,123,174,161,2014,21.75
874,0.0,Ryan Rehill,0.0,0,0.0,0.0,0.0,0.0,0.0,0.0,0.0,0.0,0.0,0.0,0.0,0.0,0.0,0.0,0.0,0.0,0,0,0.0,0.0,0.0,0.0,0.0,0.0,0.0,973,5,131,D,New Jersey Devils,0,0,0,0,0,0,2014,0.0
875,0.0,Joonas Lyytinen,0.0,0,0.0,0.0,0.0,0.0,0.0,0.0,0.0,0.0,0.0,0.0,0.0,0.0,0.0,0.0,0.0,0.0,0,0,0.0,0.0,0.0,0.0,0.0,0.0,0.0,974,5,132,D,Nashville Predators,0,0,0,0,0,0,2014,0.0
876,555.0,Dysin Mayo,25.0,ARI,82.0,4.0,8.0,12.0,-30.0,35.0,4.0,0.0,0.0,0.0,8.0,0.0,0.0,83.0,5.3,158.0,1401:22,20:55,0.0,0.0,0.0,153.0,159.0,16.0,47.0,975,5,133,D,Arizona Coyotes,2,82,4,8,12,35,2014,6.0
878,0.0,Miro Karjalainen,0.0,0,0.0,0.0,0.0,0.0,0.0,0.0,0.0,0.0,0.0,0.0,0.0,0.0,0.0,0.0,0.0,0.0,0,0,0.0,0.0,0.0,0.0,0.0,0.0,0.0,977,5,135,D,Dallas Stars,0,0,0,0,0,0,2014,0.0
881,0.0,Tanner Faith,0.0,0,0.0,0.0,0.0,0.0,0.0,0.0,0.0,0.0,0.0,0.0,0.0,0.0,0.0,0.0,0.0,0.0,0,0,0.0,0.0,0.0,0.0,0.0,0.0,0.0,981,5,139,D,Minnesota Wild,0,0,0,0,0,0,2014,0.0
883,0.0,Luc Snuggerud,0.0,0,0.0,0.0,0.0,0.0,0.0,0.0,0.0,0.0,0.0,0.0,0.0,0.0,0.0,0.0,0.0,0.0,0,0,0.0,0.0,0.0,0.0,0.0,0.0,0.0,983,5,141,D,Chicago Blackhawks,0,0,0,0,0,0,2014,0.0
884,0.0,Tyler Nanne,0.0,0,0.0,0.0,0.0,0.0,0.0,0.0,0.0,0.0,0.0,0.0,0.0,0.0,0.0,0.0,0.0,0.0,0,0,0.0,0.0,0.0,0.0,0.0,0.0,0.0,984,5,142,D,New York Rangers,0,0,0,0,0,0,2014,0.0
886,903.0,Anton Lindholm,22.0,COL,66.0,0.0,5.0,5.0,-4.0,16.0,0.0,0.0,0.0,0.0,5.0,0.0,0.0,30.0,0.0,22.0,177:01,7:11,0.0,0.0,0.0,69.0,143.0,10.0,13.0,986,5,144,D,Colorado Avalanche,4,66,0,5,5,16,2014,1.25
890,0.0,Andreas Söderberg,0.0,0,0.0,0.0,0.0,0.0,0.0,0.0,0.0,0.0,0.0,0.0,0.0,0.0,0.0,0.0,0.0,0.0,0,0,0.0,0.0,0.0,0.0,0.0,0.0,0.0,990,5,148,D,Chicago Blackhawks,0,0,0,0,0,0,2014,0.0
895,0.0,Aaron Haydon,0.0,0,0.0,0.0,0.0,0.0,0.0,0.0,0.0,0.0,0.0,0.0,0.0,0.0,0.0,0.0,0.0,0.0,0,0,0.0,0.0,0.0,0.0,0.0,0.0,0.0,996,6,154,D,Dallas Stars,0,0,0,0,0,0,2014,0.0
901,0.0,Pontus Själin,0.0,0,0.0,0.0,0.0,0.0,0.0,0.0,0.0,0.0,0.0,0.0,0.0,0.0,0.0,0.0,0.0,0.0,0,0,0.0,0.0,0.0,0.0,0.0,0.0,0.0,1002,6,160,D,Minnesota Wild,0,0,0,0,0,0,2014,0.0
903,0.0,Aaron Irving,0.0,0,0.0,0.0,0.0,0.0,0.0,0.0,0.0,0.0,0.0,0.0,0.0,0.0,0.0,0.0,0.0,0.0,0,0,0.0,0.0,0.0,0.0,0.0,0.0,0.0,1004,6,162,D,Nashville Predators,0,0,0,0,0,0,2014,0.0
904,0.0,David Westlund,0.0,0,0.0,0.0,0.0,0.0,0.0,0.0,0.0,0.0,0.0,0.0,0.0,0.0,0.0,0.0,0.0,0.0,0,0,0.0,0.0,0.0,0.0,0.0,0.0,0.0,1005,6,163,D,Arizona Coyotes,0,0,0,0,0,0,2014,0.0
906,0.0,John Nyberg,0.0,0,0.0,0.0,0.0,0.0,0.0,0.0,0.0,0.0,0.0,0.0,0.0,0.0,0.0,0.0,0.0,0.0,0,0,0.0,0.0,0.0,0.0,0.0,0.0,0.0,1007,6,165,D,Dallas Stars,0,0,0,0,0,0,2014,0.0
915,0.0,Adam Ollas Mattsson,0.0,0,0.0,0.0,0.0,0.0,0.0,0.0,0.0,0.0,0.0,0.0,0.0,0.0,0.0,0.0,0.0,0.0,0,0,0.0,0.0,0.0,0.0,0.0,0.0,0.0,1017,6,175,D,Calgary Flames,0,0,0,0,0,0,2014,0.0
922,0.0,Mackenze Stewart,0.0,0,0.0,0.0,0.0,0.0,0.0,0.0,0.0,0.0,0.0,0.0,0.0,0.0,0.0,0.0,0.0,0.0,0,0,0.0,0.0,0.0,0.0,0.0,0.0,0.0,1028,7,186,D,Vancouver Canucks,0,0,0,0,0,0,2014,0.0
923,0.0,Kyle Jenkins,0.0,0,0.0,0.0,0.0,0.0,0.0,0.0,0.0,0.0,0.0,0.0,0.0,0.0,0.0,0.0,0.0,0.0,0,0,0.0,0.0,0.0,0.0,0.0,0.0,0.0,1029,7,187,D,Carolina Hurricanes,0,0,0,0,0,0,2014,0.0
925,0.0,Kelly Summers,0.0,0,0.0,0.0,0.0,0.0,0.0,0.0,0.0,0.0,0.0,0.0,0.0,0.0,0.0,0.0,0.0,0.0,0,0,0.0,0.0,0.0,0.0,0.0,0.0,0.0,1031,7,189,D,Ottawa Senators,0,0,0,0,0,0,2014,0.0
931,0.0,Patrick Sanvido,0.0,0,0.0,0.0,0.0,0.0,0.0,0.0,0.0,0.0,0.0,0.0,0.0,0.0,0.0,0.0,0.0,0.0,0,0,0.0,0.0,0.0,0.0,0.0,0.0,0.0,1037,7,195,D,Dallas Stars,0,0,0,0,0,0,2014,0.0
933,0.0,Olivier LeBlanc,0.0,0,0.0,0.0,0.0,0.0,0.0,0.0,0.0,0.0,0.0,0.0,0.0,0.0,0.0,0.0,0.0,0.0,0,0,0.0,0.0,0.0,0.0,0.0,0.0,0.0,1039,7,197,D,Columbus Blue Jackets,0,0,0,0,0,0,2014,0.0
934,0.0,Jesper Pettersson,0.0,0,0.0,0.0,0.0,0.0,0.0,0.0,0.0,0.0,0.0,0.0,0.0,0.0,0.0,0.0,0.0,0.0,0,0,0.0,0.0,0.0,0.0,0.0,0.0,0.0,1040,7,198,D,Philadelphia Flyers,0,0,0,0,0,0,2014,0.0
939,0.0,Jeff Taylor,0.0,0,0.0,0.0,0.0,0.0,0.0,0.0,0.0,0.0,0.0,0.0,0.0,0.0,0.0,0.0,0.0,0.0,0,0,0.0,0.0,0.0,0.0,0.0,0.0,0.0,1045,7,203,D,Pittsburgh Penguins,0,0,0,0,0,0,2014,0.0
942,0.0,Emil Johansson,0.0,0,0.0,0.0,0.0,0.0,0.0,0.0,0.0,0.0,0.0,0.0,0.0,0.0,0.0,0.0,0.0,0.0,0,0,0.0,0.0,0.0,0.0,0.0,0.0,0.0,1048,7,206,D,Boston Bruins,0,0,0,0,0,0,2014,0.0
944,0.0,Jack Ramsey,0.0,0,0.0,0.0,0.0,0.0,0.0,0.0,0.0,0.0,0.0,0.0,0.0,0.0,0.0,0.0,0.0,0.0,0,0,0.0,0.0,0.0,0.0,0.0,0.0,0.0,1050,7,208,D,Chicago Blackhawks,0,0,0,0,0,0,2014,0.0
946,819.0,Jacob Middleton,23.0,SJS,305.0,18.0,53.0,71.0,15.0,326.0,18.0,0.0,0.0,1.0,47.0,2.0,4.0,320.0,0.0,1.0,29:48,9:56,0.0,0.0,0.0,572.0,520.0,95.0,86.0,1052,7,210,D,Los Angeles Kings,7,268,19,51,70,259,2014,10.0
951,313.0,Noah Hanifin,19.0,CAR,758.0,75.0,258.0,333.0,18.0,211.0,56.0,18.0,1.0,12.0,184.0,67.0,7.0,1425.0,3.3,280.0,1414:25,23:46,0.0,0.0,0.0,887.0,667.0,455.0,596.0,1057,1,5,D,Carolina Hurricanes,10,709,65,235,300,195,2015,30.0
953,244.0,Ivan Provorov,20.0,PHI,614.0,70.0,179.0,249.0,-39.0,216.0,60.0,10.0,0.0,11.0,130.0,44.0,5.0,1177.0,3.7,331.0,1802:12,25:07,0.0,0.0,0.0,1190.0,759.0,159.0,597.0,1059,1,7,D,Philadelphia Flyers,9,645,72,188,260,228,2015,28.88888888888889
954,117.0,Zach Werenski,19.0,CBJ,486.0,90.0,212.0,302.0,-8.0,115.0,69.0,20.0,1.0,12.0,139.0,72.0,1.0,1288.0,5.9,390.0,1631:04,25:40,0.0,0.0,0.0,617.0,284.0,229.0,268.0,1060,1,8,D,Columbus Blue Jackets,9,517,100,233,333,132,2015,37.0
959,0.0,Jakub Zbořil,0.0,0,0.0,0.0,0.0,0.0,0.0,0.0,0.0,0.0,0.0,0.0,0.0,0.0,0.0,0.0,0.0,0.0,0,0,0.0,0.0,0.0,0.0,0.0,0.0,0.0,1065,1,13,D,Boston Bruins,4,76,1,15,16,28,2015,4.0
964,831.0,Thomas Chabot,20.0,OTT,432.0,62.0,197.0,259.0,-76.0,224.0,52.0,9.0,1.0,4.0,124.0,73.0,0.0,1042.0,0.0,2.0,7:09,7:09,0.0,0.0,0.0,637.0,459.0,191.0,447.0,1070,1,18,D,Ottawa Senators,9,462,64,210,274,232,2015,30.444444444444443
971,712.0,Noah Juulsen,20.0,MTL,122.0,3.0,14.0,17.0,-1.0,38.0,3.0,0.0,0.0,0.0,14.0,0.0,0.0,101.0,3.0,70.0,446:44,19:25,0.0,0.0,0.0,189.0,354.0,24.0,65.0,1078,1,26,D,Montréal Canadiens,7,140,3,14,17,47,2015,2.4285714285714284
972,896.0,Jacob Larsson,19.0,ANA,172.0,3.0,21.0,24.0,-26.0,52.0,3.0,0.0,0.0,0.0,20.0,0.0,1.0,168.0,0.0,11.0,65:43,17:23,0.0,0.0,0.0,187.0,121.0,21.0,95.0,1079,1,27,D,Anaheim Ducks,6,172,3,21,24,52,2015,4.0
974,736.0,Gabriel Carlsson,20.0,CBJ,81.0,3.0,15.0,18.0,-5.0,22.0,3.0,0.0,0.0,0.0,14.0,1.0,0.0,60.0,0.0,6.0,34:15,9:21,0.0,0.0,0.0,58.0,62.0,15.0,15.0,1081,1,29,D,Columbus Blue Jackets,7,81,3,15,18,22,2015,2.571428571428572
976,0.0,Jérémy Roy,0.0,0,0.0,0.0,0.0,0.0,0.0,0.0,0.0,0.0,0.0,0.0,0.0,0.0,0.0,0.0,0.0,0.0,0,0,0.0,0.0,0.0,0.0,0.0,0.0,0.0,1083,2,31,D,San Jose Sharks,0,0,0,0,0,0,2015,0.0
979,489.0,Travis Dermott,21.0,TOR,389.0,18.0,51.0,69.0,24.0,142.0,18.0,0.0,0.0,3.0,51.0,0.0,0.0,390.0,1.9,106.0,591:47,17:19,0.0,0.0,0.0,352.0,440.0,83.0,222.0,1086,2,34,D,Toronto Maple Leafs,8,340,16,46,62,130,2015,7.75
982,400.0,Brandon Carlo,20.0,BOS,554.0,28.0,72.0,100.0,127.0,307.0,26.0,0.0,2.0,2.0,66.0,1.0,5.0,732.0,6.8,179.0,1706:54,20:55,0.0,0.0,0.0,758.0,885.0,210.0,250.0,1089,2,37,D,Boston Bruins,9,586,29,74,103,319,2015,11.444444444444445
985,798.0,Nicolas Meloche,23.0,SJS,57.0,2.0,6.0,8.0,-16.0,39.0,2.0,0.0,0.0,1.0,5.0,0.0,1.0,42.0,0.0,12.0,67:08,9:35,0.0,0.0,0.0,60.0,163.0,17.0,28.0,1092,2,40,D,Colorado Avalanche,2,57,2,6,8,39,2015,4.0
987,0.0,Erik Cernak,0.0,0,0.0,0.0,0.0,0.0,0.0,0.0,0.0,0.0,0.0,0.0,0.0,0.0,0.0,0.0,0.0,0.0,0,0,0.0,0.0,0.0,0.0,0.0,0.0,0.0,1095,2,43,D,Los Angeles Kings,7,391,20,75,95,329,2015,13.571428571428571
988,0.0,Matt Spencer,0.0,0,0.0,0.0,0.0,0.0,0.0,0.0,0.0,0.0,0.0,0.0,0.0,0.0,0.0,0.0,0.0,0.0,0,0,0.0,0.0,0.0,0.0,0.0,0.0,0.0,1096,2,44,D,Tampa Bay Lightning,0,0,0,0,0,0,2015,0.0
995,865.0,Brendan Guhle,19.0,BUF,73.0,4.0,11.0,15.0,-11.0,28.0,4.0,0.0,0.0,1.0,11.0,0.0,0.0,116.0,0.0,9.0,49:03,18:06,0.0,0.0,0.0,77.0,63.0,9.0,41.0,1103,2,51,D,Buffalo Sabres,5,65,4,10,14,24,2015,2.8
996,0.0,Jérémy Lauzon,0.0,0,0.0,0.0,0.0,0.0,0.0,0.0,0.0,0.0,0.0,0.0,0.0,0.0,0.0,0.0,0.0,0.0,0,0,0.0,0.0,0.0,0.0,0.0,0.0,0.0,1104,2,52,D,Boston Bruins,7,310,14,31,45,335,2015,6.428571428571429
997,805.0,Rasmus Andersson,20.0,CGY,455.0,36.0,164.0,200.0,23.0,219.0,30.0,4.0,2.0,8.0,106.0,56.0,2.0,813.0,0.0,1.0,18:33,24:05,0.0,0.0,0.0,693.0,313.0,143.0,282.0,1105,2,53,D,Calgary Flames,9,486,42,173,215,245,2015,23.88888888888889
1000,333.0,Vince Dunn,21.0,STL,480.0,64.0,183.0,247.0,37.0,306.0,47.0,17.0,0.0,8.0,123.0,59.0,1.0,889.0,3.6,284.0,1292:19,23:40,1.0,0.0,100.0,451.0,393.0,175.0,280.0,1108,2,56,D,St. Louis Blues,8,492,68,189,257,312,2015,32.125
1001,692.0,Jonas Siegenthaler,21.0,WSH,327.0,8.0,49.0,57.0,14.0,167.0,7.0,1.0,0.0,2.0,48.0,0.0,1.0,314.0,0.0,40.0,367:59,20:34,0.0,0.0,0.0,537.0,408.0,77.0,190.0,1109,2,57,D,Washington Capitals,7,345,9,55,64,179,2015,9.142857142857142
1004,901.0,Oliver Kylington,18.0,CGY,201.0,17.0,38.0,55.0,24.0,52.0,16.0,1.0,0.0,3.0,36.0,2.0,0.0,246.0,0.0,2.0,17:22,18:10,0.0,0.0,0.0,207.0,114.0,60.0,144.0,1112,2,60,D,Calgary Flames,8,209,18,39,57,56,2015,7.125
1007,865.0,Kyle Capobianco,20.0,ARI,73.0,5.0,7.0,12.0,-17.0,48.0,4.0,1.0,0.0,2.0,6.0,1.0,0.0,68.0,0.0,1.0,13:33,16:05,0.0,0.0,0.0,67.0,75.0,26.0,44.0,1115,3,63,D,Arizona Coyotes,6,73,5,7,12,48,2015,2.0
1009,0.0,Andrew Nielsen,0.0,0,0.0,0.0,0.0,0.0,0.0,0.0,0.0,0.0,0.0,0.0,0.0,0.0,0.0,0.0,0.0,0.0,0,0,0.0,0.0,0.0,0.0,0.0,0.0,0.0,1117,3,65,D,Toronto Maple Leafs,0,0,0,0,0,0,2015,0.0
1010,869.0,Guillaume Brisebois,21.0,VAN,27.0,1.0,2.0,3.0,-7.0,6.0,1.0,0.0,0.0,0.0,2.0,0.0,0.0,20.0,0.0,10.0,88:04,4:13,0.0,0.0,0.0,38.0,14.0,3.0,14.0,1118,3,66,D,Vancouver Canucks,4,27,1,2,3,6,2015,0.75
1016,0.0,Vili Saarijärvi,0.0,0,0.0,0.0,0.0,0.0,0.0,0.0,0.0,0.0,0.0,0.0,0.0,0.0,0.0,0.0,0.0,0.0,0,0,0.0,0.0,0.0,0.0,0.0,0.0,0.0,1125,3,73,D,Detroit Red Wings,0,0,0,0,0,0,2015,0.0
1019,0.0,Sergei Zborovsky,0.0,0,0.0,0.0,0.0,0.0,0.0,0.0,0.0,0.0,0.0,0.0,0.0,0.0,0.0,0.0,0.0,0.0,0,0,0.0,0.0,0.0,0.0,0.0,0.0,0.0,1131,3,79,D,New York Rangers,0,0,0,0,0,0,2015,0.0
1022,0.0,Mitchell Vande Sompel,0.0,0,0.0,0.0,0.0,0.0,0.0,0.0,0.0,0.0,0.0,0.0,0.0,0.0,0.0,0.0,0.0,0.0,0,0,0.0,0.0,0.0,0.0,0.0,0.0,0.0,1134,3,82,D,New York Islanders,0,0,0,0,0,0,2015,0.0
1027,0.0,Thomas Schemitsch,0.0,0,0.0,0.0,0.0,0.0,0.0,0.0,0.0,0.0,0.0,0.0,0.0,0.0,0.0,0.0,0.0,0.0,0,0,0.0,0.0,0.0,0.0,0.0,0.0,0.0,1140,3,88,D,Florida Panthers,0,0,0,0,0,0,2015,0.0
1029,907.0,Dennis Gilbert,22.0,CHI,82.0,3.0,11.0,14.0,-15.0,88.0,3.0,0.0,0.0,1.0,11.0,0.0,0.0,48.0,0.0,0.0,12:46,6:43,0.0,0.0,0.0,110.0,196.0,10.0,22.0,1143,3,91,D,Chicago Blackhawks,6,92,3,12,15,113,2015,2.5
1030,0.0,Will Borgen,0.0,0,0.0,0.0,0.0,0.0,0.0,0.0,0.0,0.0,0.0,0.0,0.0,0.0,0.0,0.0,0.0,0.0,0,0,0.0,0.0,0.0,0.0,0.0,0.0,0.0,1144,4,92,D,Buffalo Sabres,6,246,9,46,55,151,2015,9.166666666666666
1032,0.0,Jesper Lindgren,0.0,0,0.0,0.0,0.0,0.0,0.0,0.0,0.0,0.0,0.0,0.0,0.0,0.0,0.0,0.0,0.0,0.0,0,0,0.0,0.0,0.0,0.0,0.0,0.0,0.0,1147,4,95,D,Toronto Maple Leafs,0,0,0,0,0,0,2015,0.0
1034,998.0,Colton White,21.0,NJD,84.0,0.0,10.0,10.0,-20.0,22.0,0.0,0.0,0.0,0.0,10.0,0.0,0.0,54.0,0.0,6.0,42:41,14:32,0.0,0.0,0.0,57.0,65.0,10.0,29.0,1149,4,97,D,New Jersey Devils,6,84,0,10,10,22,2015,1.6666666666666667
1038,720.0,Andrei Mironov,23.0,COL,10.0,1.0,2.0,3.0,2.0,12.0,1.0,0.0,0.0,0.0,2.0,0.0,0.0,3.0,33.3,9.0,110:28,11:03,0.0,0.0,0.0,16.0,19.0,1.0,3.0,1153,4,101,D,Colorado Avalanche,1,10,1,2,3,12,2015,3.0
1040,0.0,Chris Martenet,0.0,0,0.0,0.0,0.0,0.0,0.0,0.0,0.0,0.0,0.0,0.0,0.0,0.0,0.0,0.0,0.0,0.0,0,0,0.0,0.0,0.0,0.0,0.0,0.0,0.0,1155,4,103,D,Dallas Stars,0,0,0,0,0,0,2015,0.0
1044,731.0,Christian Wolanin,22.0,OTT,113.0,7.0,21.0,28.0,-9.0,30.0,7.0,0.0,0.0,1.0,17.0,4.0,0.0,112.0,7.1,20.0,146:28,8:18,0.0,0.0,0.0,91.0,36.0,33.0,69.0,1159,4,107,D,Ottawa Senators,6,86,6,17,23,20,2015,3.8333333333333335
1047,881.0,Parker Wotherspoon,25.0,NYI,53.0,0.0,9.0,9.0,11.0,35.0,0.0,0.0,0.0,0.0,9.0,0.0,0.0,42.0,0.0,17.0,159:55,17:43,0.0,0.0,0.0,74.0,92.0,16.0,24.0,1164,4,112,D,New York Islanders,3,69,0,9,9,39,2015,3.0
1050,830.0,Alexandre Carrier,20.0,NSH,217.0,10.0,52.0,62.0,39.0,131.0,8.0,1.0,1.0,3.0,47.0,4.0,1.0,256.0,0.0,1.0,20:47,20:59,0.0,0.0,0.0,360.0,237.0,67.0,82.0,1167,4,115,D,Nashville Predators,7,245,11,58,69,143,2015,9.857142857142858
1052,627.0,Caleb Jones,21.0,EDM,242.0,14.0,41.0,55.0,-35.0,88.0,13.0,1.0,0.0,3.0,35.0,6.0,0.0,244.0,4.8,44.0,336:33,19:48,0.0,0.0,0.0,301.0,307.0,82.0,165.0,1169,4,117,D,Edmonton Oilers,7,247,14,41,55,90,2015,7.857142857142857
1056,860.0,Ryan Shea,26.0,PIT,31.0,1.0,0.0,1.0,1.0,6.0,1.0,0.0,0.0,0.0,0.0,0.0,0.0,17.0,5.9,36.0,391:22,12:37,0.0,0.0,0.0,24.0,24.0,8.0,8.0,1173,4,121,D,Chicago Blackhawks,2,44,1,1,2,12,2015,1.0
1057,0.0,Devante Stephens,0.0,0,0.0,0.0,0.0,0.0,0.0,0.0,0.0,0.0,0.0,0.0,0.0,0.0,0.0,0.0,0.0,0.0,0,0,0.0,0.0,0.0,0.0,0.0,0.0,0.0,1174,5,122,D,Buffalo Sabres,0,0,0,0,0,0,2015,0.0
1059,663.0,Ethan Bear,20.0,EDM,275.0,17.0,50.0,67.0,-14.0,112.0,15.0,2.0,0.0,6.0,46.0,3.0,1.0,368.0,5.0,45.0,335:23,21:58,0.0,0.0,0.0,343.0,214.0,97.0,208.0,1176,5,124,D,Edmonton Oilers,6,275,17,50,67,112,2015,11.166666666666666
1062,800.0,Niko Mikkola,23.0,STL,333.0,9.0,37.0,46.0,9.0,251.0,8.0,0.0,1.0,0.0,36.0,0.0,1.0,307.0,0.0,13.0,71:49,20:02,0.0,0.0,0.0,456.0,663.0,38.0,149.0,1179,5,127,D,St. Louis Blues,6,284,11,42,53,219,2015,8.833333333333334
1064,0.0,Sam Ruopp,0.0,0,0.0,0.0,0.0,0.0,0.0,0.0,0.0,0.0,0.0,0.0,0.0,0.0,0.0,0.0,0.0,0.0,0,0,0.0,0.0,0.0,0.0,0.0,0.0,0.0,1181,5,129,D,Columbus Blue Jackets,0,0,0,0,0,0,2015,0.0
1065,0.0,Karlis Cukste,0.0,0,0.0,0.0,0.0,0.0,0.0,0.0,0.0,0.0,0.0,0.0,0.0,0.0,0.0,0.0,0.0,0.0,0,0,0.0,0.0,0.0,0.0,0.0,0.0,0.0,1182,5,130,D,San Jose Sharks,0,0,0,0,0,0,2015,0.0
1068,0.0,Joseph Cecconi,0.0,0,0.0,0.0,0.0,0.0,0.0,0.0,0.0,0.0,0.0,0.0,0.0,0.0,0.0,0.0,0.0,0.0,0,0,0.0,0.0,0.0,0.0,0.0,0.0,0.0,1185,5,133,D,Dallas Stars,0,0,0,0,0,0,2015,0.0
1074,0.0,Christian Jaros,0.0,0,0.0,0.0,0.0,0.0,0.0,0.0,0.0,0.0,0.0,0.0,0.0,0.0,0.0,0.0,0.0,0.0,0,0,0.0,0.0,0.0,0.0,0.0,0.0,0.0,1191,5,139,D,Ottawa Senators,5,94,1,13,14,37,2015,2.8
1076,0.0,Veeti Vainio,0.0,0,0.0,0.0,0.0,0.0,0.0,0.0,0.0,0.0,0.0,0.0,0.0,0.0,0.0,0.0,0.0,0.0,0,0,0.0,0.0,0.0,0.0,0.0,0.0,0.0,1193,5,141,D,Columbus Blue Jackets,0,0,0,0,0,0,2015,0.0
1078,0.0,Connor Hobbs,0.0,0,0.0,0.0,0.0,0.0,0.0,0.0,0.0,0.0,0.0,0.0,0.0,0.0,0.0,0.0,0.0,0.0,0,0,0.0,0.0,0.0,0.0,0.0,0.0,0.0,1195,5,143,D,Washington Capitals,0,0,0,0,0,0,2015,0.0
1079,0.0,Carl Neill,0.0,0,0.0,0.0,0.0,0.0,0.0,0.0,0.0,0.0,0.0,0.0,0.0,0.0,0.0,0.0,0.0,0.0,0,0,0.0,0.0,0.0,0.0,0.0,0.0,0.0,1196,5,144,D,Vancouver Canucks,0,0,0,0,0,0,2015,0.0
1080,0.0,Ryan Pilon,0.0,0,0.0,0.0,0.0,0.0,0.0,0.0,0.0,0.0,0.0,0.0,0.0,0.0,0.0,0.0,0.0,0.0,0,0,0.0,0.0,0.0,0.0,0.0,0.0,0.0,1199,5,147,D,New York Islanders,0,0,0,0,0,0,2015,0.0
1083,0.0,Ryan Zuhlsdorf,0.0,0,0.0,0.0,0.0,0.0,0.0,0.0,0.0,0.0,0.0,0.0,0.0,0.0,0.0,0.0,0.0,0.0,0,0,0.0,0.0,0.0,0.0,0.0,0.0,0.0,1202,5,150,D,Tampa Bay Lightning,0,0,0,0,0,0,2015,0.0
1086,269.0,John Marino,22.0,PIT,328.0,18.0,89.0,107.0,38.0,112.0,16.0,2.0,0.0,2.0,77.0,8.0,4.0,331.0,9.8,157.0,1133:35,21:04,0.0,0.0,0.0,385.0,276.0,193.0,169.0,1206,6,154,D,Edmonton Oilers,6,328,18,89,107,112,2015,17.833333333333332
1087,0.0,Stephen Desrocher,0.0,0,0.0,0.0,0.0,0.0,0.0,0.0,0.0,0.0,0.0,0.0,0.0,0.0,0.0,0.0,0.0,0.0,0,0,0.0,0.0,0.0,0.0,0.0,0.0,0.0,1207,6,155,D,Toronto Maple Leafs,0,0,0,0,0,0,2015,0.0
1088,0.0,Jake Massie,0.0,0,0.0,0.0,0.0,0.0,0.0,0.0,0.0,0.0,0.0,0.0,0.0,0.0,0.0,0.0,0.0,0.0,0,0,0.0,0.0,0.0,0.0,0.0,0.0,0.0,1208,6,156,D,Carolina Hurricanes,0,0,0,0,0,0,2015,0.0
1091,372.0,Vladislav Gavrikov,24.0,CBJ,425.0,30.0,94.0,124.0,2.0,204.0,28.0,0.0,2.0,8.0,90.0,0.0,4.0,529.0,6.2,159.0,1309:34,22:20,0.0,0.0,0.0,651.0,475.0,132.0,164.0,1211,6,159,D,Columbus Blue Jackets,7,383,26,90,116,174,2015,16.571428571428573
1092,0.0,Adam Parsells,0.0,0,0.0,0.0,0.0,0.0,0.0,0.0,0.0,0.0,0.0,0.0,0.0,0.0,0.0,0.0,0.0,0.0,0,0,0.0,0.0,0.0,0.0,0.0,0.0,0.0,1212,6,160,D,San Jose Sharks,0,0,0,0,0,0,2015,0.0
1093,0.0,Sergei Boikov,0.0,0,0.0,0.0,0.0,0.0,0.0,0.0,0.0,0.0,0.0,0.0,0.0,0.0,0.0,0.0,0.0,0.0,0,0,0.0,0.0,0.0,0.0,0.0,0.0,0.0,1213,6,161,D,Colorado Avalanche,0,0,0,0,0,0,2015,0.0
1101,0.0,Patrick Holway,0.0,0,0.0,0.0,0.0,0.0,0.0,0.0,0.0,0.0,0.0,0.0,0.0,0.0,0.0,0.0,0.0,0.0,0,0,0.0,0.0,0.0,0.0,0.0,0.0,0.0,1222,6,170,D,Detroit Red Wings,0,0,0,0,0,0,2015,0.0
1102,0.0,Nick Boka,0.0,0,0.0,0.0,0.0,0.0,0.0,0.0,0.0,0.0,0.0,0.0,0.0,0.0,0.0,0.0,0.0,0.0,0,0,0.0,0.0,0.0,0.0,0.0,0.0,0.0,1223,6,171,D,Minnesota Wild,0,0,0,0,0,0,2015,0.0
1103,0.0,Andong Song,0.0,0,0.0,0.0,0.0,0.0,0.0,0.0,0.0,0.0,0.0,0.0,0.0,0.0,0.0,0.0,0.0,0.0,0,0,0.0,0.0,0.0,0.0,0.0,0.0,0.0,1224,6,172,D,New York Islanders,0,0,0,0,0,0,2015,0.0
1104,0.0,Colby Williams,0.0,0,0.0,0.0,0.0,0.0,0.0,0.0,0.0,0.0,0.0,0.0,0.0,0.0,0.0,0.0,0.0,0.0,0,0,0.0,0.0,0.0,0.0,0.0,0.0,0.0,1225,6,173,D,Washington Capitals,0,0,0,0,0,0,2015,0.0
1108,0.0,Simon Bourque,0.0,0,0.0,0.0,0.0,0.0,0.0,0.0,0.0,0.0,0.0,0.0,0.0,0.0,0.0,0.0,0.0,0.0,0,0,0.0,0.0,0.0,0.0,0.0,0.0,0.0,1229,6,177,D,Montréal Canadiens,0,0,0,0,0,0,2015,0.0
1109,0.0,Steven Ruggiero,0.0,0,0.0,0.0,0.0,0.0,0.0,0.0,0.0,0.0,0.0,0.0,0.0,0.0,0.0,0.0,0.0,0.0,0,0,0.0,0.0,0.0,0.0,0.0,0.0,0.0,1230,6,178,D,Anaheim Ducks,0,0,0,0,0,0,2015,0.0
1111,0.0,Joni Tuulola,0.0,0,0.0,0.0,0.0,0.0,0.0,0.0,0.0,0.0,0.0,0.0,0.0,0.0,0.0,0.0,0.0,0.0,0,0,0.0,0.0,0.0,0.0,0.0,0.0,0.0,1233,6,181,D,Chicago Blackhawks,0,0,0,0,0,0,2015,0.0
1112,0.0,Ivan Chukarov,0.0,0,0.0,0.0,0.0,0.0,0.0,0.0,0.0,0.0,0.0,0.0,0.0,0.0,0.0,0.0,0.0,0.0,0,0,0.0,0.0,0.0,0.0,0.0,0.0,0.0,1234,7,182,D,Buffalo Sabres,0,0,0,0,0,0,2015,0.0
1115,0.0,Chaz Reddekopp,0.0,0,0.0,0.0,0.0,0.0,0.0,0.0,0.0,0.0,0.0,0.0,0.0,0.0,0.0,0.0,0.0,0.0,0,0,0.0,0.0,0.0,0.0,0.0,0.0,0.0,1239,7,187,D,Los Angeles Kings,0,0,0,0,0,0,2015,0.0
1116,583.0,Markus Nutivaara,22.0,CBJ,275.0,17.0,54.0,71.0,26.0,42.0,16.0,1.0,0.0,2.0,52.0,2.0,0.0,336.0,3.0,134.0,872:02,7:01,0.0,0.0,0.0,185.0,229.0,57.0,86.0,1241,7,189,D,Columbus Blue Jackets,7,275,17,54,71,42,2015,10.142857142857142
1120,635.0,Matt Roy,23.0,LAK,369.0,24.0,82.0,106.0,67.0,118.0,23.0,0.0,1.0,4.0,71.0,5.0,6.0,626.0,5.9,76.0,428:16,20:59,0.0,0.0,0.0,667.0,626.0,42.0,234.0,1246,7,194,D,Los Angeles Kings,7,389,25,88,113,126,2015,16.142857142857142
1122,0.0,Riley Bruce,0.0,0,0.0,0.0,0.0,0.0,0.0,0.0,0.0,0.0,0.0,0.0,0.0,0.0,0.0,0.0,0.0,0.0,0,0,0.0,0.0,0.0,0.0,0.0,0.0,0.0,1248,7,196,D,Calgary Flames,0,0,0,0,0,0,2015,0.0
1124,827.0,Sami Niku,21.0,WPG,67.0,2.0,14.0,16.0,-2.0,24.0,2.0,0.0,0.0,0.0,13.0,1.0,0.0,64.0,50.0,3.0,15:13,16:10,0.0,0.0,0.0,76.0,32.0,8.0,32.0,1250,7,198,D,Winnipeg Jets,5,67,2,14,16,24,2015,3.2
1126,0.0,Gustav Bouramman,0.0,0,0.0,0.0,0.0,0.0,0.0,0.0,0.0,0.0,0.0,0.0,0.0,0.0,0.0,0.0,0.0,0.0,0,0,0.0,0.0,0.0,0.0,0.0,0.0,0.0,1253,7,201,D,Minnesota Wild,0,0,0,0,0,0,2015,0.0
1127,0.0,Petter Hansson,0.0,0,0.0,0.0,0.0,0.0,0.0,0.0,0.0,0.0,0.0,0.0,0.0,0.0,0.0,0.0,0.0,0.0,0,0,0.0,0.0,0.0,0.0,0.0,0.0,0.0,1254,7,202,D,New York Islanders,0,0,0,0,0,0,2015,0.0
1129,0.0,Jack Sadek,0.0,0,0.0,0.0,0.0,0.0,0.0,0.0,0.0,0.0,0.0,0.0,0.0,0.0,0.0,0.0,0.0,0.0,0,0,0.0,0.0,0.0,0.0,0.0,0.0,0.0,1256,7,204,D,Minnesota Wild,0,0,0,0,0,0,2015,0.0
1131,0.0,Ziyat Paigin,0.0,0,0.0,0.0,0.0,0.0,0.0,0.0,0.0,0.0,0.0,0.0,0.0,0.0,0.0,0.0,0.0,0.0,0,0,0.0,0.0,0.0,0.0,0.0,0.0,0.0,1261,7,209,D,Edmonton Oilers,0,0,0,0,0,0,2015,0.0
1132,0.0,Tate Olson,0.0,0,0.0,0.0,0.0,0.0,0.0,0.0,0.0,0.0,0.0,0.0,0.0,0.0,0.0,0.0,0.0,0.0,0,0,0.0,0.0,0.0,0.0,0.0,0.0,0.0,1262,7,210,D,Vancouver Canucks,0,0,0,0,0,0,2015,0.0
1138,668.0,Olli Juolevi,22.0,VAN,59.0,2.0,1.0,3.0,-3.0,12.0,2.0,0.0,0.0,0.0,1.0,0.0,0.0,60.0,8.3,57.0,303:49,13:13,0.0,0.0,0.0,50.0,51.0,6.0,23.0,1268,1,5,D,Vancouver Canucks,3,41,2,1,3,6,2016,1.0
1142,0.0,Mikhail Sergachyov,0.0,0,0.0,0.0,0.0,0.0,0.0,0.0,0.0,0.0,0.0,0.0,0.0,0.0,0.0,0.0,0.0,0.0,0,0,0.0,0.0,0.0,0.0,0.0,0.0,0.0,1272,1,9,D,Montréal Canadiens,9,505,55,224,279,298,2016,31.0
1146,855.0,Jake Bean,20.0,CAR,197.0,13.0,43.0,56.0,-19.0,76.0,12.0,1.0,0.0,2.0,33.0,9.0,1.0,238.0,0.0,2.0,16:55,8:28,0.0,0.0,0.0,223.0,100.0,66.0,59.0,1276,1,13,D,Carolina Hurricanes,6,215,14,45,59,80,2016,9.833333333333334
1147,247.0,Charlie McAvoy,20.0,BOS,454.0,53.0,224.0,277.0,144.0,383.0,40.0,12.0,1.0,16.0,161.0,60.0,3.0,753.0,9.1,187.0,1395:17,24:51,0.0,0.0,0.0,802.0,819.0,193.0,377.0,1277,1,14,D,Boston Bruins,9,486,58,231,289,421,2016,32.111111111111114
1149,340.0,Jakob Chychrun,18.0,ARI,515.0,85.0,164.0,249.0,-62.0,338.0,53.0,32.0,0.0,10.0,127.0,37.0,0.0,1263.0,8.1,197.0,1133:20,23:23,0.0,0.0,0.0,818.0,624.0,175.0,400.0,1279,1,16,D,Arizona Coyotes,9,492,85,152,237,330,2016,26.33333333333333
1150,793.0,Dante Fabbro,20.0,NSH,309.0,16.0,56.0,72.0,9.0,159.0,14.0,2.0,0.0,1.0,54.0,2.0,0.0,410.0,20.0,7.0,50:57,19:19,0.0,0.0,0.0,470.0,316.0,84.0,183.0,1280,1,17,D,Nashville Predators,7,332,19,60,79,175,2016,11.285714285714286
1151,643.0,Logan Stanley,22.0,WPG,139.0,4.0,18.0,22.0,17.0,127.0,4.0,0.0,0.0,1.0,17.0,0.0,1.0,183.0,1.6,131.0,489:14,15:39,0.0,0.0,0.0,191.0,269.0,28.0,102.0,1281,1,18,D,Winnipeg Jets,5,159,5,21,26,178,2016,5.2
1153,452.0,Dennis Cholowski,20.0,DET,128.0,10.0,23.0,33.0,-54.0,30.0,5.0,5.0,0.0,2.0,14.0,9.0,0.0,154.0,9.9,152.0,949:10,19:43,1.0,0.0,100.0,130.0,48.0,16.0,88.0,1283,1,20,D,Detroit Red Wings,6,139,13,25,38,32,2016,6.333333333333333
1161,864.0,Lucas Johansen,24.0,WSH,9.0,0.0,2.0,2.0,2.0,4.0,0.0,0.0,0.0,0.0,2.0,0.0,0.0,7.0,0.0,1.0,12:18,14:16,0.0,0.0,0.0,10.0,1.0,4.0,2.0,1291,1,28,D,Washington Capitals,3,9,0,2,2,4,2016,0.6666666666666666
1167,687.0,Andrew Peeke,21.0,CBJ,271.0,11.0,43.0,54.0,-60.0,118.0,11.0,0.0,0.0,1.0,40.0,0.0,3.0,264.0,4.3,53.0,304:50,21:29,0.0,0.0,0.0,558.0,607.0,57.0,104.0,1297,2,34,D,Columbus Blue Jackets,6,259,10,39,49,106,2016,8.166666666666666
1170,0.0,Libor Hájek,0.0,0,0.0,0.0,0.0,0.0,0.0,0.0,0.0,0.0,0.0,0.0,0.0,0.0,0.0,0.0,0.0,0.0,0,0,0.0,0.0,0.0,0.0,0.0,0.0,0.0,1300,2,37,D,Tampa Bay Lightning,5,110,4,8,12,40,2016,2.4
1178,0.0,Chad Krys,0.0,0,0.0,0.0,0.0,0.0,0.0,0.0,0.0,0.0,0.0,0.0,0.0,0.0,0.0,0.0,0.0,0.0,0,0,0.0,0.0,0.0,0.0,0.0,0.0,0.0,1308,2,45,D,Chicago Blackhawks,0,0,0,0,0,0,2016,0.0
1180,350.0,Samuel Girard,19.0,2TM,548.0,35.0,187.0,222.0,-12.0,101.0,31.0,4.0,0.0,3.0,117.0,69.0,1.0,730.0,4.8,171.0,1288:19,23:13,0.0,0.0,0.0,677.0,442.0,189.0,273.0,1310,2,47,D,Nashville Predators,8,507,33,182,215,99,2016,26.875
1181,937.0,Ryan Lindgren,20.0,NYR,333.0,10.0,70.0,80.0,99.0,219.0,9.0,0.0,1.0,2.0,68.0,0.0,2.0,341.0,0.0,9.0,72:56,20:06,0.0,0.0,0.0,465.0,514.0,93.0,119.0,1312,2,49,D,Boston Bruins,7,358,11,73,84,237,2016,12.0
1183,848.0,Kale Clague,21.0,LAK,130.0,4.0,27.0,31.0,-32.0,72.0,4.0,0.0,0.0,0.0,21.0,6.0,0.0,104.0,0.0,6.0,58:14,17:50,0.0,0.0,0.0,87.0,63.0,20.0,90.0,1314,2,51,D,Los Angeles Kings,5,94,2,19,21,52,2016,4.2
1185,355.0,Filip Hronek,21.0,DET,454.0,44.0,200.0,244.0,-48.0,234.0,30.0,14.0,0.0,2.0,137.0,62.0,1.0,841.0,6.8,164.0,918:12,24:17,0.0,0.0,0.0,436.0,616.0,99.0,314.0,1316,2,53,D,Detroit Red Wings,7,411,36,178,214,218,2016,30.571428571428573
1191,0.0,Markus Niemeläinen,0.0,0,0.0,0.0,0.0,0.0,0.0,0.0,0.0,0.0,0.0,0.0,0.0,0.0,0.0,0.0,0.0,0.0,0,0,0.0,0.0,0.0,0.0,0.0,0.0,0.0,1326,3,63,D,Edmonton Oilers,2,43,0,1,1,8,2016,0.5
1194,120.0,Adam Fox,21.0,NYR,357.0,53.0,255.0,308.0,108.0,142.0,40.0,10.0,3.0,17.0,128.0,121.0,6.0,681.0,6.4,243.0,1323:18,24:42,0.0,0.0,0.0,570.0,157.0,308.0,262.0,1329,3,66,D,Calgary Flames,6,387,54,279,333,160,2016,55.5
1196,630.0,Cam Dineen,23.0,ARI,34.0,0.0,7.0,7.0,-16.0,4.0,0.0,0.0,0.0,0.0,7.0,0.0,0.0,52.0,0.0,110.0,531:43,15:38,0.0,0.0,0.0,44.0,22.0,6.0,18.0,1331,3,68,D,Arizona Coyotes,1,34,0,7,7,4,2016,7.0
1199,724.0,Josh Anderson,20.0,CBJ,535.0,131.0,92.0,223.0,-34.0,461.0,116.0,11.0,4.0,24.0,80.0,11.0,1.0,1202.0,0.0,19.0,80:42,18:02,0.0,0.0,0.0,272.0,1202.0,229.0,159.0,1334,3,71,D,Colorado Avalanche,0,0,0,0,0,0,2016,0.0
1204,0.0,Connor Hall,0.0,0,0.0,0.0,0.0,0.0,0.0,0.0,0.0,0.0,0.0,0.0,0.0,0.0,0.0,0.0,0.0,0.0,0,0,0.0,0.0,0.0,0.0,0.0,0.0,0.0,1340,3,77,D,Pittsburgh Penguins,0,0,0,0,0,0,2016,0.0
1205,0.0,Frédéric Allard,0.0,0,0.0,0.0,0.0,0.0,0.0,0.0,0.0,0.0,0.0,0.0,0.0,0.0,0.0,0.0,0.0,0.0,0,0,0.0,0.0,0.0,0.0,0.0,0.0,0.0,1341,3,78,D,Nashville Predators,2,4,0,0,0,0,2016,0.0
1206,0.0,Luke Green,0.0,0,0.0,0.0,0.0,0.0,0.0,0.0,0.0,0.0,0.0,0.0,0.0,0.0,0.0,0.0,0.0,0.0,0,0,0.0,0.0,0.0,0.0,0.0,0.0,0.0,1342,3,79,D,Winnipeg Jets,0,0,0,0,0,0,2016,0.0
1208,942.0,Sean Day,24.0,TBL,2.0,0.0,0.0,0.0,-2.0,0.0,0.0,0.0,0.0,0.0,0.0,0.0,0.0,2.0,0.0,3.0,21:25,10:43,0.0,0.0,0.0,2.0,4.0,1.0,0.0,1344,3,81,D,New York Rangers,1,2,0,0,0,0,2016,0.0
1210,0.0,Matt Cairns,0.0,0,0.0,0.0,0.0,0.0,0.0,0.0,0.0,0.0,0.0,0.0,0.0,0.0,0.0,0.0,0.0,0.0,0,0,0.0,0.0,0.0,0.0,0.0,0.0,0.0,1347,3,84,D,Edmonton Oilers,0,0,0,0,0,0,2016,0.0
1211,662.0,Josh Mahura,20.0,ANA,191.0,10.0,35.0,45.0,-2.0,90.0,10.0,0.0,0.0,1.0,31.0,3.0,1.0,184.0,5.0,42.0,243:10,16:14,0.0,0.0,0.0,186.0,222.0,30.0,70.0,1348,3,85,D,Anaheim Ducks,7,212,10,36,46,98,2016,6.571428571428571
1212,659.0,Casey Fitzgerald,24.0,BUF,90.0,0.0,12.0,12.0,-23.0,44.0,0.0,0.0,0.0,0.0,12.0,0.0,0.0,67.0,0.0,67.0,607:30,5:23,0.0,0.0,0.0,59.0,156.0,23.0,19.0,1349,3,86,D,Buffalo Sabres,2,63,0,9,9,40,2016,4.5
1214,0.0,Linus Nässén,0.0,0,0.0,0.0,0.0,0.0,0.0,0.0,0.0,0.0,0.0,0.0,0.0,0.0,0.0,0.0,0.0,0.0,0,0,0.0,0.0,0.0,0.0,0.0,0.0,0.0,1352,3,89,D,Florida Panthers,0,0,0,0,0,0,2016,0.0
1216,0.0,Filip Berglund,0.0,0,0.0,0.0,0.0,0.0,0.0,0.0,0.0,0.0,0.0,0.0,0.0,0.0,0.0,0.0,0.0,0.0,0,0,0.0,0.0,0.0,0.0,0.0,0.0,0.0,1354,3,91,D,Edmonton Oilers,0,0,0,0,0,0,2016,0.0
1222,0.0,Jacob Cederholm,0.0,0,0.0,0.0,0.0,0.0,0.0,0.0,0.0,0.0,0.0,0.0,0.0,0.0,0.0,0.0,0.0,0.0,0,0,0.0,0.0,0.0,0.0,0.0,0.0,0.0,1360,4,97,D,Winnipeg Jets,0,0,0,0,0,0,2016,0.0
1223,810.0,Tarmo Reunanen,22.0,NYR,4.0,0.0,1.0,1.0,1.0,0.0,0.0,0.0,0.0,0.0,1.0,0.0,0.0,5.0,0.0,6.0,53:06,13:17,0.0,0.0,0.0,5.0,4.0,1.0,0.0,1361,4,98,D,New York Rangers,1,4,0,1,1,0,2016,1.0
1225,611.0,Victor Mete,19.0,MTL,276.0,6.0,44.0,50.0,27.0,54.0,6.0,0.0,0.0,1.0,38.0,6.0,0.0,239.0,0.0,97.0,763:44,17:46,0.0,0.0,0.0,344.0,96.0,47.0,190.0,1363,4,100,D,Montréal Canadiens,7,248,5,40,45,46,2016,6.428571428571429
1226,944.0,Keaton Middleton,22.0,COL,3.0,0.0,0.0,0.0,-1.0,4.0,0.0,0.0,0.0,0.0,0.0,0.0,0.0,2.0,0.0,5.0,27:55,9:18,0.0,0.0,0.0,1.0,4.0,0.0,3.0,1364,4,101,D,Toronto Maple Leafs,2,8,0,0,0,4,2016,0.0
1231,0.0,Alfons Malmström,0.0,0,0.0,0.0,0.0,0.0,0.0,0.0,0.0,0.0,0.0,0.0,0.0,0.0,0.0,0.0,0.0,0.0,0,0,0.0,0.0,0.0,0.0,0.0,0.0,0.0,1370,4,107,D,Detroit Red Wings,0,0,0,0,0,0,2016,0.0
1232,0.0,Hardy Häman Aktell,0.0,0,0.0,0.0,0.0,0.0,0.0,0.0,0.0,0.0,0.0,0.0,0.0,0.0,0.0,0.0,0.0,0.0,0,0,0.0,0.0,0.0,0.0,0.0,0.0,0.0,1371,4,108,D,Nashville Predators,1,6,0,1,1,2,2016,1.0
1234,758.0,Lucas Carlsson,22.0,CHI,60.0,3.0,8.0,11.0,6.0,14.0,3.0,0.0,0.0,0.0,8.0,0.0,0.0,56.0,0.0,9.0,84:50,14:08,0.0,0.0,0.0,39.0,59.0,10.0,16.0,1373,4,110,D,Chicago Blackhawks,4,60,3,8,11,14,2016,2.75
1236,804.0,Jacob Moverare,23.0,LAK,45.0,1.0,2.0,3.0,2.0,8.0,1.0,0.0,0.0,0.0,2.0,0.0,0.0,32.0,0.0,28.0,310:29,16:20,0.0,0.0,0.0,48.0,31.0,2.0,6.0,1375,4,112,D,Los Angeles Kings,4,57,1,2,3,8,2016,0.75
1238,986.0,Riley Stillman,20.0,FLA,229.0,6.0,29.0,35.0,-27.0,156.0,6.0,0.0,0.0,1.0,29.0,0.0,0.0,221.0,0.0,2.0,11:22,19:07,0.0,0.0,0.0,270.0,450.0,46.0,118.0,1377,4,114,D,Florida Panthers,6,158,4,22,26,104,2016,4.333333333333333
1245,0.0,Ryan Jones,0.0,0,0.0,0.0,0.0,0.0,0.0,0.0,0.0,0.0,0.0,0.0,0.0,0.0,0.0,0.0,0.0,0.0,0,0,0.0,0.0,0.0,0.0,0.0,0.0,0.0,1384,4,121,D,Pittsburgh Penguins,0,0,0,0,0,0,2016,0.0
1247,0.0,Casey Staum,0.0,0,0.0,0.0,0.0,0.0,0.0,0.0,0.0,0.0,0.0,0.0,0.0,0.0,0.0,0.0,0.0,0.0,0,0,0.0,0.0,0.0,0.0,0.0,0.0,0.0,1387,5,124,D,Montréal Canadiens,0,0,0,0,0,0,2016,0.0
1251,0.0,Philip Nyberg,0.0,0,0.0,0.0,0.0,0.0,0.0,0.0,0.0,0.0,0.0,0.0,0.0,0.0,0.0,0.0,0.0,0.0,0,0,0.0,0.0,0.0,0.0,0.0,0.0,0.0,1392,5,129,D,Buffalo Sabres,0,0,0,0,0,0,2016,0.0
1252,0.0,Vojtech Budik,0.0,0,0.0,0.0,0.0,0.0,0.0,0.0,0.0,0.0,0.0,0.0,0.0,0.0,0.0,0.0,0.0,0.0,0,0,0.0,0.0,0.0,0.0,0.0,0.0,0.0,1393,5,130,D,Buffalo Sabres,0,0,0,0,0,0,2016,0.0
1253,0.0,Yegor Rykov,0.0,0,0.0,0.0,0.0,0.0,0.0,0.0,0.0,0.0,0.0,0.0,0.0,0.0,0.0,0.0,0.0,0.0,0,0,0.0,0.0,0.0,0.0,0.0,0.0,0.0,1395,5,132,D,New Jersey Devils,0,0,0,0,0,0,2016,0.0
1254,467.0,Maxime Lajoie,21.0,OTT,77.0,7.0,9.0,16.0,-22.0,20.0,3.0,4.0,0.0,0.0,4.0,5.0,0.0,91.0,8.9,165.0,1058:43,7:51,0.0,0.0,0.0,97.0,53.0,17.0,51.0,1396,5,133,D,Ottawa Senators,6,77,7,9,16,20,2016,2.6666666666666665
1256,0.0,Cam Clarke,0.0,0,0.0,0.0,0.0,0.0,0.0,0.0,0.0,0.0,0.0,0.0,0.0,0.0,0.0,0.0,0.0,0.0,0,0,0.0,0.0,0.0,0.0,0.0,0.0,0.0,1399,5,136,D,Boston Bruins,0,0,0,0,0,0,2016,0.0
1257,0.0,Jordan Sambrook,0.0,0,0.0,0.0,0.0,0.0,0.0,0.0,0.0,0.0,0.0,0.0,0.0,0.0,0.0,0.0,0.0,0.0,0,0,0.0,0.0,0.0,0.0,0.0,0.0,0.0,1400,5,137,D,Detroit Red Wings,0,0,0,0,0,0,2016,0.0
1259,0.0,Linus Högberg,0.0,0,0.0,0.0,0.0,0.0,0.0,0.0,0.0,0.0,0.0,0.0,0.0,0.0,0.0,0.0,0.0,0.0,0,0,0.0,0.0,0.0,0.0,0.0,0.0,0.0,1402,5,139,D,Philadelphia Flyers,1,5,0,2,2,2,2016,2.0
1260,0.0,Cole Candella,0.0,0,0.0,0.0,0.0,0.0,0.0,0.0,0.0,0.0,0.0,0.0,0.0,0.0,0.0,0.0,0.0,0.0,0,0,0.0,0.0,0.0,0.0,0.0,0.0,0.0,1403,5,140,D,Vancouver Canucks,0,0,0,0,0,0,2016,0.0
1271,0.0,Niclas Almari,0.0,0,0.0,0.0,0.0,0.0,0.0,0.0,0.0,0.0,0.0,0.0,0.0,0.0,0.0,0.0,0.0,0.0,0,0,0.0,0.0,0.0,0.0,0.0,0.0,0.0,1414,5,151,D,Pittsburgh Penguins,0,0,0,0,0,0,2016,0.0
1276,0.0,Patrick Kudla,0.0,0,0.0,0.0,0.0,0.0,0.0,0.0,0.0,0.0,0.0,0.0,0.0,0.0,0.0,0.0,0.0,0.0,0,0,0.0,0.0,0.0,0.0,0.0,0.0,0.0,1421,6,158,D,Arizona Coyotes,0,0,0,0,0,0,2016,0.0
1279,0.0,Nate Clurman,0.0,0,0.0,0.0,0.0,0.0,0.0,0.0,0.0,0.0,0.0,0.0,0.0,0.0,0.0,0.0,0.0,0.0,0,0,0.0,0.0,0.0,0.0,0.0,0.0,0.0,1424,6,161,D,Colorado Avalanche,0,0,0,0,0,0,2016,0.0
1282,0.0,Noah Carroll,0.0,0,0.0,0.0,0.0,0.0,0.0,0.0,0.0,0.0,0.0,0.0,0.0,0.0,0.0,0.0,0.0,0.0,0,0,0.0,0.0,0.0,0.0,0.0,0.0,0.0,1427,6,164,D,Carolina Hurricanes,0,0,0,0,0,0,2016,0.0
1289,804.0,Blake Hillman,22.0,CHI,4.0,1.0,0.0,1.0,-1.0,0.0,0.0,0.0,1.0,0.0,0.0,0.0,0.0,5.0,20.0,10.0,72:07,18:02,0.0,0.0,0.0,8.0,5.0,0.0,0.0,1436,6,173,D,Chicago Blackhawks,1,4,1,0,1,0,2016,1.0
1291,0.0,Jakob Stenqvist,0.0,0,0.0,0.0,0.0,0.0,0.0,0.0,0.0,0.0,0.0,0.0,0.0,0.0,0.0,0.0,0.0,0.0,0,0,0.0,0.0,0.0,0.0,0.0,0.0,0.0,1439,6,176,D,Dallas Stars,0,0,0,0,0,0,2016,0.0
1292,1059.0,Chase Priskie,25.0,FLA,4.0,0.0,0.0,0.0,2.0,2.0,0.0,0.0,0.0,0.0,0.0,0.0,0.0,4.0,0.0,7.0,56:01,14:00,0.0,0.0,0.0,3.0,3.0,1.0,4.0,1440,6,177,D,Washington Capitals,1,4,0,0,0,2,2016,0.0
1293,0.0,Oleg Sosunov,0.0,0,0.0,0.0,0.0,0.0,0.0,0.0,0.0,0.0,0.0,0.0,0.0,0.0,0.0,0.0,0.0,0.0,0,0,0.0,0.0,0.0,0.0,0.0,0.0,0.0,1441,6,178,D,Tampa Bay Lightning,0,0,0,0,0,0,2016,0.0
1294,0.0,Nicolas Mattinen,0.0,0,0.0,0.0,0.0,0.0,0.0,0.0,0.0,0.0,0.0,0.0,0.0,0.0,0.0,0.0,0.0,0.0,0,0,0.0,0.0,0.0,0.0,0.0,0.0,0.0,1442,6,179,D,Toronto Maple Leafs,0,0,0,0,0,0,2016,0.0
1295,0.0,Mark Shoemaker,0.0,0,0.0,0.0,0.0,0.0,0.0,0.0,0.0,0.0,0.0,0.0,0.0,0.0,0.0,0.0,0.0,0.0,0,0,0.0,0.0,0.0,0.0,0.0,0.0,0.0,1443,6,180,D,San Jose Sharks,0,0,0,0,0,0,2016,0.0
1296,0.0,Joe Masonius,0.0,0,0.0,0.0,0.0,0.0,0.0,0.0,0.0,0.0,0.0,0.0,0.0,0.0,0.0,0.0,0.0,0.0,0,0,0.0,0.0,0.0,0.0,0.0,0.0,0.0,1444,6,181,D,Pittsburgh Penguins,0,0,0,0,0,0,2016,0.0
1298,667.0,Vincent Desharnais,26.0,EDM,114.0,1.0,15.0,16.0,18.0,85.0,1.0,0.0,0.0,0.0,13.0,0.0,2.0,58.0,0.0,48.0,487:39,15:44,0.0,0.0,0.0,170.0,180.0,19.0,58.0,1446,7,183,D,Edmonton Oilers,3,131,1,17,18,100,2016,6.0
1301,0.0,Stepan Falkovsky,0.0,0,0.0,0.0,0.0,0.0,0.0,0.0,0.0,0.0,0.0,0.0,0.0,0.0,0.0,0.0,0.0,0.0,0,0,0.0,0.0,0.0,0.0,0.0,0.0,0.0,1449,7,186,D,Calgary Flames,0,0,0,0,0,0,2016,0.0
1302,0.0,Arvid Henrikson,0.0,0,0.0,0.0,0.0,0.0,0.0,0.0,0.0,0.0,0.0,0.0,0.0,0.0,0.0,0.0,0.0,0.0,0,0,0.0,0.0,0.0,0.0,0.0,0.0,0.0,1450,7,187,D,Montréal Canadiens,0,0,0,0,0,0,2016,0.0
1303,0.0,Dean Stewart,0.0,0,0.0,0.0,0.0,0.0,0.0,0.0,0.0,0.0,0.0,0.0,0.0,0.0,0.0,0.0,0.0,0.0,0,0,0.0,0.0,0.0,0.0,0.0,0.0,0.0,1451,7,188,D,Arizona Coyotes,0,0,0,0,0,0,2016,0.0
1304,0.0,Austin Osmanski,0.0,0,0.0,0.0,0.0,0.0,0.0,0.0,0.0,0.0,0.0,0.0,0.0,0.0,0.0,0.0,0.0,0.0,0,0,0.0,0.0,0.0,0.0,0.0,0.0,0.0,1452,7,189,D,Buffalo Sabres,0,0,0,0,0,0,2016,0.0
1307,0.0,Jérémy Davies,0.0,0,0.0,0.0,0.0,0.0,0.0,0.0,0.0,0.0,0.0,0.0,0.0,0.0,0.0,0.0,0.0,0.0,0,0,0.0,0.0,0.0,0.0,0.0,0.0,0.0,1455,7,192,D,New Jersey Devils,3,23,0,3,3,12,2016,1.0
1310,0.0,Ben Finkelstein,0.0,0,0.0,0.0,0.0,0.0,0.0,0.0,0.0,0.0,0.0,0.0,0.0,0.0,0.0,0.0,0.0,0.0,0,0,0.0,0.0,0.0,0.0,0.0,0.0,0.0,1458,7,195,D,Florida Panthers,0,0,0,0,0,0,2016,0.0
1313,0.0,Adam Smith,0.0,0,0.0,0.0,0.0,0.0,0.0,0.0,0.0,0.0,0.0,0.0,0.0,0.0,0.0,0.0,0.0,0.0,0,0,0.0,0.0,0.0,0.0,0.0,0.0,0.0,1461,7,198,D,Nashville Predators,0,0,0,0,0,0,2016,0.0
1314,0.0,David Bernhardt,0.0,0,0.0,0.0,0.0,0.0,0.0,0.0,0.0,0.0,0.0,0.0,0.0,0.0,0.0,0.0,0.0,0.0,0,0,0.0,0.0,0.0,0.0,0.0,0.0,0.0,1462,7,199,D,Philadelphia Flyers,0,0,0,0,0,0,2016,0.0
1315,0.0,David Quenneville,0.0,0,0.0,0.0,0.0,0.0,0.0,0.0,0.0,0.0,0.0,0.0,0.0,0.0,0.0,0.0,0.0,0.0,0,0,0.0,0.0,0.0,0.0,0.0,0.0,0.0,1463,7,200,D,New York Islanders,0,0,0,0,0,0,2016,0.0
1317,0.0,Jacob Friend,0.0,0,0.0,0.0,0.0,0.0,0.0,0.0,0.0,0.0,0.0,0.0,0.0,0.0,0.0,0.0,0.0,0.0,0,0,0.0,0.0,0.0,0.0,0.0,0.0,0.0,1465,7,202,D,Los Angeles Kings,0,0,0,0,0,0,2016,0.0
1318,0.0,Jake Ryczek,0.0,0,0.0,0.0,0.0,0.0,0.0,0.0,0.0,0.0,0.0,0.0,0.0,0.0,0.0,0.0,0.0,0.0,0,0,0.0,0.0,0.0,0.0,0.0,0.0,0.0,1466,7,203,D,Chicago Blackhawks,0,0,0,0,0,0,2016,0.0
1319,0.0,Braydyn Chizen,0.0,0,0.0,0.0,0.0,0.0,0.0,0.0,0.0,0.0,0.0,0.0,0.0,0.0,0.0,0.0,0.0,0.0,0,0,0.0,0.0,0.0,0.0,0.0,0.0,0.0,1467,7,204,D,Minnesota Wild,0,0,0,0,0,0,2016,0.0
1322,0.0,Dmitri Zaitsev,0.0,0,0.0,0.0,0.0,0.0,0.0,0.0,0.0,0.0,0.0,0.0,0.0,0.0,0.0,0.0,0.0,0.0,0,0,0.0,0.0,0.0,0.0,0.0,0.0,0.0,1470,7,207,D,Washington Capitals,0,0,0,0,0,0,2016,0.0
1329,232.0,Miro Heiskanen,19.0,DAL,425.0,53.0,205.0,258.0,14.0,132.0,41.0,12.0,0.0,10.0,123.0,80.0,2.0,990.0,6.6,364.0,1895:17,25:29,0.0,0.0,0.0,492.0,277.0,224.0,408.0,1477,1,3,D,Dallas Stars,7,455,57,215,272,140,2017,38.85714285714285
1330,68.0,Cale Makar,21.0,COL,315.0,86.0,250.0,336.0,108.0,96.0,56.0,29.0,1.0,20.0,132.0,115.0,3.0,872.0,9.9,272.0,1197:36,26:23,0.0,0.0,0.0,419.0,291.0,235.0,191.0,1478,1,4,D,Colorado Avalanche,7,347,95,278,373,102,2017,53.285714285714285
1340,0.0,Cal Foote,0.0,0,0.0,0.0,0.0,0.0,0.0,0.0,0.0,0.0,0.0,0.0,0.0,0.0,0.0,0.0,0.0,0.0,0,0,0.0,0.0,0.0,0.0,0.0,0.0,0.0,1488,1,14,D,Tampa Bay Lightning,4,145,5,15,20,137,2017,5.0
1341,0.0,Erik Brännström,0.0,0,0.0,0.0,0.0,0.0,0.0,0.0,0.0,0.0,0.0,0.0,0.0,0.0,0.0,0.0,0.0,0.0,0,0,0.0,0.0,0.0,0.0,0.0,0.0,0.0,1489,1,15,D,Vegas Golden Knights,7,290,10,66,76,151,2017,10.857142857142858
1342,0.0,Juuso Välimäki,0.0,0,0.0,0.0,0.0,0.0,0.0,0.0,0.0,0.0,0.0,0.0,0.0,0.0,0.0,0.0,0.0,0.0,0,0,0.0,0.0,0.0,0.0,0.0,0.0,0.0,1490,1,16,D,Calgary Flames,7,252,11,59,70,125,2017,10.0
1343,791.0,Timothy Liljegren,20.0,TOR,196.0,14.0,51.0,65.0,38.0,64.0,12.0,1.0,1.0,1.0,40.0,9.0,2.0,228.0,0.0,9.0,113:14,19:40,0.0,0.0,0.0,281.0,297.0,40.0,127.0,1491,1,17,D,Toronto Maple Leafs,6,218,17,54,71,78,2017,11.833333333333334
1344,996.0,Urho Vaakanainen,20.0,BOS,165.0,1.0,29.0,30.0,-28.0,48.0,1.0,0.0,0.0,0.0,26.0,2.0,1.0,167.0,0.0,4.0,18:12,9:06,0.0,0.0,0.0,185.0,138.0,36.0,65.0,1492,1,18,D,Boston Bruins,7,141,1,24,25,40,2017,3.571428571428572
1349,597.0,Pierre-Olivier Joseph,21.0,PIT,147.0,8.0,29.0,37.0,4.0,66.0,7.0,1.0,0.0,2.0,27.0,2.0,0.0,184.0,3.7,48.0,268:37,18:14,0.0,0.0,0.0,91.0,163.0,69.0,62.0,1497,1,23,D,Arizona Coyotes,5,170,8,31,39,89,2017,7.8
1354,511.0,Henri Jokiharju,19.0,CHI,347.0,16.0,71.0,87.0,-30.0,126.0,15.0,1.0,0.0,1.0,64.0,6.0,1.0,436.0,0.0,138.0,721:15,21:53,0.0,0.0,0.0,377.0,397.0,73.0,165.0,1503,1,29,D,Chicago Blackhawks,7,371,17,73,90,136,2017,12.857142857142858
1357,957.0,Conor Timmins,21.0,COL,118.0,5.0,40.0,45.0,9.0,42.0,5.0,0.0,0.0,2.0,30.0,10.0,0.0,100.0,0.0,4.0,20:49,8:34,0.0,0.0,0.0,95.0,105.0,33.0,58.0,1506,2,32,D,Colorado Avalanche,6,119,4,33,37,48,2017,6.166666666666667
1359,486.0,Nicolas Hague,21.0,VEG,296.0,15.0,56.0,71.0,22.0,195.0,14.0,1.0,0.0,2.0,53.0,3.0,0.0,456.0,1.9,136.0,611:24,18:40,0.0,0.0,0.0,415.0,490.0,80.0,96.0,1508,2,34,D,Vegas Golden Knights,6,316,16,58,74,206,2017,12.333333333333334
1363,0.0,Gustav Lindström,0.0,0,0.0,0.0,0.0,0.0,0.0,0.0,0.0,0.0,0.0,0.0,0.0,0.0,0.0,0.0,0.0,0.0,0,0,0.0,0.0,0.0,0.0,0.0,0.0,0.0,1512,2,38,D,Detroit Red Wings,5,174,5,30,35,80,2017,7.0
1368,696.0,Dylan Samberg,23.0,WPG,156.0,3.0,28.0,31.0,29.0,72.0,3.0,0.0,0.0,0.0,25.0,1.0,2.0,140.0,0.0,28.0,222:48,15:38,0.0,0.0,0.0,223.0,177.0,53.0,86.0,1517,2,43,D,Winnipeg Jets,4,177,6,31,37,90,2017,9.25
1369,0.0,Filip Westerlund,0.0,0,0.0,0.0,0.0,0.0,0.0,0.0,0.0,0.0,0.0,0.0,0.0,0.0,0.0,0.0,0.0,0.0,0,0,0.0,0.0,0.0,0.0,0.0,0.0,0.0,1518,2,44,D,Arizona Coyotes,0,0,0,0,0,0,2017,0.0
1371,695.0,Robin Salo,23.0,NYI,32.0,3.0,6.0,9.0,-5.0,8.0,3.0,0.0,0.0,0.0,4.0,2.0,0.0,33.0,4.2,43.0,350:31,16:41,0.0,0.0,0.0,36.0,13.0,6.0,20.0,1520,2,46,D,New York Islanders,2,32,3,6,9,8,2017,4.5
1374,482.0,Mario Ferraro,21.0,SJS,330.0,12.0,62.0,74.0,-95.0,128.0,12.0,0.0,0.0,1.0,56.0,5.0,1.0,360.0,3.2,143.0,969:08,23:00,0.0,0.0,0.0,645.0,668.0,142.0,132.0,1523,2,49,D,San Jose Sharks,6,363,14,66,80,147,2017,13.333333333333334
1376,0.0,Zachary Lauzon,0.0,0,0.0,0.0,0.0,0.0,0.0,0.0,0.0,0.0,0.0,0.0,0.0,0.0,0.0,0.0,0.0,0.0,0,0,0.0,0.0,0.0,0.0,0.0,0.0,0.0,1525,2,51,D,Pittsburgh Penguins,0,0,0,0,0,0,2017,0.0
1377,0.0,Luke Martin,0.0,0,0.0,0.0,0.0,0.0,0.0,0.0,0.0,0.0,0.0,0.0,0.0,0.0,0.0,0.0,0.0,0.0,0,0,0.0,0.0,0.0,0.0,0.0,0.0,0.0,1526,2,52,D,Carolina Hurricanes,0,0,0,0,0,0,2017,0.0
1380,0.0,Joshua Brook,0.0,0,0.0,0.0,0.0,0.0,0.0,0.0,0.0,0.0,0.0,0.0,0.0,0.0,0.0,0.0,0.0,0.0,0,0,0.0,0.0,0.0,0.0,0.0,0.0,0.0,1530,2,56,D,Montréal Canadiens,0,0,0,0,0,0,2017,0.0
1381,550.0,Ian Mitchell,22.0,CHI,95.0,4.0,14.0,18.0,-15.0,32.0,4.0,0.0,0.0,0.0,12.0,2.0,0.0,61.0,13.0,54.0,586:05,15:50,0.0,0.0,0.0,96.0,39.0,10.0,28.0,1531,2,57,D,Chicago Blackhawks,4,95,4,14,18,32,2017,4.5
1383,0.0,Eemeli Räsänen,0.0,0,0.0,0.0,0.0,0.0,0.0,0.0,0.0,0.0,0.0,0.0,0.0,0.0,0.0,0.0,0.0,0.0,0,0,0.0,0.0,0.0,0.0,0.0,0.0,0.0,1533,2,59,D,Toronto Maple Leafs,0,0,0,0,0,0,2017,0.0
1389,0.0,Max Gildon,0.0,0,0.0,0.0,0.0,0.0,0.0,0.0,0.0,0.0,0.0,0.0,0.0,0.0,0.0,0.0,0.0,0.0,0,0,0.0,0.0,0.0,0.0,0.0,0.0,0.0,1540,3,66,D,Florida Panthers,0,0,0,0,0,0,2017,0.0
1391,0.0,Scott Walford,0.0,0,0.0,0.0,0.0,0.0,0.0,0.0,0.0,0.0,0.0,0.0,0.0,0.0,0.0,0.0,0.0,0.0,0,0,0.0,0.0,0.0,0.0,0.0,0.0,0.0,1542,3,68,D,Montréal Canadiens,0,0,0,0,0,0,2017,0.0
1394,0.0,Kasper Kotkansalo,0.0,0,0.0,0.0,0.0,0.0,0.0,0.0,0.0,0.0,0.0,0.0,0.0,0.0,0.0,0.0,0.0,0.0,0,0,0.0,0.0,0.0,0.0,0.0,0.0,0.0,1545,3,71,D,Detroit Red Wings,0,0,0,0,0,0,2017,0.0
1396,1021.0,Johnathan Kovacevic,24.0,WPG,143.0,9.0,19.0,28.0,15.0,83.0,9.0,0.0,0.0,0.0,19.0,0.0,0.0,145.0,0.0,13.0,43:15,17:25,0.0,0.0,0.0,172.0,168.0,45.0,146.0,1548,3,74,D,Winnipeg Jets,4,176,10,28,38,112,2017,9.5
1399,0.0,Ben Mirageas,0.0,0,0.0,0.0,0.0,0.0,0.0,0.0,0.0,0.0,0.0,0.0,0.0,0.0,0.0,0.0,0.0,0.0,0,0,0.0,0.0,0.0,0.0,0.0,0.0,0.0,1551,3,77,D,New York Islanders,0,0,0,0,0,0,2017,0.0
1401,909.0,Reilly Walsh,22.0,NJD,1.0,0.0,1.0,1.0,0.0,0.0,0.0,0.0,0.0,0.0,1.0,0.0,0.0,2.0,0.0,3.0,14:23,14:23,0.0,0.0,0.0,2.0,0.0,0.0,1.0,1555,3,81,D,New Jersey Devils,1,1,0,1,1,0,2017,1.0
1402,896.0,Cameron Crotty,24.0,ARI,1.0,0.0,0.0,0.0,-1.0,0.0,0.0,0.0,0.0,0.0,0.0,0.0,0.0,0.0,0.0,4.0,10:03,10:03,0.0,0.0,0.0,2.0,4.0,0.0,0.0,1556,3,82,D,Arizona Coyotes,2,1,0,0,0,0,2017,0.0
1404,1075.0,Dmitri Samorukov,22.0,EDM,3.0,0.0,0.0,0.0,-3.0,2.0,0.0,0.0,0.0,0.0,0.0,0.0,0.0,1.0,0.0,1.0,2:28,2:28,0.0,0.0,0.0,2.0,0.0,0.0,0.0,1558,3,84,D,Edmonton Oilers,2,3,0,0,0,2,2017,0.0
1406,767.0,Cale Fleury,21.0,MTL,63.0,1.0,1.0,2.0,-6.0,8.0,1.0,0.0,0.0,0.0,1.0,0.0,0.0,60.0,2.2,104.0,588:25,14:34,0.0,0.0,0.0,72.0,152.0,9.0,45.0,1561,3,87,D,Montréal Canadiens,5,65,1,1,2,8,2017,0.4
1407,0.0,Oskari Laaksonen,0.0,0,0.0,0.0,0.0,0.0,0.0,0.0,0.0,0.0,0.0,0.0,0.0,0.0,0.0,0.0,0.0,0.0,0,0,0.0,0.0,0.0,0.0,0.0,0.0,0.0,1563,3,89,D,Buffalo Sabres,0,0,0,0,0,0,2017,0.0
1410,877.0,David Farrance,21.0,NSH,2.0,0.0,0.0,0.0,3.0,0.0,0.0,0.0,0.0,0.0,0.0,0.0,0.0,3.0,0.0,4.0,36:15,18:08,0.0,0.0,0.0,1.0,1.0,0.0,0.0,1566,3,92,D,Nashville Predators,1,2,0,0,0,0,2017,0.0
1411,0.0,Clayton Phillips,0.0,0,0.0,0.0,0.0,0.0,0.0,0.0,0.0,0.0,0.0,0.0,0.0,0.0,0.0,0.0,0.0,0.0,0,0,0.0,0.0,0.0,0.0,0.0,0.0,0.0,1567,3,93,D,Pittsburgh Penguins,0,0,0,0,0,0,2017,0.0
1413,678.0,Jack Rathbone,21.0,VAN,28.0,2.0,3.0,5.0,-5.0,4.0,2.0,0.0,0.0,0.0,2.0,1.0,0.0,39.0,5.9,31.0,124:03,15:30,0.0,0.0,0.0,23.0,21.0,6.0,16.0,1569,4,95,D,Vancouver Canucks,3,28,2,3,5,4,2017,1.6666666666666667
1416,493.0,Jacob Bryson,23.0,BUF,206.0,4.0,32.0,36.0,-29.0,40.0,3.0,1.0,0.0,0.0,22.0,7.0,3.0,109.0,4.2,65.0,723:44,19:03,0.0,0.0,0.0,225.0,138.0,43.0,57.0,1573,4,99,D,Buffalo Sabres,5,224,4,34,38,48,2017,7.6
1417,0.0,Malte Setkov,0.0,0,0.0,0.0,0.0,0.0,0.0,0.0,0.0,0.0,0.0,0.0,0.0,0.0,0.0,0.0,0.0,0.0,0,0,0.0,0.0,0.0,0.0,0.0,0.0,0.0,1574,4,100,D,Detroit Red Wings,0,0,0,0,0,0,2017,0.0
1420,0.0,Mikey Anderson,0.0,0,0.0,0.0,0.0,0.0,0.0,0.0,0.0,0.0,0.0,0.0,0.0,0.0,0.0,0.0,0.0,0.0,0,0,0.0,0.0,0.0,0.0,0.0,0.0,0.0,1577,4,103,D,Los Angeles Kings,6,298,15,53,68,112,2017,11.333333333333334
1424,0.0,Noel Hoefenmayer,0.0,0,0.0,0.0,0.0,0.0,0.0,0.0,0.0,0.0,0.0,0.0,0.0,0.0,0.0,0.0,0.0,0.0,0,0,0.0,0.0,0.0,0.0,0.0,0.0,0.0,1582,4,108,D,Arizona Coyotes,0,0,0,0,0,0,2017,0.0
1431,0.0,Markus Phillips,0.0,0,0.0,0.0,0.0,0.0,0.0,0.0,0.0,0.0,0.0,0.0,0.0,0.0,0.0,0.0,0.0,0.0,0,0,0.0,0.0,0.0,0.0,0.0,0.0,0.0,1592,4,118,D,Los Angeles Kings,0,0,0,0,0,0,2017,0.0
1432,0.0,Roope Laavainen,0.0,0,0.0,0.0,0.0,0.0,0.0,0.0,0.0,0.0,0.0,0.0,0.0,0.0,0.0,0.0,0.0,0.0,0,0,0.0,0.0,0.0,0.0,0.0,0.0,0.0,1593,4,119,D,Chicago Blackhawks,0,0,0,0,0,0,2017,0.0
1433,0.0,Tobias Geisser,0.0,0,0.0,0.0,0.0,0.0,0.0,0.0,0.0,0.0,0.0,0.0,0.0,0.0,0.0,0.0,0.0,0.0,0,0,0.0,0.0,0.0,0.0,0.0,0.0,0.0,1594,4,120,D,Washington Capitals,0,0,0,0,0,0,2017,0.0
1436,0.0,Brandon Crawley,0.0,0,0.0,0.0,0.0,0.0,0.0,0.0,0.0,0.0,0.0,0.0,0.0,0.0,0.0,0.0,0.0,0.0,0,0,0.0,0.0,0.0,0.0,0.0,0.0,0.0,1597,4,123,D,New York Rangers,0,0,0,0,0,0,2017,0.0
1439,0.0,Michael Karow,0.0,0,0.0,0.0,0.0,0.0,0.0,0.0,0.0,0.0,0.0,0.0,0.0,0.0,0.0,0.0,0.0,0.0,0,0,0.0,0.0,0.0,0.0,0.0,0.0,0.0,1600,5,126,D,Arizona Coyotes,0,0,0,0,0,0,2017,0.0
1442,0.0,David Noël,0.0,0,0.0,0.0,0.0,0.0,0.0,0.0,0.0,0.0,0.0,0.0,0.0,0.0,0.0,0.0,0.0,0.0,0,0,0.0,0.0,0.0,0.0,0.0,0.0,0.0,1604,5,130,D,St. Louis Blues,0,0,0,0,0,0,2017,0.0
1443,0.0,Cole Fraser,0.0,0,0.0,0.0,0.0,0.0,0.0,0.0,0.0,0.0,0.0,0.0,0.0,0.0,0.0,0.0,0.0,0.0,0,0,0.0,0.0,0.0,0.0,0.0,0.0,0.0,1605,5,131,D,Detroit Red Wings,0,0,0,0,0,0,2017,0.0
1445,0.0,Tyler Inamoto,0.0,0,0.0,0.0,0.0,0.0,0.0,0.0,0.0,0.0,0.0,0.0,0.0,0.0,0.0,0.0,0.0,0.0,0,0,0.0,0.0,0.0,0.0,0.0,0.0,0.0,1607,5,133,D,Florida Panthers,0,0,0,0,0,0,2017,0.0
1446,0.0,Cole Hults,0.0,0,0.0,0.0,0.0,0.0,0.0,0.0,0.0,0.0,0.0,0.0,0.0,0.0,0.0,0.0,0.0,0.0,0,0,0.0,0.0,0.0,0.0,0.0,0.0,0.0,1608,5,134,D,Los Angeles Kings,0,0,0,0,0,0,2017,0.0
1447,0.0,Kristoffer Gunnarsson,0.0,0,0.0,0.0,0.0,0.0,0.0,0.0,0.0,0.0,0.0,0.0,0.0,0.0,0.0,0.0,0.0,0.0,0,0,0.0,0.0,0.0,0.0,0.0,0.0,0.0,1609,5,135,D,Vancouver Canucks,0,0,0,0,0,0,2017,0.0
1448,0.0,Leon Gawanke,0.0,0,0.0,0.0,0.0,0.0,0.0,0.0,0.0,0.0,0.0,0.0,0.0,0.0,0.0,0.0,0.0,0.0,0,0,0.0,0.0,0.0,0.0,0.0,0.0,0.0,1610,5,136,D,Winnipeg Jets,0,0,0,0,0,0,2017,0.0
1451,104.0,Sebastian Aho,19.0,CAR,788.0,265.0,342.0,607.0,104.0,302.0,184.0,64.0,17.0,55.0,225.0,110.0,7.0,1865.0,11.2,362.0,1376:31,20:09,17.0,18.0,48.6,370.0,580.0,497.0,563.0,1613,5,139,D,New York Islanders,5,190,11,39,50,52,2017,10.0
1453,0.0,Fyodor Gordeyev,0.0,0,0.0,0.0,0.0,0.0,0.0,0.0,0.0,0.0,0.0,0.0,0.0,0.0,0.0,0.0,0.0,0.0,0,0,0.0,0.0,0.0,0.0,0.0,0.0,0.0,1615,5,141,D,Toronto Maple Leafs,0,0,0,0,0,0,2017,0.0
1457,0.0,Calle Själin,0.0,0,0.0,0.0,0.0,0.0,0.0,0.0,0.0,0.0,0.0,0.0,0.0,0.0,0.0,0.0,0.0,0.0,0,0,0.0,0.0,0.0,0.0,0.0,0.0,0.0,1619,5,145,D,New York Rangers,0,0,0,0,0,0,2017,0.0
1459,0.0,Jacob Golden,0.0,0,0.0,0.0,0.0,0.0,0.0,0.0,0.0,0.0,0.0,0.0,0.0,0.0,0.0,0.0,0.0,0.0,0,0,0.0,0.0,0.0,0.0,0.0,0.0,0.0,1621,5,147,D,Minnesota Wild,0,0,0,0,0,0,2017,0.0
1461,0.0,Jarret Tyszka,0.0,0,0.0,0.0,0.0,0.0,0.0,0.0,0.0,0.0,0.0,0.0,0.0,0.0,0.0,0.0,0.0,0.0,0,0,0.0,0.0,0.0,0.0,0.0,0.0,0.0,1623,5,149,D,Montréal Canadiens,0,0,0,0,0,0,2017,0.0
1462,969.0,Jakub Galvas,22.0,CHI,6.0,0.0,0.0,0.0,0.0,0.0,0.0,0.0,0.0,0.0,0.0,0.0,0.0,8.0,0.0,17.0,108:57,18:10,0.0,0.0,0.0,9.0,2.0,1.0,4.0,1624,5,150,D,Chicago Blackhawks,1,6,0,0,0,0,2017,0.0
1463,0.0,Sebastian Walfridsson,0.0,0,0.0,0.0,0.0,0.0,0.0,0.0,0.0,0.0,0.0,0.0,0.0,0.0,0.0,0.0,0.0,0.0,0,0,0.0,0.0,0.0,0.0,0.0,0.0,0.0,1625,5,151,D,Washington Capitals,0,0,0,0,0,0,2017,0.0
1473,0.0,Reilly Webb,0.0,0,0.0,0.0,0.0,0.0,0.0,0.0,0.0,0.0,0.0,0.0,0.0,0.0,0.0,0.0,0.0,0.0,0,0,0.0,0.0,0.0,0.0,0.0,0.0,0.0,1638,6,164,D,Detroit Red Wings,0,0,0,0,0,0,2017,0.0
1475,0.0,Brendan De Jong,0.0,0,0.0,0.0,0.0,0.0,0.0,0.0,0.0,0.0,0.0,0.0,0.0,0.0,0.0,0.0,0.0,0.0,0,0,0.0,0.0,0.0,0.0,0.0,0.0,0.0,1640,6,166,D,Carolina Hurricanes,0,0,0,0,0,0,2017,0.0
1477,0.0,Nick Perbix,0.0,0,0.0,0.0,0.0,0.0,0.0,0.0,0.0,0.0,0.0,0.0,0.0,0.0,0.0,0.0,0.0,0.0,0,0,0.0,0.0,0.0,0.0,0.0,0.0,0.0,1643,6,169,D,Tampa Bay Lightning,3,169,10,42,52,40,2017,17.333333333333332
1483,0.0,Trent Bourque,0.0,0,0.0,0.0,0.0,0.0,0.0,0.0,0.0,0.0,0.0,0.0,0.0,0.0,0.0,0.0,0.0,0.0,0,0,0.0,0.0,0.0,0.0,0.0,0.0,0.0,1649,6,175,D,St. Louis Blues,0,0,0,0,0,0,2017,0.0
1490,0.0,Benton Maass,0.0,0,0.0,0.0,0.0,0.0,0.0,0.0,0.0,0.0,0.0,0.0,0.0,0.0,0.0,0.0,0.0,0.0,0,0,0.0,0.0,0.0,0.0,0.0,0.0,0.0,1656,6,182,D,Washington Capitals,0,0,0,0,0,0,2017,0.0
1493,0.0,Antti Palojärvi,0.0,0,0.0,0.0,0.0,0.0,0.0,0.0,0.0,0.0,0.0,0.0,0.0,0.0,0.0,0.0,0.0,0.0,0,0,0.0,0.0,0.0,0.0,0.0,0.0,0.0,1660,6,186,D,Pittsburgh Penguins,0,0,0,0,0,0,2017,0.0
1494,0.0,Nick Leivermann,0.0,0,0.0,0.0,0.0,0.0,0.0,0.0,0.0,0.0,0.0,0.0,0.0,0.0,0.0,0.0,0.0,0.0,0,0,0.0,0.0,0.0,0.0,0.0,0.0,0.0,1661,7,187,D,Colorado Avalanche,0,0,0,0,0,0,2017,0.0
1495,0.0,Matt Brassard,0.0,0,0.0,0.0,0.0,0.0,0.0,0.0,0.0,0.0,0.0,0.0,0.0,0.0,0.0,0.0,0.0,0.0,0,0,0.0,0.0,0.0,0.0,0.0,0.0,0.0,1662,7,188,D,Vancouver Canucks,0,0,0,0,0,0,2017,0.0
1498,0.0,Jocktan Chainey,0.0,0,0.0,0.0,0.0,0.0,0.0,0.0,0.0,0.0,0.0,0.0,0.0,0.0,0.0,0.0,0.0,0.0,0,0,0.0,0.0,0.0,0.0,0.0,0.0,0.0,1665,7,191,D,New Jersey Devils,0,0,0,0,0,0,2017,0.0
1501,0.0,Victor Berglund,0.0,0,0.0,0.0,0.0,0.0,0.0,0.0,0.0,0.0,0.0,0.0,0.0,0.0,0.0,0.0,0.0,0.0,0,0,0.0,0.0,0.0,0.0,0.0,0.0,0.0,1669,7,195,D,Boston Bruins,0,0,0,0,0,0,2017,0.0
1502,497.0,Wyatt Kalynuk,23.0,CHI,26.0,4.0,5.0,9.0,-9.0,6.0,4.0,0.0,0.0,0.0,5.0,0.0,0.0,27.0,15.4,48.0,341:42,16:16,0.0,0.0,0.0,21.0,34.0,3.0,19.0,1670,7,196,D,Philadelphia Flyers,2,26,4,5,9,6,2017,4.5
1503,0.0,Ville Räsänen,0.0,0,0.0,0.0,0.0,0.0,0.0,0.0,0.0,0.0,0.0,0.0,0.0,0.0,0.0,0.0,0.0,0.0,0,0,0.0,0.0,0.0,0.0,0.0,0.0,0.0,1671,7,197,D,Carolina Hurricanes,0,0,0,0,0,0,2017,0.0
1508,0.0,Ryan O'Connell,0.0,0,0.0,0.0,0.0,0.0,0.0,0.0,0.0,0.0,0.0,0.0,0.0,0.0,0.0,0.0,0.0,0.0,0,0,0.0,0.0,0.0,0.0,0.0,0.0,0.0,1677,7,203,D,Toronto Maple Leafs,0,0,0,0,0,0,2017,0.0
1509,0.0,Daniel Bukac,0.0,0,0.0,0.0,0.0,0.0,0.0,0.0,0.0,0.0,0.0,0.0,0.0,0.0,0.0,0.0,0.0,0.0,0,0,0.0,0.0,0.0,0.0,0.0,0.0,0.0,1678,7,204,D,Boston Bruins,0,0,0,0,0,0,2017,0.0
1510,0.0,Yegor Zaitsev,0.0,0,0.0,0.0,0.0,0.0,0.0,0.0,0.0,0.0,0.0,0.0,0.0,0.0,0.0,0.0,0.0,0.0,0,0,0.0,0.0,0.0,0.0,0.0,0.0,0.0,1679,7,205,D,New Jersey Devils,0,0,0,0,0,0,2017,0.0
1511,0.0,Anton Andersson,0.0,0,0.0,0.0,0.0,0.0,0.0,0.0,0.0,0.0,0.0,0.0,0.0,0.0,0.0,0.0,0.0,0.0,0,0,0.0,0.0,0.0,0.0,0.0,0.0,0.0,1680,7,206,D,St. Louis Blues,0,0,0,0,0,0,2017,0.0
1513,0.0,Phil Kemp,0.0,0,0.0,0.0,0.0,0.0,0.0,0.0,0.0,0.0,0.0,0.0,0.0,0.0,0.0,0.0,0.0,0.0,0,0,0.0,0.0,0.0,0.0,0.0,0.0,0.0,1682,7,208,D,Edmonton Oilers,1,1,0,0,0,0,2017,0.0
1515,0.0,Robbie Stucker,0.0,0,0.0,0.0,0.0,0.0,0.0,0.0,0.0,0.0,0.0,0.0,0.0,0.0,0.0,0.0,0.0,0.0,0,0,0.0,0.0,0.0,0.0,0.0,0.0,0.0,1684,7,210,D,Columbus Blue Jackets,0,0,0,0,0,0,2017,0.0
1516,0.0,Croix Evingson,0.0,0,0.0,0.0,0.0,0.0,0.0,0.0,0.0,0.0,0.0,0.0,0.0,0.0,0.0,0.0,0.0,0.0,0,0,0.0,0.0,0.0,0.0,0.0,0.0,0.0,1685,7,211,D,Winnipeg Jets,0,0,0,0,0,0,2017,0.0
1519,0.0,Matt Hellickson,0.0,0,0.0,0.0,0.0,0.0,0.0,0.0,0.0,0.0,0.0,0.0,0.0,0.0,0.0,0.0,0.0,0.0,0,0,0.0,0.0,0.0,0.0,0.0,0.0,0.0,1688,7,214,D,New Jersey Devils,0,0,0,0,0,0,2017,0.0
1520,0.0,Joshua Ess,0.0,0,0.0,0.0,0.0,0.0,0.0,0.0,0.0,0.0,0.0,0.0,0.0,0.0,0.0,0.0,0.0,0.0,0,0,0.0,0.0,0.0,0.0,0.0,0.0,0.0,1689,7,215,D,Chicago Blackhawks,0,0,0,0,0,0,2017,0.0
1521,0.0,Jacob Paquette,0.0,0,0.0,0.0,0.0,0.0,0.0,0.0,0.0,0.0,0.0,0.0,0.0,0.0,0.0,0.0,0.0,0.0,0,0,0.0,0.0,0.0,0.0,0.0,0.0,0.0,1690,7,216,D,Nashville Predators,0,0,0,0,0,0,2017,0.0
1522,0.0,Will Reilly,0.0,0,0.0,0.0,0.0,0.0,0.0,0.0,0.0,0.0,0.0,0.0,0.0,0.0,0.0,0.0,0.0,0.0,0,0,0.0,0.0,0.0,0.0,0.0,0.0,0.0,1691,7,217,D,Pittsburgh Penguins,0,0,0,0,0,0,2017,0.0
1523,142.0,Rasmus Dahlin,18.0,BUF,436.0,66.0,226.0,292.0,-69.0,324.0,43.0,23.0,0.0,12.0,125.0,100.0,1.0,991.0,5.1,306.0,1734:45,25:48,0.0,0.0,0.0,539.0,670.0,181.0,313.0,1692,1,1,D,Buffalo Sabres,7,461,72,239,311,342,2018,44.42857142857143
1529,706.0,Quinn Hughes,19.0,VAN,365.0,43.0,290.0,333.0,29.0,146.0,33.0,10.0,0.0,5.0,148.0,139.0,3.0,733.0,0.0,12.0,90:24,25:40,0.0,0.0,0.0,272.0,103.0,212.0,261.0,1698,1,7,D,Vancouver Canucks,7,394,50,317,367,167,2018,52.42857142857143
1530,445.0,Adam Boqvist,19.0,CHI,209.0,23.0,62.0,85.0,-41.0,40.0,19.0,4.0,0.0,3.0,37.0,25.0,0.0,266.0,8.0,107.0,665:07,18:38,0.0,0.0,0.0,208.0,122.0,46.0,115.0,1699,1,8,D,Chicago Blackhawks,6,222,25,64,89,44,2018,14.833333333333334
1532,772.0,Evan Bouchard,19.0,EDM,265.0,41.0,130.0,171.0,43.0,92.0,27.0,14.0,0.0,10.0,85.0,43.0,2.0,629.0,10.0,25.0,86:29,22:60,0.0,0.0,0.0,313.0,263.0,169.0,246.0,1701,1,10,D,Edmonton Oilers,6,296,47,147,194,104,2018,32.333333333333336
1534,576.0,Noah Dobson,20.0,NYI,317.0,40.0,151.0,191.0,13.0,90.0,31.0,9.0,0.0,10.0,88.0,62.0,1.0,676.0,2.7,79.0,451:25,24:31,0.0,0.0,0.0,528.0,287.0,119.0,240.0,1703,1,12,D,New York Islanders,6,349,44,165,209,98,2018,34.833333333333336
1539,222.0,Ty Smith,20.0,NJD,123.0,8.0,39.0,47.0,-32.0,48.0,7.0,1.0,0.0,0.0,26.0,13.0,0.0,173.0,2.9,177.0,965:54,20:12,0.0,0.0,0.0,112.0,96.0,25.0,75.0,1708,1,17,D,New Jersey Devils,4,123,8,39,47,48,2018,11.75
1543,667.0,Ryan Merkley,21.0,SJS,39.0,1.0,5.0,6.0,-10.0,8.0,1.0,0.0,0.0,0.0,3.0,2.0,0.0,36.0,2.8,85.0,599:44,15:23,0.0,0.0,0.0,22.0,12.0,13.0,28.0,1712,1,21,D,San Jose Sharks,1,39,1,5,6,8,2018,6.0
1544,422.0,K'Andre Miller,21.0,NYR,294.0,29.0,76.0,105.0,49.0,140.0,28.0,1.0,0.0,8.0,67.0,5.0,4.0,373.0,8.1,136.0,1118:49,21:57,0.0,0.0,0.0,394.0,554.0,210.0,184.0,1713,1,22,D,New York Rangers,5,322,31,80,111,148,2018,22.2
1546,0.0,Filip Johansson,0.0,0,0.0,0.0,0.0,0.0,0.0,0.0,0.0,0.0,0.0,0.0,0.0,0.0,0.0,0.0,0.0,0.0,0,0,0.0,0.0,0.0,0.0,0.0,0.0,0.0,1715,1,24,D,Minnesota Wild,0,0,0,0,0,0,2018,0.0
1548,847.0,Jacob Bernard-Docker,20.0,OTT,104.0,4.0,12.0,16.0,-6.0,40.0,4.0,0.0,0.0,0.0,11.0,0.0,1.0,85.0,0.0,16.0,68:18,16:01,0.0,0.0,0.0,191.0,92.0,16.0,49.0,1717,1,26,D,Ottawa Senators,5,124,5,15,20,42,2018,4.0
1549,832.0,Nicolas Beaudin,20.0,CHI,22.0,2.0,4.0,6.0,1.0,2.0,2.0,0.0,0.0,0.0,3.0,1.0,0.0,10.0,0.0,5.0,17:01,6:10,0.0,0.0,0.0,24.0,16.0,4.0,20.0,1718,1,27,D,Chicago Blackhawks,3,22,2,4,6,2,2018,2.0
1550,723.0,Nils Lundkvist,21.0,NYR,144.0,9.0,30.0,39.0,12.0,42.0,7.0,2.0,0.0,2.0,25.0,5.0,0.0,199.0,3.1,59.0,348:18,16:19,0.0,0.0,0.0,120.0,108.0,13.0,67.0,1719,1,28,D,New York Rangers,4,167,9,32,41,50,2018,10.25
1551,569.0,Rasmus Sandin,19.0,TOR,298.0,23.0,98.0,121.0,1.0,116.0,23.0,0.0,0.0,5.0,66.0,32.0,0.0,318.0,4.5,48.0,400:49,22:59,0.0,0.0,0.0,348.0,479.0,95.0,168.0,1720,1,29,D,Toronto Maple Leafs,6,257,20,79,99,83,2018,16.5
1553,911.0,Alexander Alexeyev,22.0,WSH,72.0,1.0,7.0,8.0,-10.0,12.0,1.0,0.0,0.0,0.0,7.0,0.0,0.0,48.0,0.0,1.0,10:35,16:27,0.0,0.0,0.0,107.0,82.0,7.0,28.0,1722,1,31,D,Washington Capitals,4,77,1,7,8,12,2018,2.0
1554,729.0,Mattias Samuelsson,20.0,BUF,150.0,3.0,26.0,29.0,0.0,66.0,3.0,0.0,0.0,1.0,25.0,0.0,1.0,174.0,0.0,20.0,216:22,22:11,0.0,0.0,0.0,248.0,333.0,39.0,77.0,1723,2,32,D,Buffalo Sabres,5,166,4,27,31,68,2018,6.2
1558,0.0,Jared McIsaac,0.0,0,0.0,0.0,0.0,0.0,0.0,0.0,0.0,0.0,0.0,0.0,0.0,0.0,0.0,0.0,0.0,0.0,0,0,0.0,0.0,0.0,0.0,0.0,0.0,0.0,1727,2,36,D,Detroit Red Wings,0,0,0,0,0,0,2018,0.0
1559,0.0,Jett Woo,0.0,0,0.0,0.0,0.0,0.0,0.0,0.0,0.0,0.0,0.0,0.0,0.0,0.0,0.0,0.0,0.0,0.0,0,0,0.0,0.0,0.0,0.0,0.0,0.0,0.0,1728,2,37,D,Vancouver Canucks,0,0,0,0,0,0,2018,0.0
1560,571.0,Alexander Romanov,21.0,MTL,290.0,13.0,50.0,63.0,28.0,137.0,13.0,0.0,0.0,0.0,48.0,1.0,1.0,395.0,1.4,191.0,931:50,20:50,0.0,0.0,0.0,504.0,720.0,82.0,235.0,1729,2,38,D,Montréal Canadiens,5,311,13,52,65,151,2018,13.0
1562,0.0,Bode Wilde,0.0,0,0.0,0.0,0.0,0.0,0.0,0.0,0.0,0.0,0.0,0.0,0.0,0.0,0.0,0.0,0.0,0.0,0,0,0.0,0.0,0.0,0.0,0.0,0.0,0.0,1732,2,41,D,New York Islanders,0,0,0,0,0,0,2018,0.0
1566,670.0,Scott Perunovich,23.0,STL,73.0,0.0,23.0,23.0,3.0,20.0,0.0,0.0,0.0,0.0,14.0,9.0,0.0,50.0,0.0,25.0,293:42,15:27,0.0,0.0,0.0,65.0,35.0,21.0,23.0,1736,2,45,D,St. Louis Blues,4,92,2,27,29,26,2018,7.25
1567,0.0,Martin Fehérváry,0.0,0,0.0,0.0,0.0,0.0,0.0,0.0,0.0,0.0,0.0,0.0,0.0,0.0,0.0,0.0,0.0,0.0,0,0,0.0,0.0,0.0,0.0,0.0,0.0,0.0,1737,2,46,D,Washington Capitals,5,248,17,39,56,98,2018,11.2
1569,0.0,Jonny Tychonick,0.0,0,0.0,0.0,0.0,0.0,0.0,0.0,0.0,0.0,0.0,0.0,0.0,0.0,0.0,0.0,0.0,0.0,0,0,0.0,0.0,0.0,0.0,0.0,0.0,0.0,1739,2,48,D,Ottawa Senators,0,0,0,0,0,0,2018,0.0
1571,937.0,Adam Ginning,23.0,PHI,10.0,1.0,0.0,1.0,0.0,2.0,1.0,0.0,0.0,0.0,0.0,0.0,0.0,6.0,0.0,1.0,16:40,16:40,0.0,0.0,0.0,11.0,20.0,2.0,6.0,1741,2,50,D,Philadelphia Flyers,2,10,1,0,1,2,2018,0.5
1573,312.0,Sean Durzi,23.0,LAK,212.0,21.0,85.0,106.0,-22.0,168.0,15.0,6.0,0.0,2.0,43.0,41.0,1.0,371.0,2.5,247.0,1254:03,22:43,0.0,0.0,0.0,423.0,186.0,69.0,181.0,1743,2,52,D,Toronto Maple Leafs,4,216,21,87,108,175,2018,27.0
1574,832.0,Calen Addison,20.0,MIN,224.0,7.0,60.0,67.0,-97.0,168.0,7.0,0.0,0.0,1.0,24.0,36.0,0.0,284.0,0.0,6.0,55:33,18:31,0.0,0.0,0.0,211.0,129.0,47.0,50.0,1744,2,53,D,Pittsburgh Penguins,4,152,6,44,50,96,2018,12.5
1576,690.0,Kevin Bahl,20.0,NJD,148.0,4.0,21.0,25.0,-1.0,127.0,4.0,0.0,0.0,1.0,21.0,0.0,0.0,111.0,0.0,10.0,118:25,17:24,0.0,0.0,0.0,162.0,261.0,33.0,43.0,1746,2,55,D,Arizona Coyotes,5,179,5,31,36,139,2018,7.2
1578,0.0,Axel Andersson,0.0,0,0.0,0.0,0.0,0.0,0.0,0.0,0.0,0.0,0.0,0.0,0.0,0.0,0.0,0.0,0.0,0.0,0,0,0.0,0.0,0.0,0.0,0.0,0.0,0.0,1748,2,57,D,Boston Bruins,0,0,0,0,0,0,2018,0.0
1586,967.0,Alec Regula,20.0,CHI,22.0,1.0,0.0,1.0,-5.0,16.0,1.0,0.0,0.0,0.0,0.0,0.0,0.0,21.0,0.0,4.0,37:08,17:53,0.0,0.0,0.0,32.0,28.0,11.0,22.0,1758,3,67,D,Detroit Red Wings,4,22,1,0,1,16,2018,0.25
1589,0.0,Jakob Ragnarsson,0.0,0,0.0,0.0,0.0,0.0,0.0,0.0,0.0,0.0,0.0,0.0,0.0,0.0,0.0,0.0,0.0,0.0,0,0,0.0,0.0,0.0,0.0,0.0,0.0,0.0,1761,3,70,D,New York Rangers,0,0,0,0,0,0,2018,0.0
1590,856.0,Jordan Harris,21.0,MTL,131.0,8.0,24.0,32.0,-5.0,56.0,8.0,0.0,0.0,0.0,23.0,1.0,0.0,122.0,11.1,15.0,162:48,18:39,0.0,0.0,0.0,195.0,89.0,34.0,59.0,1762,3,71,D,Montréal Canadiens,4,150,8,25,33,62,2018,8.25
1591,559.0,Ty Emberson,23.0,SJS,30.0,1.0,9.0,10.0,-4.0,6.0,1.0,0.0,0.0,0.0,8.0,1.0,0.0,31.0,3.2,74.0,556:29,18:33,0.0,0.0,0.0,46.0,94.0,7.0,8.0,1764,3,73,D,Arizona Coyotes,2,59,1,12,13,20,2018,6.5
1599,0.0,Seth Barton,0.0,0,0.0,0.0,0.0,0.0,0.0,0.0,0.0,0.0,0.0,0.0,0.0,0.0,0.0,0.0,0.0,0.0,0,0,0.0,0.0,0.0,0.0,0.0,0.0,0.0,1772,3,81,D,Detroit Red Wings,0,0,0,0,0,0,2018,0.0
1604,916.0,Joey Keane,21.0,CAR,2.0,0.0,0.0,0.0,-1.0,2.0,0.0,0.0,0.0,0.0,0.0,0.0,0.0,2.0,0.0,3.0,19:34,19:34,0.0,0.0,0.0,0.0,3.0,0.0,2.0,1779,3,88,D,New York Rangers,2,2,0,0,0,2,2018,0.0
1606,0.0,Dmitri Semykin,0.0,0,0.0,0.0,0.0,0.0,0.0,0.0,0.0,0.0,0.0,0.0,0.0,0.0,0.0,0.0,0.0,0.0,0,0,0.0,0.0,0.0,0.0,0.0,0.0,0.0,1781,3,90,D,Tampa Bay Lightning,0,0,0,0,0,0,2018,0.0
1615,0.0,Stanislav Demin,0.0,0,0.0,0.0,0.0,0.0,0.0,0.0,0.0,0.0,0.0,0.0,0.0,0.0,0.0,0.0,0.0,0.0,0,0,0.0,0.0,0.0,0.0,0.0,0.0,0.0,1790,4,99,D,Vegas Golden Knights,0,0,0,0,0,0,2018,0.0
1617,0.0,Nico Gross,0.0,0,0.0,0.0,0.0,0.0,0.0,0.0,0.0,0.0,0.0,0.0,0.0,0.0,0.0,0.0,0.0,0.0,0,0,0.0,0.0,0.0,0.0,0.0,0.0,0.0,1792,4,101,D,New York Rangers,0,0,0,0,0,0,2018,0.0
1625,0.0,Xavier Bernard,0.0,0,0.0,0.0,0.0,0.0,0.0,0.0,0.0,0.0,0.0,0.0,0.0,0.0,0.0,0.0,0.0,0.0,0,0,0.0,0.0,0.0,0.0,0.0,0.0,0.0,1801,4,110,D,New Jersey Devils,0,0,0,0,0,0,2018,0.0
1627,862.0,Jack St. Ivany,24.0,PIT,14.0,0.0,1.0,1.0,0.0,2.0,0.0,0.0,0.0,0.0,1.0,0.0,0.0,11.0,0.0,25.0,191:50,13:42,0.0,0.0,0.0,14.0,30.0,5.0,3.0,1803,4,112,D,Philadelphia Flyers,2,33,0,2,2,19,2018,1.0
1631,0.0,Linus Cronholm,0.0,0,0.0,0.0,0.0,0.0,0.0,0.0,0.0,0.0,0.0,0.0,0.0,0.0,0.0,0.0,0.0,0.0,0,0,0.0,0.0,0.0,0.0,0.0,0.0,0.0,1808,4,117,D,Buffalo Sabres,0,0,0,0,0,0,2018,0.0
1632,756.0,Mac Hollowell,24.0,TOR,6.0,0.0,2.0,2.0,3.0,2.0,0.0,0.0,0.0,0.0,2.0,0.0,0.0,4.0,0.0,6.0,77:37,12:56,0.0,0.0,0.0,6.0,3.0,3.0,1.0,1809,4,118,D,Toronto Maple Leafs,1,6,0,2,2,2,2018,2.0
1635,0.0,Alex Green,0.0,0,0.0,0.0,0.0,0.0,0.0,0.0,0.0,0.0,0.0,0.0,0.0,0.0,0.0,0.0,0.0,0.0,0,0,0.0,0.0,0.0,0.0,0.0,0.0,0.0,1812,4,121,D,Tampa Bay Lightning,0,0,0,0,0,0,2018,0.0
1638,0.0,Miska Kukkonen,0.0,0,0.0,0.0,0.0,0.0,0.0,0.0,0.0,0.0,0.0,0.0,0.0,0.0,0.0,0.0,0.0,0.0,0,0,0.0,0.0,0.0,0.0,0.0,0.0,0.0,1816,5,125,D,Buffalo Sabres,0,0,0,0,0,0,2018,0.0
1640,0.0,Wyatte Wylie,0.0,0,0.0,0.0,0.0,0.0,0.0,0.0,0.0,0.0,0.0,0.0,0.0,0.0,0.0,0.0,0.0,0.0,0,0,0.0,0.0,0.0,0.0,0.0,0.0,0.0,1818,5,127,D,Philadelphia Flyers,0,0,0,0,0,0,2018,0.0
1643,0.0,Toni Utunen,0.0,0,0.0,0.0,0.0,0.0,0.0,0.0,0.0,0.0,0.0,0.0,0.0,0.0,0.0,0.0,0.0,0.0,0,0,0.0,0.0,0.0,0.0,0.0,0.0,0.0,1821,5,130,D,Vancouver Canucks,0,0,0,0,0,0,2018,0.0
1644,780.0,Spencer Stastney,23.0,NSH,28.0,2.0,4.0,6.0,14.0,6.0,2.0,0.0,0.0,1.0,3.0,0.0,1.0,20.0,0.0,14.0,140:53,17:37,0.0,0.0,0.0,38.0,4.0,7.0,14.0,1822,5,131,D,Nashville Predators,3,28,2,4,6,6,2018,2.0
1654,0.0,Michael Callahan,0.0,0,0.0,0.0,0.0,0.0,0.0,0.0,0.0,0.0,0.0,0.0,0.0,0.0,0.0,0.0,0.0,0.0,0,0,0.0,0.0,0.0,0.0,0.0,0.0,0.0,1833,5,142,D,Arizona Coyotes,0,0,0,0,0,0,2018,0.0
1655,0.0,Dennis Busby,0.0,0,0.0,0.0,0.0,0.0,0.0,0.0,0.0,0.0,0.0,0.0,0.0,0.0,0.0,0.0,0.0,0.0,0,0,0.0,0.0,0.0,0.0,0.0,0.0,0.0,1836,5,145,D,Arizona Coyotes,0,0,0,0,0,0,2018,0.0
1656,0.0,Daniil Zhuravlyov,0.0,0,0.0,0.0,0.0,0.0,0.0,0.0,0.0,0.0,0.0,0.0,0.0,0.0,0.0,0.0,0.0,0.0,0,0,0.0,0.0,0.0,0.0,0.0,0.0,0.0,1837,5,146,D,Colorado Avalanche,0,0,0,0,0,0,2018,0.0
1657,0.0,Simon Johansson,0.0,0,0.0,0.0,0.0,0.0,0.0,0.0,0.0,0.0,0.0,0.0,0.0,0.0,0.0,0.0,0.0,0.0,0,0,0.0,0.0,0.0,0.0,0.0,0.0,0.0,1839,5,148,D,Minnesota Wild,0,0,0,0,0,0,2018,0.0
1658,0.0,Filip Král,0.0,0,0.0,0.0,0.0,0.0,0.0,0.0,0.0,0.0,0.0,0.0,0.0,0.0,0.0,0.0,0.0,0.0,0,0,0.0,0.0,0.0,0.0,0.0,0.0,0.0,1840,5,149,D,Toronto Maple Leafs,1,2,0,0,0,2,2018,0.0
1659,935.0,Declan Chisholm,22.0,WPG,64.0,6.0,12.0,18.0,-13.0,36.0,2.0,4.0,0.0,0.0,6.0,6.0,0.0,62.0,0.0,9.0,25:54,16:52,0.0,0.0,0.0,77.0,25.0,11.0,27.0,1841,5,150,D,Winnipeg Jets,3,58,4,12,16,20,2018,5.333333333333333
1660,0.0,Vladislav Yeryomenko,0.0,0,0.0,0.0,0.0,0.0,0.0,0.0,0.0,0.0,0.0,0.0,0.0,0.0,0.0,0.0,0.0,0.0,0,0,0.0,0.0,0.0,0.0,0.0,0.0,0.0,1842,5,151,D,Nashville Predators,0,0,0,0,0,0,2018,0.0
1661,0.0,Giovanni Vallati,0.0,0,0.0,0.0,0.0,0.0,0.0,0.0,0.0,0.0,0.0,0.0,0.0,0.0,0.0,0.0,0.0,0.0,0,0,0.0,0.0,0.0,0.0,0.0,0.0,0.0,1844,5,153,D,Winnipeg Jets,0,0,0,0,0,0,2018,0.0
1662,0.0,Connor Corcoran,0.0,0,0.0,0.0,0.0,0.0,0.0,0.0,0.0,0.0,0.0,0.0,0.0,0.0,0.0,0.0,0.0,0.0,0,0,0.0,0.0,0.0,0.0,0.0,0.0,0.0,1845,5,154,D,Vegas Golden Knights,0,0,0,0,0,0,2018,0.0
1665,704.0,Tim Berni,22.0,CBJ,59.0,1.0,2.0,3.0,-26.0,34.0,1.0,0.0,0.0,0.0,2.0,0.0,0.0,58.0,1.7,119.0,1000:54,16:58,0.0,0.0,0.0,74.0,122.0,19.0,25.0,1850,6,159,D,Columbus Blue Jackets,1,59,1,2,3,34,2018,3.0
1666,0.0,Alex Kannok Leipert,0.0,0,0.0,0.0,0.0,0.0,0.0,0.0,0.0,0.0,0.0,0.0,0.0,0.0,0.0,0.0,0.0,0.0,0,0,0.0,0.0,0.0,0.0,0.0,0.0,0.0,1852,6,161,D,Washington Capitals,0,0,0,0,0,0,2018,0.0
1667,0.0,Simon Kjellberg,0.0,0,0.0,0.0,0.0,0.0,0.0,0.0,0.0,0.0,0.0,0.0,0.0,0.0,0.0,0.0,0.0,0.0,0,0,0.0,0.0,0.0,0.0,0.0,0.0,0.0,1854,6,163,D,New York Rangers,0,0,0,0,0,0,2018,0.0
1668,722.0,Michael Kesselring,23.0,ARI,74.0,5.0,19.0,24.0,10.0,72.0,5.0,0.0,0.0,2.0,19.0,0.0,0.0,84.0,0.0,25.0,153:51,17:06,0.0,0.0,0.0,66.0,118.0,16.0,31.0,1855,6,164,D,Edmonton Oilers,3,104,9,30,39,96,2018,13.0
1670,0.0,Jesper Sellgren,0.0,0,0.0,0.0,0.0,0.0,0.0,0.0,0.0,0.0,0.0,0.0,0.0,0.0,0.0,0.0,0.0,0.0,0,0,0.0,0.0,0.0,0.0,0.0,0.0,0.0,1857,6,166,D,Carolina Hurricanes,0,0,0,0,0,0,2018,0.0
1672,0.0,Dawson Barteaux,0.0,0,0.0,0.0,0.0,0.0,0.0,0.0,0.0,0.0,0.0,0.0,0.0,0.0,0.0,0.0,0.0,0.0,0,0,0.0,0.0,0.0,0.0,0.0,0.0,0.0,1859,6,168,D,Dallas Stars,0,0,0,0,0,0,2018,0.0
1681,0.0,Peter DiLiberatore,0.0,0,0.0,0.0,0.0,0.0,0.0,0.0,0.0,0.0,0.0,0.0,0.0,0.0,0.0,0.0,0.0,0.0,0,0,0.0,0.0,0.0,0.0,0.0,0.0,0.0,1871,6,180,D,Vegas Golden Knights,0,0,0,0,0,0,2018,0.0
1682,0.0,Dustyn McFaul,0.0,0,0.0,0.0,0.0,0.0,0.0,0.0,0.0,0.0,0.0,0.0,0.0,0.0,0.0,0.0,0.0,0.0,0,0,0.0,0.0,0.0,0.0,0.0,0.0,0.0,1872,6,181,D,Boston Bruins,0,0,0,0,0,0,2018,0.0
1685,0.0,Xavier Bouchard,0.0,0,0.0,0.0,0.0,0.0,0.0,0.0,0.0,0.0,0.0,0.0,0.0,0.0,0.0,0.0,0.0,0.0,0,0,0.0,0.0,0.0,0.0,0.0,0.0,0.0,1876,6,185,D,Vegas Golden Knights,0,0,0,0,0,0,2018,0.0
1687,0.0,William Worge Kreü,0.0,0,0.0,0.0,0.0,0.0,0.0,0.0,0.0,0.0,0.0,0.0,0.0,0.0,0.0,0.0,0.0,0.0,0,0,0.0,0.0,0.0,0.0,0.0,0.0,0.0,1878,7,187,D,Buffalo Sabres,0,0,0,0,0,0,2018,0.0
1695,0.0,Christian Krygier,0.0,0,0.0,0.0,0.0,0.0,0.0,0.0,0.0,0.0,0.0,0.0,0.0,0.0,0.0,0.0,0.0,0.0,0,0,0.0,0.0,0.0,0.0,0.0,0.0,0.0,1887,7,196,D,New York Islanders,0,0,0,0,0,0,2018,0.0
1698,698.0,Tyler Tucker,22.0,STL,52.0,2.0,4.0,6.0,-8.0,73.0,2.0,0.0,0.0,0.0,4.0,0.0,0.0,38.0,4.8,54.0,380:41,14:39,0.0,0.0,0.0,53.0,114.0,11.0,15.0,1891,7,200,D,St. Louis Blues,2,52,2,4,6,73,2018,3.0
1699,0.0,Cole Krygier,0.0,0,0.0,0.0,0.0,0.0,0.0,0.0,0.0,0.0,0.0,0.0,0.0,0.0,0.0,0.0,0.0,0.0,0,0,0.0,0.0,0.0,0.0,0.0,0.0,0.0,1892,7,201,D,Florida Panthers,0,0,0,0,0,0,2018,0.0
1703,0.0,Radim Salda,0.0,0,0.0,0.0,0.0,0.0,0.0,0.0,0.0,0.0,0.0,0.0,0.0,0.0,0.0,0.0,0.0,0.0,0,0,0.0,0.0,0.0,0.0,0.0,0.0,0.0,1897,7,206,D,Tampa Bay Lightning,0,0,0,0,0,0,2018,0.0
1704,0.0,Santtu Kinnunen,0.0,0,0.0,0.0,0.0,0.0,0.0,0.0,0.0,0.0,0.0,0.0,0.0,0.0,0.0,0.0,0.0,0.0,0,0,0.0,0.0,0.0,0.0,0.0,0.0,0.0,1898,7,207,D,Florida Panthers,0,0,0,0,0,0,2018,0.0
1714,693.0,Bowen Byram,19.0,COL,237.0,37.0,64.0,101.0,15.0,179.0,33.0,3.0,1.0,3.0,58.0,6.0,0.0,303.0,0.0,43.0,332:43,21:53,0.0,0.0,0.0,301.0,356.0,68.0,102.0,1912,1,4,D,Colorado Avalanche,5,195,30,60,90,144,2019,18.0
1716,133.0,Moritz Seider,20.0,DET,246.0,21.0,113.0,134.0,-27.0,125.0,14.0,6.0,1.0,5.0,62.0,47.0,4.0,462.0,3.7,355.0,1889:22,23:09,0.0,0.0,0.0,564.0,569.0,111.0,133.0,1914,1,6,D,Detroit Red Wings,4,276,25,125,150,145,2019,37.5
1718,740.0,Philip Broberg,20.0,EDM,81.0,2.0,11.0,13.0,-5.0,10.0,2.0,0.0,0.0,0.0,10.0,1.0,0.0,67.0,3.4,60.0,309:48,13:28,0.0,0.0,0.0,55.0,42.0,19.0,42.0,1916,1,8,D,Edmonton Oilers,4,101,4,21,25,16,2019,6.25
1721,0.0,Victor Söderström,0.0,0,0.0,0.0,0.0,0.0,0.0,0.0,0.0,0.0,0.0,0.0,0.0,0.0,0.0,0.0,0.0,0.0,0,0,0.0,0.0,0.0,0.0,0.0,0.0,0.0,1919,1,11,D,Arizona Coyotes,4,53,1,10,11,30,2019,2.75
1723,0.0,Cam York,0.0,0,0.0,0.0,0.0,0.0,0.0,0.0,0.0,0.0,0.0,0.0,0.0,0.0,0.0,0.0,0.0,0.0,0,0,0.0,0.0,0.0,0.0,0.0,0.0,0.0,1922,1,14,D,Philadelphia Flyers,5,187,18,47,65,80,2019,13.0
1727,716.0,Thomas Harley,20.0,DAL,119.0,16.0,37.0,53.0,29.0,26.0,14.0,1.0,1.0,3.0,29.0,8.0,0.0,188.0,2.8,85.0,465:27,21:01,0.0,0.0,0.0,173.0,98.0,46.0,82.0,1926,1,18,D,Dallas Stars,5,148,20,47,67,32,2019,13.4
1728,698.0,Lassi Thomson,21.0,OTT,18.0,0.0,5.0,5.0,-10.0,6.0,0.0,0.0,0.0,0.0,4.0,1.0,0.0,19.0,0.0,39.0,275:53,17:15,0.0,0.0,0.0,9.0,25.0,6.0,7.0,1927,1,19,D,Ottawa Senators,2,18,0,5,5,6,2019,2.5
1729,624.0,Ville Heinola,18.0,WPG,35.0,1.0,10.0,11.0,-6.0,18.0,1.0,0.0,0.0,0.0,9.0,1.0,0.0,49.0,10.0,18.0,144:30,18:04,0.0,0.0,0.0,28.0,21.0,11.0,30.0,1928,1,20,D,Winnipeg Jets,5,42,1,10,11,20,2019,2.2
1731,0.0,Tobias Björnfot,0.0,0,0.0,0.0,0.0,0.0,0.0,0.0,0.0,0.0,0.0,0.0,0.0,0.0,0.0,0.0,0.0,0.0,0,0,0.0,0.0,0.0,0.0,0.0,0.0,0.0,1930,1,22,D,Los Angeles Kings,5,120,1,14,15,28,2019,3.0
1740,635.0,Ryan Johnson,22.0,BUF,41.0,0.0,7.0,7.0,3.0,12.0,0.0,0.0,0.0,0.0,7.0,0.0,0.0,35.0,0.0,86.0,568:33,13:52,0.0,0.0,0.0,39.0,8.0,13.0,12.0,1939,1,31,D,Buffalo Sabres,2,44,0,7,7,16,2019,3.5
1744,0.0,Antti Tuomisto,0.0,0,0.0,0.0,0.0,0.0,0.0,0.0,0.0,0.0,0.0,0.0,0.0,0.0,0.0,0.0,0.0,0.0,0,0,0.0,0.0,0.0,0.0,0.0,0.0,0.0,1943,2,35,D,Detroit Red Wings,0,0,0,0,0,0,2019,0.0
1746,980.0,Jackson LaCombe,22.0,ANA,73.0,2.0,15.0,17.0,-25.0,24.0,2.0,0.0,0.0,1.0,12.0,2.0,1.0,56.0,0.0,1.0,36:57,19:23,0.0,0.0,0.0,138.0,51.0,31.0,35.0,1947,2,39,D,Anaheim Ducks,3,95,8,19,27,28,2019,9.0
1748,1017.0,Kaedan Korczak,21.0,VEG,37.0,1.0,10.0,11.0,10.0,8.0,1.0,0.0,0.0,0.0,9.0,1.0,0.0,48.0,0.0,1.0,16:37,17:34,0.0,0.0,0.0,40.0,68.0,10.0,13.0,1949,2,41,D,Vegas Golden Knights,4,54,1,13,14,8,2019,3.5
1750,823.0,Alex Vlasic,20.0,CHI,97.0,3.0,16.0,19.0,-7.0,47.0,3.0,0.0,0.0,1.0,14.0,2.0,0.0,87.0,8.3,21.0,214:38,21:29,0.0,0.0,0.0,173.0,76.0,70.0,53.0,1951,2,43,D,Chicago Blackhawks,4,128,5,30,35,49,2019,8.75
1753,571.0,Jayden Struble,22.0,MTL,56.0,3.0,7.0,10.0,-3.0,57.0,3.0,0.0,0.0,0.0,7.0,0.0,0.0,47.0,6.4,126.0,902:16,16:07,0.0,0.0,0.0,53.0,121.0,22.0,34.0,1954,2,46,D,Montréal Canadiens,2,78,5,10,15,86,2019,7.5
1754,827.0,Drew Helleson,21.0,ANA,3.0,1.0,0.0,1.0,0.0,2.0,1.0,0.0,0.0,0.0,0.0,0.0,0.0,4.0,25.0,5.0,40:57,13:39,0.0,0.0,0.0,3.0,2.0,0.0,0.0,1955,2,47,D,Colorado Avalanche,2,13,2,3,5,8,2019,2.5
1755,0.0,Artemi Knyazev,0.0,0,0.0,0.0,0.0,0.0,0.0,0.0,0.0,0.0,0.0,0.0,0.0,0.0,0.0,0.0,0.0,0.0,0,0,0.0,0.0,0.0,0.0,0.0,0.0,0.0,1956,2,48,D,San Jose Sharks,1,1,0,0,0,0,2019,0.0
1756,0.0,Matthew Robertson,0.0,0,0.0,0.0,0.0,0.0,0.0,0.0,0.0,0.0,0.0,0.0,0.0,0.0,0.0,0.0,0.0,0.0,0,0,0.0,0.0,0.0,0.0,0.0,0.0,0.0,1957,2,49,D,New York Rangers,1,0,0,0,0,0,2019,0.0
1758,0.0,Simon Lundmark,0.0,0,0.0,0.0,0.0,0.0,0.0,0.0,0.0,0.0,0.0,0.0,0.0,0.0,0.0,0.0,0.0,0.0,0,0,0.0,0.0,0.0,0.0,0.0,0.0,0.0,1959,2,51,D,Winnipeg Jets,0,0,0,0,0,0,2019,0.0
1759,751.0,Vladislav Kolyachonok,20.0,ARI,39.0,2.0,5.0,7.0,5.0,8.0,2.0,0.0,0.0,0.0,5.0,0.0,0.0,31.0,4.2,54.0,507:07,15:51,0.0,0.0,0.0,44.0,45.0,14.0,29.0,1960,2,52,D,Florida Panthers,4,54,4,8,12,10,2019,3.0
1764,705.0,Samuel Bolduc,22.0,NYI,51.0,4.0,4.0,8.0,1.0,8.0,3.0,1.0,0.0,1.0,4.0,0.0,0.0,52.0,10.0,49.0,244:49,14:24,0.0,0.0,0.0,56.0,70.0,4.0,23.0,1965,2,57,D,New York Islanders,3,52,4,4,8,8,2019,2.6666666666666665
1766,0.0,Albert Johansson,0.0,0,0.0,0.0,0.0,0.0,0.0,0.0,0.0,0.0,0.0,0.0,0.0,0.0,0.0,0.0,0.0,0.0,0,0,0.0,0.0,0.0,0.0,0.0,0.0,0.0,1968,2,60,D,Detroit Red Wings,1,15,0,1,1,2,2019,1.0
1767,808.0,Nikita Okhotyuk,21.0,NJD,119.0,4.0,17.0,21.0,-49.0,100.0,4.0,0.0,0.0,3.0,17.0,0.0,0.0,115.0,20.0,13.0,75:26,16:27,0.0,0.0,0.0,170.0,341.0,28.0,68.0,1969,2,61,D,New Jersey Devils,3,67,3,9,12,52,2019,4.0
1770,880.0,Mattias Norlinder,21.0,MTL,6.0,0.0,1.0,1.0,2.0,2.0,0.0,0.0,0.0,0.0,1.0,0.0,0.0,2.0,0.0,3.0,73:45,12:18,0.0,0.0,0.0,3.0,4.0,0.0,0.0,1972,3,64,D,Montréal Canadiens,1,6,0,1,1,2,2019,1.0
1773,0.0,Zac Jones,0.0,0,0.0,0.0,0.0,0.0,0.0,0.0,0.0,0.0,0.0,0.0,0.0,0.0,0.0,0.0,0.0,0.0,0,0,0.0,0.0,0.0,0.0,0.0,0.0,0.0,1976,3,68,D,New York Rangers,5,93,4,21,25,24,2019,5.0
1774,675.0,John Ludvig,23.0,PIT,33.0,3.0,2.0,5.0,-12.0,47.0,3.0,0.0,0.0,1.0,2.0,0.0,0.0,24.0,12.5,53.0,389:36,11:48,0.0,0.0,0.0,33.0,72.0,3.0,9.0,1977,3,69,D,Florida Panthers,2,41,3,4,7,53,2019,3.5
1775,0.0,Daniil Misyul,0.0,0,0.0,0.0,0.0,0.0,0.0,0.0,0.0,0.0,0.0,0.0,0.0,0.0,0.0,0.0,0.0,0.0,0,0,0.0,0.0,0.0,0.0,0.0,0.0,0.0,1978,3,70,D,New Jersey Devils,1,1,0,0,0,0,2019,0.0
1776,0.0,Ronnie Attard,0.0,0,0.0,0.0,0.0,0.0,0.0,0.0,0.0,0.0,0.0,0.0,0.0,0.0,0.0,0.0,0.0,0.0,0,0,0.0,0.0,0.0,0.0,0.0,0.0,0.0,1980,3,72,D,Philadelphia Flyers,3,29,2,4,6,14,2019,2.0
1781,0.0,Gianni Fairbrother,0.0,0,0.0,0.0,0.0,0.0,0.0,0.0,0.0,0.0,0.0,0.0,0.0,0.0,0.0,0.0,0.0,0.0,0,0,0.0,0.0,0.0,0.0,0.0,0.0,0.0,1985,3,77,D,Montréal Canadiens,0,0,0,0,0,0,2019,0.0
1786,0.0,Michael Vukojevic,0.0,0,0.0,0.0,0.0,0.0,0.0,0.0,0.0,0.0,0.0,0.0,0.0,0.0,0.0,0.0,0.0,0.0,0,0,0.0,0.0,0.0,0.0,0.0,0.0,0.0,1990,3,82,D,New Jersey Devils,0,0,0,0,0,0,2019,0.0
1787,0.0,Anttoni Honka,0.0,0,0.0,0.0,0.0,0.0,0.0,0.0,0.0,0.0,0.0,0.0,0.0,0.0,0.0,0.0,0.0,0.0,0,0,0.0,0.0,0.0,0.0,0.0,0.0,0.0,1991,3,83,D,Carolina Hurricanes,0,0,0,0,0,0,2019,0.0
1788,0.0,Mikko Kokkonen,0.0,0,0.0,0.0,0.0,0.0,0.0,0.0,0.0,0.0,0.0,0.0,0.0,0.0,0.0,0.0,0.0,0.0,0,0,0.0,0.0,0.0,0.0,0.0,0.0,0.0,1992,3,84,D,Toronto Maple Leafs,0,0,0,0,0,0,2019,0.0
1789,0.0,Layton Ahac,0.0,0,0.0,0.0,0.0,0.0,0.0,0.0,0.0,0.0,0.0,0.0,0.0,0.0,0.0,0.0,0.0,0.0,0,0,0.0,0.0,0.0,0.0,0.0,0.0,0.0,1994,3,86,D,Vegas Golden Knights,0,0,0,0,0,0,2019,0.0
1792,0.0,Domenick Fensore,0.0,0,0.0,0.0,0.0,0.0,0.0,0.0,0.0,0.0,0.0,0.0,0.0,0.0,0.0,0.0,0.0,0.0,0,0,0.0,0.0,0.0,0.0,0.0,0.0,0.0,1998,3,90,D,Carolina Hurricanes,0,0,0,0,0,0,2019,0.0
1796,624.0,Jordan Spence,20.0,LAK,101.0,4.0,29.0,33.0,6.0,14.0,3.0,1.0,0.0,1.0,22.0,7.0,0.0,127.0,4.9,99.0,473:51,19:45,0.0,0.0,0.0,87.0,102.0,10.0,32.0,2003,4,95,D,Los Angeles Kings,4,130,6,34,40,26,2019,10.0
1800,0.0,Cade Webber,0.0,0,0.0,0.0,0.0,0.0,0.0,0.0,0.0,0.0,0.0,0.0,0.0,0.0,0.0,0.0,0.0,0.0,0,0,0.0,0.0,0.0,0.0,0.0,0.0,0.0,2007,4,99,D,Carolina Hurricanes,0,0,0,0,0,0,2019,0.0
1802,781.0,Henry Thrun,21.0,SJS,59.0,3.0,10.0,13.0,-25.0,16.0,1.0,2.0,0.0,0.0,8.0,2.0,0.0,55.0,0.0,19.0,158:55,19:60,0.0,0.0,0.0,80.0,30.0,18.0,34.0,2009,4,101,D,Anaheim Ducks,3,86,3,18,21,31,2019,7.0
1804,0.0,Mason Millman,0.0,0,0.0,0.0,0.0,0.0,0.0,0.0,0.0,0.0,0.0,0.0,0.0,0.0,0.0,0.0,0.0,0.0,0,0,0.0,0.0,0.0,0.0,0.0,0.0,0.0,2011,4,103,D,Philadelphia Flyers,0,0,0,0,0,0,2019,0.0
1805,0.0,Eric Hjorth,0.0,0,0.0,0.0,0.0,0.0,0.0,0.0,0.0,0.0,0.0,0.0,0.0,0.0,0.0,0.0,0.0,0.0,0,0,0.0,0.0,0.0,0.0,0.0,0.0,0.0,2012,4,104,D,Columbus Blue Jackets,0,0,0,0,0,0,2019,0.0
1807,0.0,Carter Berger,0.0,0,0.0,0.0,0.0,0.0,0.0,0.0,0.0,0.0,0.0,0.0,0.0,0.0,0.0,0.0,0.0,0.0,0,0,0.0,0.0,0.0,0.0,0.0,0.0,0.0,2014,4,106,D,Florida Panthers,0,0,0,0,0,0,2019,0.0
1810,721.0,Marc Del Gaizo,24.0,NSH,9.0,0.0,3.0,3.0,2.0,2.0,0.0,0.0,0.0,0.0,3.0,0.0,0.0,8.0,0.0,26.0,148:09,16:28,0.0,0.0,0.0,10.0,20.0,4.0,4.0,2017,4,109,D,Nashville Predators,2,28,0,6,6,12,2019,3.0
1812,0.0,Samuel Sjölund,0.0,0,0.0,0.0,0.0,0.0,0.0,0.0,0.0,0.0,0.0,0.0,0.0,0.0,0.0,0.0,0.0,0.0,0,0,0.0,0.0,0.0,0.0,0.0,0.0,0.0,2019,4,111,D,Dallas Stars,0,0,0,0,0,0,2019,0.0
1813,0.0,Hunter Skinner,0.0,0,0.0,0.0,0.0,0.0,0.0,0.0,0.0,0.0,0.0,0.0,0.0,0.0,0.0,0.0,0.0,0.0,0,0,0.0,0.0,0.0,0.0,0.0,0.0,0.0,2020,4,112,D,New York Rangers,0,0,0,0,0,0,2019,0.0
1818,0.0,Semyon Chistyakov,0.0,0,0.0,0.0,0.0,0.0,0.0,0.0,0.0,0.0,0.0,0.0,0.0,0.0,0.0,0.0,0.0,0.0,0,0,0.0,0.0,0.0,0.0,0.0,0.0,0.0,2025,4,117,D,Nashville Predators,0,0,0,0,0,0,2019,0.0
1819,0.0,Case McCarthy,0.0,0,0.0,0.0,0.0,0.0,0.0,0.0,0.0,0.0,0.0,0.0,0.0,0.0,0.0,0.0,0.0,0.0,0,0,0.0,0.0,0.0,0.0,0.0,0.0,0.0,2026,4,118,D,New Jersey Devils,0,0,0,0,0,0,2019,0.0
1820,0.0,Kim Nousiainen,0.0,0,0.0,0.0,0.0,0.0,0.0,0.0,0.0,0.0,0.0,0.0,0.0,0.0,0.0,0.0,0.0,0.0,0,0,0.0,0.0,0.0,0.0,0.0,0.0,0.0,2027,4,119,D,Los Angeles Kings,0,0,0,0,0,0,2019,0.0
1821,750.0,Maxwell Crozier,23.0,TBL,13.0,0.0,2.0,2.0,-2.0,7.0,0.0,0.0,0.0,0.0,2.0,0.0,0.0,13.0,0.0,32.0,168:09,12:56,0.0,0.0,0.0,11.0,16.0,6.0,5.0,2028,4,120,D,Tampa Bay Lightning,1,13,0,2,2,7,2019,2.0
1827,0.0,Jacob LeGuerrier,0.0,0,0.0,0.0,0.0,0.0,0.0,0.0,0.0,0.0,0.0,0.0,0.0,0.0,0.0,0.0,0.0,0.0,0,0,0.0,0.0,0.0,0.0,0.0,0.0,0.0,2034,5,126,D,Montréal Canadiens,0,0,0,0,0,0,2019,0.0
1828,0.0,Cooper Moore,0.0,0,0.0,0.0,0.0,0.0,0.0,0.0,0.0,0.0,0.0,0.0,0.0,0.0,0.0,0.0,0.0,0.0,0,0,0.0,0.0,0.0,0.0,0.0,0.0,0.0,2036,5,128,D,Detroit Red Wings,0,0,0,0,0,0,2019,0.0
1843,0.0,Mike Koster,0.0,0,0.0,0.0,0.0,0.0,0.0,0.0,0.0,0.0,0.0,0.0,0.0,0.0,0.0,0.0,0.0,0.0,0,0,0.0,0.0,0.0,0.0,0.0,0.0,0.0,2054,5,146,D,Toronto Maple Leafs,0,0,0,0,0,0,2019,0.0
1849,0.0,Martin Has,0.0,0,0.0,0.0,0.0,0.0,0.0,0.0,0.0,0.0,0.0,0.0,0.0,0.0,0.0,0.0,0.0,0.0,0,0,0.0,0.0,0.0,0.0,0.0,0.0,0.0,2061,5,153,D,Washington Capitals,0,0,0,0,0,0,2019,0.0
1850,0.0,Roman Bychkov,0.0,0,0.0,0.0,0.0,0.0,0.0,0.0,0.0,0.0,0.0,0.0,0.0,0.0,0.0,0.0,0.0,0.0,0,0,0.0,0.0,0.0,0.0,0.0,0.0,0.0,2062,5,154,D,Boston Bruins,0,0,0,0,0,0,2019,0.0
1852,0.0,Braden Doyle,0.0,0,0.0,0.0,0.0,0.0,0.0,0.0,0.0,0.0,0.0,0.0,0.0,0.0,0.0,0.0,0.0,0.0,0,0,0.0,0.0,0.0,0.0,0.0,0.0,0.0,2065,6,157,D,Los Angeles Kings,0,0,0,0,0,0,2019,0.0
1858,0.0,William Francis,0.0,0,0.0,0.0,0.0,0.0,0.0,0.0,0.0,0.0,0.0,0.0,0.0,0.0,0.0,0.0,0.0,0.0,0,0,0.0,0.0,0.0,0.0,0.0,0.0,0.0,2071,6,163,D,Anaheim Ducks,0,0,0,0,0,0,2019,0.0
1861,0.0,Marshall Warren,0.0,0,0.0,0.0,0.0,0.0,0.0,0.0,0.0,0.0,0.0,0.0,0.0,0.0,0.0,0.0,0.0,0.0,0,0,0.0,0.0,0.0,0.0,0.0,0.0,0.0,2074,6,166,D,Minnesota Wild,0,0,0,0,0,0,2019,0.0
1866,0.0,Ben Brinkman,0.0,0,0.0,0.0,0.0,0.0,0.0,0.0,0.0,0.0,0.0,0.0,0.0,0.0,0.0,0.0,0.0,0.0,0,0,0.0,0.0,0.0,0.0,0.0,0.0,0.0,2081,6,173,D,Dallas Stars,0,0,0,0,0,0,2019,0.0
1870,0.0,Gustav Berglund,0.0,0,0.0,0.0,0.0,0.0,0.0,0.0,0.0,0.0,0.0,0.0,0.0,0.0,0.0,0.0,0.0,0.0,0,0,0.0,0.0,0.0,0.0,0.0,0.0,0.0,2085,6,177,D,Detroit Red Wings,0,0,0,0,0,0,2019,0.0
1875,0.0,Quinn Schmiemann,0.0,0,0.0,0.0,0.0,0.0,0.0,0.0,0.0,0.0,0.0,0.0,0.0,0.0,0.0,0.0,0.0,0.0,0,0,0.0,0.0,0.0,0.0,0.0,0.0,0.0,2090,6,182,D,Tampa Bay Lightning,0,0,0,0,0,0,2019,0.0
1877,789.0,Santeri Hatakka,21.0,SJS,21.0,0.0,4.0,4.0,0.0,6.0,0.0,0.0,0.0,0.0,4.0,0.0,0.0,15.0,0.0,7.0,113:40,14:39,0.0,0.0,0.0,19.0,19.0,2.0,9.0,2092,6,184,D,San Jose Sharks,2,21,0,4,4,6,2019,2.0
1879,0.0,Mathew Hill,0.0,0,0.0,0.0,0.0,0.0,0.0,0.0,0.0,0.0,0.0,0.0,0.0,0.0,0.0,0.0,0.0,0.0,0,0,0.0,0.0,0.0,0.0,0.0,0.0,0.0,2094,6,186,D,Anaheim Ducks,0,0,0,0,0,0,2019,0.0
1880,0.0,Maxence Guénette,0.0,0,0.0,0.0,0.0,0.0,0.0,0.0,0.0,0.0,0.0,0.0,0.0,0.0,0.0,0.0,0.0,0.0,0,0,0.0,0.0,0.0,0.0,0.0,0.0,0.0,2095,7,187,D,Ottawa Senators,2,8,0,0,0,2,2019,0.0
1886,0.0,Cole Moberg,0.0,0,0.0,0.0,0.0,0.0,0.0,0.0,0.0,0.0,0.0,0.0,0.0,0.0,0.0,0.0,0.0,0.0,0,0,0.0,0.0,0.0,0.0,0.0,0.0,0.0,2102,7,194,D,Chicago Blackhawks,0,0,0,0,0,0,2019,0.0
1891,0.0,Axel Bergkvist,0.0,0,0.0,0.0,0.0,0.0,0.0,0.0,0.0,0.0,0.0,0.0,0.0,0.0,0.0,0.0,0.0,0.0,0,0,0.0,0.0,0.0,0.0,0.0,0.0,0.0,2108,7,200,D,Arizona Coyotes,0,0,0,0,0,0,2019,0.0
1894,0.0,Kalle Loponen,0.0,0,0.0,0.0,0.0,0.0,0.0,0.0,0.0,0.0,0.0,0.0,0.0,0.0,0.0,0.0,0.0,0.0,0,0,0.0,0.0,0.0,0.0,0.0,0.0,0.0,2112,7,204,D,Toronto Maple Leafs,0,0,0,0,0,0,2019,0.0
1896,0.0,Kieran Ruscheinski,0.0,0,0.0,0.0,0.0,0.0,0.0,0.0,0.0,0.0,0.0,0.0,0.0,0.0,0.0,0.0,0.0,0.0,0,0,0.0,0.0,0.0,0.0,0.0,0.0,0.0,2114,7,206,D,Montréal Canadiens,0,0,0,0,0,0,2019,0.0
1900,0.0,Santeri Airola,0.0,0,0.0,0.0,0.0,0.0,0.0,0.0,0.0,0.0,0.0,0.0,0.0,0.0,0.0,0.0,0.0,0.0,0,0,0.0,0.0,0.0,0.0,0.0,0.0,0.0,2119,7,211,D,Pittsburgh Penguins,0,0,0,0,0,0,2019,0.0
1910,268.0,Jake Sanderson,20.0,OTT,156.0,14.0,56.0,70.0,2.0,35.0,9.0,5.0,0.0,3.0,30.0,26.0,0.0,290.0,3.0,279.0,1687:52,23:13,0.0,0.0,0.0,286.0,92.0,67.0,134.0,2130,1,5,D,Ottawa Senators,3,186,15,71,86,37,2020,28.666666666666668
1911,517.0,Jamie Drysdale,18.0,ANA,181.0,13.0,47.0,60.0,-81.0,40.0,11.0,2.0,0.0,1.0,30.0,15.0,2.0,283.0,10.7,69.0,469:59,21:35,0.0,0.0,0.0,187.0,106.0,37.0,93.0,2131,1,6,D,Anaheim Ducks,5,166,11,43,54,34,2020,10.8
1920,441.0,Kaiden Guhle,21.0,MTL,114.0,10.0,30.0,40.0,-27.0,83.0,10.0,0.0,0.0,1.0,30.0,0.0,0.0,143.0,8.3,107.0,902:42,20:51,0.0,0.0,0.0,255.0,200.0,48.0,94.0,2141,1,16,D,Montréal Canadiens,3,138,12,34,46,98,2020,15.333333333333334
1923,569.0,Braden Schneider,20.0,NYR,206.0,12.0,36.0,48.0,13.0,41.0,11.0,0.0,1.0,2.0,35.0,1.0,0.0,199.0,8.0,65.0,665:29,15:54,0.0,0.0,0.0,315.0,374.0,55.0,111.0,2144,1,19,D,New York Rangers,4,236,14,43,57,47,2020,14.25
1924,852.0,Shakir Mukhamadullin,22.0,SJS,3.0,0.0,1.0,1.0,0.0,4.0,0.0,0.0,0.0,0.0,0.0,1.0,0.0,5.0,0.0,12.0,63:28,21:09,0.0,0.0,0.0,11.0,5.0,1.0,2.0,2145,1,20,D,New Jersey Devils,2,5,0,1,1,4,2020,0.5
1929,774.0,Justin Barron,20.0,2TM,101.0,13.0,19.0,32.0,-11.0,36.0,10.0,2.0,1.0,2.0,18.0,1.0,0.0,126.0,7.7,18.0,120:15,19:01,0.0,0.0,0.0,107.0,120.0,15.0,73.0,2150,1,25,D,Colorado Avalanche,4,110,13,18,31,44,2020,7.75
1936,0.0,William Wallinder,0.0,0,0.0,0.0,0.0,0.0,0.0,0.0,0.0,0.0,0.0,0.0,0.0,0.0,0.0,0.0,0.0,0.0,0,0,0.0,0.0,0.0,0.0,0.0,0.0,0.0,2157,2,32,D,Detroit Red Wings,0,0,0,0,0,0,2020,0.0
1939,0.0,Helge Grans,0.0,0,0.0,0.0,0.0,0.0,0.0,0.0,0.0,0.0,0.0,0.0,0.0,0.0,0.0,0.0,0.0,0.0,0,0,0.0,0.0,0.0,0.0,0.0,0.0,0.0,2160,2,35,D,Los Angeles Kings,1,6,0,1,1,2,2020,1.0
1943,0.0,Ryan O'Rourke,0.0,0,0.0,0.0,0.0,0.0,0.0,0.0,0.0,0.0,0.0,0.0,0.0,0.0,0.0,0.0,0.0,0.0,0,0,0.0,0.0,0.0,0.0,0.0,0.0,0.0,2164,2,39,D,Minnesota Wild,0,0,0,0,0,0,2020,0.0
1948,762.0,Tyler Kleven,21.0,OTT,17.0,0.0,3.0,3.0,-2.0,4.0,0.0,0.0,0.0,0.0,3.0,0.0,0.0,18.0,0.0,24.0,117:31,14:41,0.0,0.0,0.0,16.0,17.0,5.0,13.0,2169,2,44,D,Ottawa Senators,3,47,1,4,5,12,2020,1.6666666666666667
1949,927.0,Brock Faber,20.0,MIN,84.0,8.0,39.0,47.0,1.0,26.0,5.0,3.0,0.0,1.0,26.0,13.0,0.0,137.0,0.0,4.0,40:08,24:58,0.0,0.0,0.0,159.0,65.0,16.0,36.0,2170,2,45,D,Los Angeles Kings,3,115,11,53,64,35,2020,21.33333333333333
1953,937.0,Yan Kuznetsov,21.0,CGY,1.0,0.0,0.0,0.0,-1.0,0.0,0.0,0.0,0.0,0.0,0.0,0.0,0.0,2.0,0.0,4.0,11:58,11:58,0.0,0.0,0.0,1.0,0.0,0.0,1.0,2175,2,50,D,Calgary Flames,1,1,0,0,0,0,2020,0.0
1956,869.0,Emil Andrae,21.0,PHI,4.0,0.0,0.0,0.0,-1.0,0.0,0.0,0.0,0.0,0.0,0.0,0.0,0.0,0.0,0.0,2.0,52:00,13:00,0.0,0.0,0.0,6.0,5.0,0.0,1.0,2179,2,54,D,Philadelphia Flyers,2,23,1,4,5,12,2020,2.5
1960,516.0,Mason Lohrei,23.0,BOS,41.0,4.0,9.0,13.0,-2.0,18.0,3.0,1.0,0.0,1.0,7.0,2.0,0.0,43.0,9.3,102.0,695:16,16:57,0.0,0.0,0.0,63.0,32.0,9.0,29.0,2183,2,58,D,Boston Bruins,2,68,5,20,25,22,2020,12.5
1965,0.0,Donovan Sebrango,0.0,0,0.0,0.0,0.0,0.0,0.0,0.0,0.0,0.0,0.0,0.0,0.0,0.0,0.0,0.0,0.0,0.0,0,0,0.0,0.0,0.0,0.0,0.0,0.0,0.0,2188,3,63,D,Detroit Red Wings,0,0,0,0,0,0,2020,0.0
1966,0.0,Topi Niemelä,0.0,0,0.0,0.0,0.0,0.0,0.0,0.0,0.0,0.0,0.0,0.0,0.0,0.0,0.0,0.0,0.0,0.0,0,0,0.0,0.0,0.0,0.0,0.0,0.0,0.0,2189,3,64,D,Toronto Maple Leafs,0,0,0,0,0,0,2020,0.0
1967,824.0,Daemon Hunt,21.0,MIN,12.0,0.0,1.0,1.0,-1.0,0.0,0.0,0.0,0.0,0.0,1.0,0.0,0.0,7.0,0.0,21.0,138:03,11:30,0.0,0.0,0.0,17.0,8.0,1.0,3.0,2190,3,65,D,Minnesota Wild,2,13,0,1,1,0,2020,0.5
1969,0.0,Ian Moore,0.0,0,0.0,0.0,0.0,0.0,0.0,0.0,0.0,0.0,0.0,0.0,0.0,0.0,0.0,0.0,0.0,0.0,0,0,0.0,0.0,0.0,0.0,0.0,0.0,0.0,2192,3,67,D,Anaheim Ducks,0,0,0,0,0,0,2020,0.0
1970,798.0,Lukas Cormier,21.0,VEG,2.0,0.0,1.0,1.0,1.0,0.0,0.0,0.0,0.0,0.0,0.0,1.0,0.0,3.0,0.0,8.0,34:34,17:17,0.0,0.0,0.0,2.0,1.0,0.0,0.0,2193,3,68,D,Vegas Golden Knights,1,2,0,1,1,0,2020,1.0
1971,0.0,Alexander Nikishin,0.0,0,0.0,0.0,0.0,0.0,0.0,0.0,0.0,0.0,0.0,0.0,0.0,0.0,0.0,0.0,0.0,0.0,0,0,0.0,0.0,0.0,0.0,0.0,0.0,0.0,2194,3,69,D,Carolina Hurricanes,0,0,0,0,0,0,2020,0.0
1972,0.0,Eemil Viro,0.0,0,0.0,0.0,0.0,0.0,0.0,0.0,0.0,0.0,0.0,0.0,0.0,0.0,0.0,0.0,0.0,0.0,0,0,0.0,0.0,0.0,0.0,0.0,0.0,0.0,2195,3,70,D,Detroit Red Wings,0,0,0,0,0,0,2020,0.0
1973,0.0,Jérémie Poirier,0.0,0,0.0,0.0,0.0,0.0,0.0,0.0,0.0,0.0,0.0,0.0,0.0,0.0,0.0,0.0,0.0,0.0,0,0,0.0,0.0,0.0,0.0,0.0,0.0,0.0,2197,3,72,D,Calgary Flames,0,0,0,0,0,0,2020,0.0
1974,0.0,Luke Prokop,0.0,0,0.0,0.0,0.0,0.0,0.0,0.0,0.0,0.0,0.0,0.0,0.0,0.0,0.0,0.0,0.0,0.0,0,0,0.0,0.0,0.0,0.0,0.0,0.0,0.0,2198,3,73,D,Nashville Predators,0,0,0,0,0,0,2020,0.0
1978,0.0,Samuel Knazko,0.0,0,0.0,0.0,0.0,0.0,0.0,0.0,0.0,0.0,0.0,0.0,0.0,0.0,0.0,0.0,0.0,0.0,0,0,0.0,0.0,0.0,0.0,0.0,0.0,0.0,2203,3,78,D,Columbus Blue Jackets,1,2,0,0,0,0,2020,0.0
1980,0.0,Jake Boltmann,0.0,0,0.0,0.0,0.0,0.0,0.0,0.0,0.0,0.0,0.0,0.0,0.0,0.0,0.0,0.0,0.0,0.0,0,0,0.0,0.0,0.0,0.0,0.0,0.0,0.0,2205,3,80,D,Calgary Flames,0,0,0,0,0,0,2020,0.0
1981,721.0,Wyatt Kaiser,20.0,CHI,41.0,0.0,10.0,10.0,-4.0,26.0,0.0,0.0,0.0,0.0,10.0,0.0,0.0,32.0,0.0,27.0,167:25,18:36,0.0,0.0,0.0,56.0,27.0,7.0,36.0,2206,3,81,D,Chicago Blackhawks,3,69,0,11,11,40,2020,3.6666666666666665
1982,0.0,Joni Jurmo,0.0,0,0.0,0.0,0.0,0.0,0.0,0.0,0.0,0.0,0.0,0.0,0.0,0.0,0.0,0.0,0.0,0.0,0,0,0.0,0.0,0.0,0.0,0.0,0.0,0.0,2207,3,82,D,Vancouver Canucks,0,0,0,0,0,0,2020,0.0
1987,0.0,Leo Lööf,0.0,0,0.0,0.0,0.0,0.0,0.0,0.0,0.0,0.0,0.0,0.0,0.0,0.0,0.0,0.0,0.0,0.0,0,0,0.0,0.0,0.0,0.0,0.0,0.0,0.0,2213,3,88,D,St. Louis Blues,0,0,0,0,0,0,2020,0.0
1992,1011.0,Jack Thompson,21.0,2TM,6.0,0.0,0.0,0.0,-4.0,0.0,0.0,0.0,0.0,0.0,0.0,0.0,0.0,8.0,0.0,7.0,47:01,17:41,0.0,0.0,0.0,6.0,8.0,6.0,0.0,2218,3,93,D,Tampa Bay Lightning,2,17,2,3,5,6,2020,2.5
1994,0.0,Mike Benning,0.0,0,0.0,0.0,0.0,0.0,0.0,0.0,0.0,0.0,0.0,0.0,0.0,0.0,0.0,0.0,0.0,0.0,0,0,0.0,0.0,0.0,0.0,0.0,0.0,0.0,2220,4,95,D,Florida Panthers,0,0,0,0,0,0,2020,0.0
1999,0.0,Adam Wilsby,0.0,0,0.0,0.0,0.0,0.0,0.0,0.0,0.0,0.0,0.0,0.0,0.0,0.0,0.0,0.0,0.0,0.0,0,0,0.0,0.0,0.0,0.0,0.0,0.0,0.0,2226,4,101,D,Nashville Predators,1,9,0,2,2,0,2020,2.0
2001,0.0,Thimo Nickl,0.0,0,0.0,0.0,0.0,0.0,0.0,0.0,0.0,0.0,0.0,0.0,0.0,0.0,0.0,0.0,0.0,0.0,0,0,0.0,0.0,0.0,0.0,0.0,0.0,0.0,2229,4,104,D,Anaheim Ducks,0,0,0,0,0,0,2020,0.0
2002,0.0,Zach Uens,0.0,0,0.0,0.0,0.0,0.0,0.0,0.0,0.0,0.0,0.0,0.0,0.0,0.0,0.0,0.0,0.0,0.0,0,0,0.0,0.0,0.0,0.0,0.0,0.0,0.0,2230,4,105,D,Florida Panthers,0,0,0,0,0,0,2020,0.0
2005,0.0,Michael Krutil,0.0,0,0.0,0.0,0.0,0.0,0.0,0.0,0.0,0.0,0.0,0.0,0.0,0.0,0.0,0.0,0.0,0.0,0,0,0.0,0.0,0.0,0.0,0.0,0.0,0.0,2235,4,110,D,Chicago Blackhawks,0,0,0,0,0,0,2020,0.0
2006,0.0,Mitchell Miller,0.0,0,0.0,0.0,0.0,0.0,0.0,0.0,0.0,0.0,0.0,0.0,0.0,0.0,0.0,0.0,0.0,0.0,0,0,0.0,0.0,0.0,0.0,0.0,0.0,0.0,2236,4,111,D,Arizona Coyotes,0,0,0,0,0,0,2020,0.0
2010,0.0,Eamon Powell,0.0,0,0.0,0.0,0.0,0.0,0.0,0.0,0.0,0.0,0.0,0.0,0.0,0.0,0.0,0.0,0.0,0.0,0,0,0.0,0.0,0.0,0.0,0.0,0.0,0.0,2241,4,116,D,Tampa Bay Lightning,0,0,0,0,0,0,2020,0.0
2014,0.0,Ethan Edwards,0.0,0,0.0,0.0,0.0,0.0,0.0,0.0,0.0,0.0,0.0,0.0,0.0,0.0,0.0,0.0,0.0,0.0,0,0,0.0,0.0,0.0,0.0,0.0,0.0,0.0,2245,4,120,D,New Jersey Devils,0,0,0,0,0,0,2020,0.0
2016,0.0,William Villeneuve,0.0,0,0.0,0.0,0.0,0.0,0.0,0.0,0.0,0.0,0.0,0.0,0.0,0.0,0.0,0.0,0.0,0.0,0,0,0.0,0.0,0.0,0.0,0.0,0.0,0.0,2247,4,122,D,Toronto Maple Leafs,0,0,0,0,0,0,2020,0.0
2025,0.0,Alex Cotton,0.0,0,0.0,0.0,0.0,0.0,0.0,0.0,0.0,0.0,0.0,0.0,0.0,0.0,0.0,0.0,0.0,0.0,0,0,0.0,0.0,0.0,0.0,0.0,0.0,0.0,2257,5,132,D,Detroit Red Wings,0,0,0,0,0,0,2020,0.0
2026,0.0,Anton Johannesson,0.0,0,0.0,0.0,0.0,0.0,0.0,0.0,0.0,0.0,0.0,0.0,0.0,0.0,0.0,0.0,0.0,0.0,0,0,0.0,0.0,0.0,0.0,0.0,0.0,0.0,2258,5,133,D,Winnipeg Jets,0,0,0,0,0,0,2020,0.0
2032,0.0,Ben Meehan,0.0,0,0.0,0.0,0.0,0.0,0.0,0.0,0.0,0.0,0.0,0.0,0.0,0.0,0.0,0.0,0.0,0.0,0,0,0.0,0.0,0.0,0.0,0.0,0.0,0.0,2265,5,140,D,Los Angeles Kings,0,0,0,0,0,0,2020,0.0
2033,1054.0,Isaak Phillips,20.0,CHI,53.0,1.0,10.0,11.0,-37.0,31.0,1.0,0.0,0.0,0.0,10.0,0.0,0.0,51.0,0.0,6.0,49:21,17:04,0.0,0.0,0.0,43.0,86.0,27.0,33.0,2266,5,141,D,Chicago Blackhawks,4,56,2,10,12,31,2020,3.0
2036,0.0,Jacob Truscott,0.0,0,0.0,0.0,0.0,0.0,0.0,0.0,0.0,0.0,0.0,0.0,0.0,0.0,0.0,0.0,0.0,0.0,0,0,0.0,0.0,0.0,0.0,0.0,0.0,0.0,2269,5,144,D,Vancouver Canucks,0,0,0,0,0,0,2020,0.0
2037,0.0,Ole Julian Bjørgvik Holm,0.0,0,0.0,0.0,0.0,0.0,0.0,0.0,0.0,0.0,0.0,0.0,0.0,0.0,0.0,0.0,0.0,0.0,0,0,0.0,0.0,0.0,0.0,0.0,0.0,0.0,2270,5,145,D,Columbus Blue Jackets,0,0,0,0,0,0,2020,0.0
2042,0.0,Matt Kessel,0.0,0,0.0,0.0,0.0,0.0,0.0,0.0,0.0,0.0,0.0,0.0,0.0,0.0,0.0,0.0,0.0,0.0,0,0,0.0,0.0,0.0,0.0,0.0,0.0,0.0,2275,5,150,D,St. Louis Blues,3,67,1,9,10,22,2020,3.333333333333333
2043,0.0,Mason Langenbrunner,0.0,0,0.0,0.0,0.0,0.0,0.0,0.0,0.0,0.0,0.0,0.0,0.0,0.0,0.0,0.0,0.0,0.0,0,0,0.0,0.0,0.0,0.0,0.0,0.0,0.0,2276,5,151,D,Boston Bruins,0,0,0,0,0,0,2020,0.0
2045,0.0,Kasper Puutio,0.0,0,0.0,0.0,0.0,0.0,0.0,0.0,0.0,0.0,0.0,0.0,0.0,0.0,0.0,0.0,0.0,0.0,0,0,0.0,0.0,0.0,0.0,0.0,0.0,0.0,2278,5,153,D,Florida Panthers,0,0,0,0,0,0,2020,0.0
2048,0.0,Kyle Aucoin,0.0,0,0.0,0.0,0.0,0.0,0.0,0.0,0.0,0.0,0.0,0.0,0.0,0.0,0.0,0.0,0.0,0.0,0,0,0.0,0.0,0.0,0.0,0.0,0.0,0.0,2281,6,156,D,Detroit Red Wings,0,0,0,0,0,0,2020,0.0
2055,0.0,Tyrel Bauer,0.0,0,0.0,0.0,0.0,0.0,0.0,0.0,0.0,0.0,0.0,0.0,0.0,0.0,0.0,0.0,0.0,0.0,0,0,0.0,0.0,0.0,0.0,0.0,0.0,0.0,2289,6,164,D,Winnipeg Jets,0,0,0,0,0,0,2020,0.0
2057,0.0,Luke Reid,0.0,0,0.0,0.0,0.0,0.0,0.0,0.0,0.0,0.0,0.0,0.0,0.0,0.0,0.0,0.0,0.0,0.0,0,0,0.0,0.0,0.0,0.0,0.0,0.0,0.0,2291,6,166,D,Nashville Predators,0,0,0,0,0,0,2020,0.0
2067,0.0,Samuel Johannesson,0.0,0,0.0,0.0,0.0,0.0,0.0,0.0,0.0,0.0,0.0,0.0,0.0,0.0,0.0,0.0,0.0,0.0,0,0,0.0,0.0,0.0,0.0,0.0,0.0,0.0,2301,6,176,D,Columbus Blue Jackets,0,0,0,0,0,0,2020,0.0
2068,0.0,Axel Rindell,0.0,0,0.0,0.0,0.0,0.0,0.0,0.0,0.0,0.0,0.0,0.0,0.0,0.0,0.0,0.0,0.0,0.0,0,0,0.0,0.0,0.0,0.0,0.0,0.0,0.0,2302,6,177,D,Toronto Maple Leafs,0,0,0,0,0,0,2020,0.0
2073,0.0,Matias Rajaniemi,0.0,0,0.0,0.0,0.0,0.0,0.0,0.0,0.0,0.0,0.0,0.0,0.0,0.0,0.0,0.0,0.0,0.0,0,0,0.0,0.0,0.0,0.0,0.0,0.0,0.0,2308,6,183,D,New York Islanders,0,0,0,0,0,0,2020,0.0
2074,0.0,Noah Ellis,0.0,0,0.0,0.0,0.0,0.0,0.0,0.0,0.0,0.0,0.0,0.0,0.0,0.0,0.0,0.0,0.0,0.0,0,0,0.0,0.0,0.0,0.0,0.0,0.0,0.0,2309,6,184,D,Vegas Golden Knights,0,0,0,0,0,0,2020,0.0
2076,719.0,Louis Crevier,22.0,CHI,24.0,0.0,3.0,3.0,-16.0,4.0,0.0,0.0,0.0,0.0,3.0,0.0,0.0,18.0,0.0,42.0,376:24,15:41,0.0,0.0,0.0,50.0,30.0,4.0,9.0,2313,7,188,D,Chicago Blackhawks,2,29,1,3,4,4,2020,2.0
2077,0.0,John Fusco,0.0,0,0.0,0.0,0.0,0.0,0.0,0.0,0.0,0.0,0.0,0.0,0.0,0.0,0.0,0.0,0.0,0.0,0,0,0.0,0.0,0.0,0.0,0.0,0.0,0.0,2314,7,189,D,Toronto Maple Leafs,0,0,0,0,0,0,2020,0.0
2079,0.0,Viktor Persson,0.0,0,0.0,0.0,0.0,0.0,0.0,0.0,0.0,0.0,0.0,0.0,0.0,0.0,0.0,0.0,0.0,0.0,0,0,0.0,0.0,0.0,0.0,0.0,0.0,0.0,2316,7,191,D,Vancouver Canucks,0,0,0,0,0,0,2020,0.0
2081,0.0,Albert Lyckåsen,0.0,0,0.0,0.0,0.0,0.0,0.0,0.0,0.0,0.0,0.0,0.0,0.0,0.0,0.0,0.0,0.0,0.0,0,0,0.0,0.0,0.0,0.0,0.0,0.0,0.0,2318,7,193,D,Buffalo Sabres,0,0,0,0,0,0,2020,0.0
2082,0.0,Noah Beck,0.0,0,0.0,0.0,0.0,0.0,0.0,0.0,0.0,0.0,0.0,0.0,0.0,0.0,0.0,0.0,0.0,0.0,0,0,0.0,0.0,0.0,0.0,0.0,0.0,0.0,2319,7,194,D,St. Louis Blues,0,0,0,0,0,0,2020,0.0
2092,736.0,Ilya Solovyov,23.0,CGY,10.0,0.0,3.0,3.0,-3.0,4.0,0.0,0.0,0.0,0.0,2.0,0.0,1.0,10.0,0.0,25.0,158:57,15:54,0.0,0.0,0.0,17.0,14.0,0.0,3.0,2330,7,205,D,Calgary Flames,1,10,0,3,3,4,2020,3.0
2095,0.0,Ronan Seeley,0.0,0,0.0,0.0,0.0,0.0,0.0,0.0,0.0,0.0,0.0,0.0,0.0,0.0,0.0,0.0,0.0,0.0,0,0,0.0,0.0,0.0,0.0,0.0,0.0,0.0,2333,7,208,D,Carolina Hurricanes,0,0,0,0,0,0,2020,0.0
2103,762.0,Owen Power,19.0,BUF,163.0,12.0,59.0,71.0,21.0,54.0,12.0,0.0,0.0,2.0,43.0,14.0,2.0,248.0,20.0,17.0,176:41,23:48,0.0,0.0,0.0,210.0,73.0,51.0,92.0,2343,1,1,D,Buffalo Sabres,4,194,16,74,90,62,2021,22.5
2106,757.0,Luke Hughes,19.0,NJD,84.0,10.0,39.0,49.0,-25.0,28.0,6.0,4.0,0.0,2.0,18.0,21.0,0.0,137.0,50.0,4.0,32:28,21:28,0.0,0.0,0.0,58.0,25.0,43.0,69.0,2346,1,4,D,New Jersey Devils,3,108,11,48,59,34,2021,19.666666666666668
2108,749.0,Simon Edvinsson,19.0,DET,25.0,3.0,1.0,4.0,-7.0,16.0,3.0,0.0,0.0,0.0,1.0,0.0,0.0,18.0,40.0,13.0,153:37,18:15,0.0,0.0,0.0,33.0,37.0,6.0,14.0,2348,1,6,D,Detroit Red Wings,3,54,6,11,17,28,2021,5.666666666666667
2110,748.0,Brandt Clarke,19.0,LAK,25.0,2.0,6.0,8.0,-7.0,16.0,2.0,0.0,0.0,1.0,2.0,4.0,0.0,42.0,0.0,21.0,122:47,13:39,0.0,0.0,0.0,35.0,9.0,2.0,5.0,2350,1,8,D,Los Angeles Kings,3,55,5,20,25,38,2021,8.333333333333334
2125,0.0,Corson Ceulemans,0.0,0,0.0,0.0,0.0,0.0,0.0,0.0,0.0,0.0,0.0,0.0,0.0,0.0,0.0,0.0,0.0,0.0,0,0,0.0,0.0,0.0,0.0,0.0,0.0,0.0,2367,1,25,D,Columbus Blue Jackets,0,0,0,0,0,0,2021,0.0
2126,0.0,Carson Lambos,0.0,0,0.0,0.0,0.0,0.0,0.0,0.0,0.0,0.0,0.0,0.0,0.0,0.0,0.0,0.0,0.0,0.0,0,0,0.0,0.0,0.0,0.0,0.0,0.0,0.0,2368,1,26,D,Minnesota Wild,0,0,0,0,0,0,2021,0.0
2131,847.0,Logan Mailloux,20.0,MTL,1.0,0.0,1.0,1.0,1.0,0.0,0.0,0.0,0.0,0.0,1.0,0.0,0.0,2.0,0.0,4.0,21:14,21:14,0.0,0.0,0.0,1.0,1.0,0.0,0.0,2373,1,31,D,Montréal Canadiens,2,6,1,3,4,6,2021,2.0
2132,0.0,Nolan Allan,0.0,0,0.0,0.0,0.0,0.0,0.0,0.0,0.0,0.0,0.0,0.0,0.0,0.0,0.0,0.0,0.0,0.0,0,0,0.0,0.0,0.0,0.0,0.0,0.0,0.0,2374,1,32,D,Chicago Blackhawks,1,24,0,5,5,12,2021,5.0
2134,605.0,Olen Zellweger,20.0,ANA,26.0,2.0,7.0,9.0,-6.0,4.0,2.0,0.0,0.0,0.0,5.0,2.0,0.0,34.0,5.9,96.0,501:24,19:17,0.0,0.0,0.0,38.0,14.0,7.0,18.0,2376,2,34,D,Anaheim Ducks,2,53,6,13,19,12,2021,9.5
2135,586.0,Ryker Evans,22.0,SEA,36.0,1.0,8.0,9.0,-5.0,20.0,1.0,0.0,0.0,0.0,3.0,5.0,0.0,44.0,2.3,102.0,690:26,19:11,0.0,0.0,0.0,38.0,62.0,7.0,7.0,2377,2,35,D,Seattle Kraken,2,66,4,21,25,32,2021,12.5
2136,0.0,Shai Buium,0.0,0,0.0,0.0,0.0,0.0,0.0,0.0,0.0,0.0,0.0,0.0,0.0,0.0,0.0,0.0,0.0,0.0,0,0,0.0,0.0,0.0,0.0,0.0,0.0,0.0,2378,2,36,D,Detroit Red Wings,0,0,0,0,0,0,2021,0.0
2138,0.0,Daniil Chaika,0.0,0,0.0,0.0,0.0,0.0,0.0,0.0,0.0,0.0,0.0,0.0,0.0,0.0,0.0,0.0,0.0,0.0,0,0,0.0,0.0,0.0,0.0,0.0,0.0,0.0,2380,2,38,D,Vegas Golden Knights,0,0,0,0,0,0,2021,0.0
2140,957.0,Scott Morrow,21.0,CAR,2.0,0.0,0.0,0.0,-3.0,0.0,0.0,0.0,0.0,0.0,0.0,0.0,0.0,6.0,0.0,11.0,36:46,18:23,0.0,0.0,0.0,2.0,1.0,0.0,1.0,2382,2,40,D,Carolina Hurricanes,1,2,0,0,0,0,2021,0.0
2144,0.0,Aleksi Heimosalmi,0.0,0,0.0,0.0,0.0,0.0,0.0,0.0,0.0,0.0,0.0,0.0,0.0,0.0,0.0,0.0,0.0,0.0,0,0,0.0,0.0,0.0,0.0,0.0,0.0,0.0,2386,2,44,D,Carolina Hurricanes,0,0,0,0,0,0,2021,0.0
2148,0.0,Artyom Grushnikov,0.0,0,0.0,0.0,0.0,0.0,0.0,0.0,0.0,0.0,0.0,0.0,0.0,0.0,0.0,0.0,0.0,0.0,0,0,0.0,0.0,0.0,0.0,0.0,0.0,0.0,2390,2,48,D,Dallas Stars,0,0,0,0,0,0,2021,0.0
2149,0.0,Ben Roger,0.0,0,0.0,0.0,0.0,0.0,0.0,0.0,0.0,0.0,0.0,0.0,0.0,0.0,0.0,0.0,0.0,0.0,0,0,0.0,0.0,0.0,0.0,0.0,0.0,0.0,2391,2,49,D,Ottawa Senators,0,0,0,0,0,0,2021,0.0
2154,0.0,Jack Peart,0.0,0,0.0,0.0,0.0,0.0,0.0,0.0,0.0,0.0,0.0,0.0,0.0,0.0,0.0,0.0,0.0,0.0,0,0,0.0,0.0,0.0,0.0,0.0,0.0,0.0,2396,2,54,D,Minnesota Wild,0,0,0,0,0,0,2021,0.0
2155,830.0,Vincent Iorio,20.0,WSH,9.0,0.0,1.0,1.0,1.0,0.0,0.0,0.0,0.0,0.0,1.0,0.0,0.0,9.0,0.0,9.0,43:02,9:50,0.0,0.0,0.0,6.0,5.0,2.0,8.0,2397,2,55,D,Washington Capitals,2,9,0,1,1,0,2021,0.5
2156,0.0,Evan Nause,0.0,0,0.0,0.0,0.0,0.0,0.0,0.0,0.0,0.0,0.0,0.0,0.0,0.0,0.0,0.0,0.0,0.0,0,0,0.0,0.0,0.0,0.0,0.0,0.0,0.0,2398,2,56,D,Florida Panthers,0,0,0,0,0,0,2021,0.0
2160,0.0,Janis Moser,0.0,0,0.0,0.0,0.0,0.0,0.0,0.0,0.0,0.0,0.0,0.0,0.0,0.0,0.0,0.0,0.0,0.0,0,0,0.0,0.0,0.0,0.0,0.0,0.0,0.0,2402,2,60,D,Arizona Coyotes,4,232,18,64,82,98,2021,20.5
2161,0.0,Sean Behrens,0.0,0,0.0,0.0,0.0,0.0,0.0,0.0,0.0,0.0,0.0,0.0,0.0,0.0,0.0,0.0,0.0,0.0,0,0,0.0,0.0,0.0,0.0,0.0,0.0,0.0,2403,2,61,D,Colorado Avalanche,0,0,0,0,0,0,2021,0.0
2169,873.0,Stanislav Svozil,20.0,CBJ,2.0,0.0,1.0,1.0,-3.0,2.0,0.0,0.0,0.0,0.0,0.0,1.0,0.0,3.0,0.0,7.0,40:14,20:07,0.0,0.0,0.0,1.0,1.0,0.0,1.0,2411,3,69,D,Columbus Blue Jackets,1,2,0,1,1,2,2021,1.0
2172,0.0,Anton Olsson,0.0,0,0.0,0.0,0.0,0.0,0.0,0.0,0.0,0.0,0.0,0.0,0.0,0.0,0.0,0.0,0.0,0.0,0,0,0.0,0.0,0.0,0.0,0.0,0.0,0.0,2414,3,72,D,Nashville Predators,0,0,0,0,0,0,2021,0.0
2178,0.0,Brent Johnson,0.0,0,0.0,0.0,0.0,0.0,0.0,0.0,0.0,0.0,0.0,0.0,0.0,0.0,0.0,0.0,0.0,0.0,0,0,0.0,0.0,0.0,0.0,0.0,0.0,0.0,2421,3,80,D,Washington Capitals,0,0,0,0,0,0,2021,0.0
2179,0.0,Dmitri Kuzmin,0.0,0,0.0,0.0,0.0,0.0,0.0,0.0,0.0,0.0,0.0,0.0,0.0,0.0,0.0,0.0,0.0,0.0,0,0,0.0,0.0,0.0,0.0,0.0,0.0,0.0,2423,3,82,D,Winnipeg Jets,0,0,0,0,0,0,2021,0.0
2180,0.0,Kirill Kirsanov,0.0,0,0.0,0.0,0.0,0.0,0.0,0.0,0.0,0.0,0.0,0.0,0.0,0.0,0.0,0.0,0.0,0.0,0,0,0.0,0.0,0.0,0.0,0.0,0.0,0.0,2425,3,84,D,Los Angeles Kings,0,0,0,0,0,0,2021,0.0
2183,0.0,Dmitri Kostenko,0.0,0,0.0,0.0,0.0,0.0,0.0,0.0,0.0,0.0,0.0,0.0,0.0,0.0,0.0,0.0,0.0,0.0,0,0,0.0,0.0,0.0,0.0,0.0,0.0,0.0,2428,3,87,D,Montréal Canadiens,0,0,0,0,0,0,2021,0.0
2185,0.0,Cameron Whynot,0.0,0,0.0,0.0,0.0,0.0,0.0,0.0,0.0,0.0,0.0,0.0,0.0,0.0,0.0,0.0,0.0,0.0,0,0,0.0,0.0,0.0,0.0,0.0,0.0,0.0,2430,3,89,D,Calgary Flames,0,0,0,0,0,0,2021,0.0
2186,0.0,Luca Münzenberger,0.0,0,0.0,0.0,0.0,0.0,0.0,0.0,0.0,0.0,0.0,0.0,0.0,0.0,0.0,0.0,0.0,0.0,0,0,0.0,0.0,0.0,0.0,0.0,0.0,0.0,2431,3,90,D,Edmonton Oilers,0,0,0,0,0,0,2021,0.0
2187,0.0,Taige Harding,0.0,0,0.0,0.0,0.0,0.0,0.0,0.0,0.0,0.0,0.0,0.0,0.0,0.0,0.0,0.0,0.0,0.0,0,0,0.0,0.0,0.0,0.0,0.0,0.0,0.0,2432,3,91,D,Chicago Blackhawks,0,0,0,0,0,0,2021,0.0
2189,0.0,Aidan Hreschuk,0.0,0,0.0,0.0,0.0,0.0,0.0,0.0,0.0,0.0,0.0,0.0,0.0,0.0,0.0,0.0,0.0,0.0,0,0,0.0,0.0,0.0,0.0,0.0,0.0,0.0,2435,3,94,D,Carolina Hurricanes,0,0,0,0,0,0,2021,0.0
2191,0.0,Roman Schmidt,0.0,0,0.0,0.0,0.0,0.0,0.0,0.0,0.0,0.0,0.0,0.0,0.0,0.0,0.0,0.0,0.0,0.0,0,0,0.0,0.0,0.0,0.0,0.0,0.0,0.0,2437,3,96,D,Tampa Bay Lightning,0,0,0,0,0,0,2021,0.0
2194,0.0,Ville Ottavainen,0.0,0,0.0,0.0,0.0,0.0,0.0,0.0,0.0,0.0,0.0,0.0,0.0,0.0,0.0,0.0,0.0,0.0,0,0,0.0,0.0,0.0,0.0,0.0,0.0,0.0,2440,4,99,D,Seattle Kraken,0,0,0,0,0,0,2021,0.0
2195,0.0,Guillaume Richard,0.0,0,0.0,0.0,0.0,0.0,0.0,0.0,0.0,0.0,0.0,0.0,0.0,0.0,0.0,0.0,0.0,0.0,0,0,0.0,0.0,0.0,0.0,0.0,0.0,0.0,2442,4,101,D,Columbus Blue Jackets,0,0,0,0,0,0,2021,0.0
2197,0.0,Gannon Laroque,0.0,0,0.0,0.0,0.0,0.0,0.0,0.0,0.0,0.0,0.0,0.0,0.0,0.0,0.0,0.0,0.0,0.0,0,0,0.0,0.0,0.0,0.0,0.0,0.0,0.0,2444,4,103,D,San Jose Sharks,0,0,0,0,0,0,2021,0.0
2199,899.0,Ethan Del Mastro,21.0,CHI,2.0,0.0,0.0,0.0,0.0,0.0,0.0,0.0,0.0,0.0,0.0,0.0,0.0,0.0,0.0,1.0,37:09,18:35,0.0,0.0,0.0,0.0,2.0,0.0,1.0,2446,4,105,D,Chicago Blackhawks,1,2,0,0,0,0,2021,0.0
2201,0.0,Emil Lilleberg,0.0,0,0.0,0.0,0.0,0.0,0.0,0.0,0.0,0.0,0.0,0.0,0.0,0.0,0.0,0.0,0.0,0.0,0,0,0.0,0.0,0.0,0.0,0.0,0.0,0.0,2448,4,107,D,Arizona Coyotes,2,62,0,12,12,46,2021,6.0
2204,0.0,Brian Zanetti,0.0,0,0.0,0.0,0.0,0.0,0.0,0.0,0.0,0.0,0.0,0.0,0.0,0.0,0.0,0.0,0.0,0.0,0,0,0.0,0.0,0.0,0.0,0.0,0.0,0.0,2451,4,110,D,Philadelphia Flyers,0,0,0,0,0,0,2021,0.0
2206,0.0,William Trudeau,0.0,0,0.0,0.0,0.0,0.0,0.0,0.0,0.0,0.0,0.0,0.0,0.0,0.0,0.0,0.0,0.0,0.0,0,0,0.0,0.0,0.0,0.0,0.0,0.0,0.0,2454,4,113,D,Montréal Canadiens,0,0,0,0,0,0,2021,0.0
2208,0.0,Ryan Ufko,0.0,0,0.0,0.0,0.0,0.0,0.0,0.0,0.0,0.0,0.0,0.0,0.0,0.0,0.0,0.0,0.0,0.0,0,0,0.0,0.0,0.0,0.0,0.0,0.0,0.0,2456,4,115,D,Nashville Predators,0,0,0,0,0,0,2021,0.0
2210,0.0,Kyle Masters,0.0,0,0.0,0.0,0.0,0.0,0.0,0.0,0.0,0.0,0.0,0.0,0.0,0.0,0.0,0.0,0.0,0.0,0,0,0.0,0.0,0.0,0.0,0.0,0.0,0.0,2459,4,118,D,Minnesota Wild,0,0,0,0,0,0,2021,0.0
2211,0.0,Joaquim Lemay,0.0,0,0.0,0.0,0.0,0.0,0.0,0.0,0.0,0.0,0.0,0.0,0.0,0.0,0.0,0.0,0.0,0.0,0,0,0.0,0.0,0.0,0.0,0.0,0.0,0.0,2460,4,119,D,Washington Capitals,0,0,0,0,0,0,2021,0.0
2212,0.0,Vladislav Lukashevich,0.0,0,0.0,0.0,0.0,0.0,0.0,0.0,0.0,0.0,0.0,0.0,0.0,0.0,0.0,0.0,0.0,0.0,0,0,0.0,0.0,0.0,0.0,0.0,0.0,0.0,2461,4,120,D,Florida Panthers,0,0,0,0,0,0,2021,0.0
2215,0.0,Jack Matier,0.0,0,0.0,0.0,0.0,0.0,0.0,0.0,0.0,0.0,0.0,0.0,0.0,0.0,0.0,0.0,0.0,0.0,0,0,0.0,0.0,0.0,0.0,0.0,0.0,0.0,2465,4,124,D,Nashville Predators,0,0,0,0,0,0,2021,0.0
2220,0.0,Topias Vilén,0.0,0,0.0,0.0,0.0,0.0,0.0,0.0,0.0,0.0,0.0,0.0,0.0,0.0,0.0,0.0,0.0,0.0,0,0,0.0,0.0,0.0,0.0,0.0,0.0,0.0,2470,5,129,D,New Jersey Devils,0,0,0,0,0,0,2021,0.0
2223,0.0,Nikolai Makarov,0.0,0,0.0,0.0,0.0,0.0,0.0,0.0,0.0,0.0,0.0,0.0,0.0,0.0,0.0,0.0,0.0,0.0,0,0,0.0,0.0,0.0,0.0,0.0,0.0,0.0,2473,5,132,D,Columbus Blue Jackets,0,0,0,0,0,0,2021,0.0
2226,0.0,Artem Guryev,0.0,0,0.0,0.0,0.0,0.0,0.0,0.0,0.0,0.0,0.0,0.0,0.0,0.0,0.0,0.0,0.0,0.0,0,0,0.0,0.0,0.0,0.0,0.0,0.0,0.0,2476,5,135,D,San Jose Sharks,0,0,0,0,0,0,2021,0.0
2228,0.0,Jack Bar,0.0,0,0.0,0.0,0.0,0.0,0.0,0.0,0.0,0.0,0.0,0.0,0.0,0.0,0.0,0.0,0.0,0.0,0,0,0.0,0.0,0.0,0.0,0.0,0.0,0.0,2479,5,138,D,Dallas Stars,0,0,0,0,0,0,2021,0.0
2230,0.0,Jonathan Myrenberg,0.0,0,0.0,0.0,0.0,0.0,0.0,0.0,0.0,0.0,0.0,0.0,0.0,0.0,0.0,0.0,0.0,0.0,0,0,0.0,0.0,0.0,0.0,0.0,0.0,0.0,2481,5,140,D,Vancouver Canucks,0,0,0,0,0,0,2021,0.0
2231,0.0,Cole Jordan,0.0,0,0.0,0.0,0.0,0.0,0.0,0.0,0.0,0.0,0.0,0.0,0.0,0.0,0.0,0.0,0.0,0.0,0,0,0.0,0.0,0.0,0.0,0.0,0.0,0.0,2482,5,141,D,Calgary Flames,0,0,0,0,0,0,2021,0.0
2232,0.0,Daniil Sobolev,0.0,0,0.0,0.0,0.0,0.0,0.0,0.0,0.0,0.0,0.0,0.0,0.0,0.0,0.0,0.0,0.0,0.0,0,0,0.0,0.0,0.0,0.0,0.0,0.0,0.0,2483,5,142,D,Montréal Canadiens,0,0,0,0,0,0,2021,0.0
2233,0.0,Jacob Holmes,0.0,0,0.0,0.0,0.0,0.0,0.0,0.0,0.0,0.0,0.0,0.0,0.0,0.0,0.0,0.0,0.0,0.0,0,0,0.0,0.0,0.0,0.0,0.0,0.0,0.0,2484,5,143,D,Dallas Stars,0,0,0,0,0,0,2021,0.0
2235,0.0,Tyson Galloway,0.0,0,0.0,0.0,0.0,0.0,0.0,0.0,0.0,0.0,0.0,0.0,0.0,0.0,0.0,0.0,0.0,0.0,0,0,0.0,0.0,0.0,0.0,0.0,0.0,0.0,2486,5,145,D,St. Louis Blues,0,0,0,0,0,0,2021,0.0
2242,0.0,Isaac Belliveau,0.0,0,0.0,0.0,0.0,0.0,0.0,0.0,0.0,0.0,0.0,0.0,0.0,0.0,0.0,0.0,0.0,0.0,0,0,0.0,0.0,0.0,0.0,0.0,0.0,0.0,2495,5,154,D,Pittsburgh Penguins,0,0,0,0,0,0,2021,0.0
2243,0.0,Oscar Plandowski,0.0,0,0.0,0.0,0.0,0.0,0.0,0.0,0.0,0.0,0.0,0.0,0.0,0.0,0.0,0.0,0.0,0.0,0,0,0.0,0.0,0.0,0.0,0.0,0.0,0.0,2496,5,155,D,Detroit Red Wings,0,0,0,0,0,0,2021,0.0
2246,0.0,Ty Murchison,0.0,0,0.0,0.0,0.0,0.0,0.0,0.0,0.0,0.0,0.0,0.0,0.0,0.0,0.0,0.0,0.0,0.0,0,0,0.0,0.0,0.0,0.0,0.0,0.0,0.0,2499,5,158,D,Philadelphia Flyers,0,0,0,0,0,0,2021,0.0
2251,0.0,Viktor Hurtig,0.0,0,0.0,0.0,0.0,0.0,0.0,0.0,0.0,0.0,0.0,0.0,0.0,0.0,0.0,0.0,0.0,0.0,0,0,0.0,0.0,0.0,0.0,0.0,0.0,0.0,2505,6,164,D,New Jersey Devils,0,0,0,0,0,0,2021,0.0
2256,0.0,Hugo Gabrielson,0.0,0,0.0,0.0,0.0,0.0,0.0,0.0,0.0,0.0,0.0,0.0,0.0,0.0,0.0,0.0,0.0,0.0,0,0,0.0,0.0,0.0,0.0,0.0,0.0,0.0,2510,6,169,D,Vancouver Canucks,0,0,0,0,0,0,2021,0.0
2257,0.0,Bryce Montgomery,0.0,0,0.0,0.0,0.0,0.0,0.0,0.0,0.0,0.0,0.0,0.0,0.0,0.0,0.0,0.0,0.0,0.0,0,0,0.0,0.0,0.0,0.0,0.0,0.0,0.0,2511,6,170,D,Carolina Hurricanes,0,0,0,0,0,0,2021,0.0
2258,0.0,Cal Thomas,0.0,0,0.0,0.0,0.0,0.0,0.0,0.0,0.0,0.0,0.0,0.0,0.0,0.0,0.0,0.0,0.0,0.0,0,0,0.0,0.0,0.0,0.0,0.0,0.0,0.0,2512,6,171,D,Arizona Coyotes,0,0,0,0,0,0,2021,0.0
2261,0.0,Ethan Samson,0.0,0,0.0,0.0,0.0,0.0,0.0,0.0,0.0,0.0,0.0,0.0,0.0,0.0,0.0,0.0,0.0,0.0,0,0,0.0,0.0,0.0,0.0,0.0,0.0,0.0,2515,6,174,D,Philadelphia Flyers,0,0,0,0,0,0,2021,0.0
2263,0.0,Dru Krebs,0.0,0,0.0,0.0,0.0,0.0,0.0,0.0,0.0,0.0,0.0,0.0,0.0,0.0,0.0,0.0,0.0,0.0,0,0,0.0,0.0,0.0,0.0,0.0,0.0,0.0,2517,6,176,D,Washington Capitals,0,0,0,0,0,0,2021,0.0
2268,0.0,Ryan Mast,0.0,0,0.0,0.0,0.0,0.0,0.0,0.0,0.0,0.0,0.0,0.0,0.0,0.0,0.0,0.0,0.0,0.0,0,0,0.0,0.0,0.0,0.0,0.0,0.0,0.0,2522,6,181,D,Boston Bruins,0,0,0,0,0,0,2021,0.0
2269,0.0,Nate Benoit,0.0,0,0.0,0.0,0.0,0.0,0.0,0.0,0.0,0.0,0.0,0.0,0.0,0.0,0.0,0.0,0.0,0.0,0,0,0.0,0.0,0.0,0.0,0.0,0.0,0.0,2523,6,182,D,Minnesota Wild,0,0,0,0,0,0,2021,0.0
2272,0.0,Nikita Novikov,0.0,0,0.0,0.0,0.0,0.0,0.0,0.0,0.0,0.0,0.0,0.0,0.0,0.0,0.0,0.0,0.0,0.0,0,0,0.0,0.0,0.0,0.0,0.0,0.0,0.0,2529,6,188,D,Buffalo Sabres,0,0,0,0,0,0,2021,0.0
2273,0.0,Aleksi Malinen,0.0,0,0.0,0.0,0.0,0.0,0.0,0.0,0.0,0.0,0.0,0.0,0.0,0.0,0.0,0.0,0.0,0.0,0,0,0.0,0.0,0.0,0.0,0.0,0.0,0.0,2530,6,189,D,New York Islanders,0,0,0,0,0,0,2021,0.0
2274,0.0,Artur Cholach,0.0,0,0.0,0.0,0.0,0.0,0.0,0.0,0.0,0.0,0.0,0.0,0.0,0.0,0.0,0.0,0.0,0.0,0,0,0.0,0.0,0.0,0.0,0.0,0.0,0.0,2531,6,190,D,Vegas Golden Knights,0,0,0,0,0,0,2021,0.0
2276,0.0,Alex Gagne,0.0,0,0.0,0.0,0.0,0.0,0.0,0.0,0.0,0.0,0.0,0.0,0.0,0.0,0.0,0.0,0.0,0.0,0,0,0.0,0.0,0.0,0.0,0.0,0.0,0.0,2533,6,192,D,Tampa Bay Lightning,0,0,0,0,0,0,2021,0.0
2278,0.0,Ryan McCleary,0.0,0,0.0,0.0,0.0,0.0,0.0,0.0,0.0,0.0,0.0,0.0,0.0,0.0,0.0,0.0,0.0,0.0,0,0,0.0,0.0,0.0,0.0,0.0,0.0,0.0,2535,7,194,D,Pittsburgh Penguins,0,0,0,0,0,0,2021,0.0
2280,0.0,Daniil Pylenkov,0.0,0,0.0,0.0,0.0,0.0,0.0,0.0,0.0,0.0,0.0,0.0,0.0,0.0,0.0,0.0,0.0,0.0,0,0,0.0,0.0,0.0,0.0,0.0,0.0,0.0,2537,7,196,D,Tampa Bay Lightning,0,0,0,0,0,0,2021,0.0
2283,0.0,Yevgeni Kashnikov,0.0,0,0.0,0.0,0.0,0.0,0.0,0.0,0.0,0.0,0.0,0.0,0.0,0.0,0.0,0.0,0.0,0.0,0,0,0.0,0.0,0.0,0.0,0.0,0.0,0.0,2540,7,199,D,San Jose Sharks,0,0,0,0,0,0,2021,0.0
2285,0.0,Chandler Romeo,0.0,0,0.0,0.0,0.0,0.0,0.0,0.0,0.0,0.0,0.0,0.0,0.0,0.0,0.0,0.0,0.0,0.0,0,0,0.0,0.0,0.0,0.0,0.0,0.0,0.0,2543,7,202,D,Ottawa Senators,0,0,0,0,0,0,2021,0.0
2287,0.0,Connor Kelley,0.0,0,0.0,0.0,0.0,0.0,0.0,0.0,0.0,0.0,0.0,0.0,0.0,0.0,0.0,0.0,0.0,0.0,0,0,0.0,0.0,0.0,0.0,0.0,0.0,0.0,2545,7,204,D,Chicago Blackhawks,0,0,0,0,0,0,2021,0.0
2290,0.0,Hank Kempf,0.0,0,0.0,0.0,0.0,0.0,0.0,0.0,0.0,0.0,0.0,0.0,0.0,0.0,0.0,0.0,0.0,0.0,0,0,0.0,0.0,0.0,0.0,0.0,0.0,0.0,2549,7,208,D,New York Rangers,0,0,0,0,0,0,2021,0.0
2292,0.0,Braden Haché,0.0,0,0.0,0.0,0.0,0.0,0.0,0.0,0.0,0.0,0.0,0.0,0.0,0.0,0.0,0.0,0.0,0.0,0,0,0.0,0.0,0.0,0.0,0.0,0.0,0.0,2551,7,210,D,Florida Panthers,0,0,0,0,0,0,2021,0.0
2294,0.0,Maximus Wanner,0.0,0,0.0,0.0,0.0,0.0,0.0,0.0,0.0,0.0,0.0,0.0,0.0,0.0,0.0,0.0,0.0,0.0,0,0,0.0,0.0,0.0,0.0,0.0,0.0,0.0,2553,7,212,D,Edmonton Oilers,0,0,0,0,0,0,2021,0.0
2296,0.0,Daniel Laatsch,0.0,0,0.0,0.0,0.0,0.0,0.0,0.0,0.0,0.0,0.0,0.0,0.0,0.0,0.0,0.0,0.0,0.0,0,0,0.0,0.0,0.0,0.0,0.0,0.0,0.0,2556,7,215,D,Pittsburgh Penguins,0,0,0,0,0,0,2021,0.0
2298,0.0,Ty Gallagher,0.0,0,0.0,0.0,0.0,0.0,0.0,0.0,0.0,0.0,0.0,0.0,0.0,0.0,0.0,0.0,0.0,0.0,0,0,0.0,0.0,0.0,0.0,0.0,0.0,0.0,2558,7,217,D,Boston Bruins,0,0,0,0,0,0,2021,0.0
2300,0.0,Joel Nyström,0.0,0,0.0,0.0,0.0,0.0,0.0,0.0,0.0,0.0,0.0,0.0,0.0,0.0,0.0,0.0,0.0,0.0,0,0,0.0,0.0,0.0,0.0,0.0,0.0,0.0,2560,7,219,D,Carolina Hurricanes,0,0,0,0,0,0,2021,0.0
2302,0.0,Tomas Machu,0.0,0,0.0,0.0,0.0,0.0,0.0,0.0,0.0,0.0,0.0,0.0,0.0,0.0,0.0,0.0,0.0,0.0,0,0,0.0,0.0,0.0,0.0,0.0,0.0,0.0,2562,7,221,D,New York Islanders,0,0,0,0,0,0,2021,0.0
