,Rk,Player,Age,Team_x,GP_x,G_x,A_x,PTS,+/-,PIM_x,EVG,PPG,SHG,GWG,EV,PP,SH,SOG,SPCT,TSA,TOI,ATOI,FOW,FOL,FO%,BLK,HIT,TAKE,GIVE,Unnamed: 0_y,Round,Draft Position,Position,Team_y,Seasons,GP_y,G_y,A_y,TP,PIM_y,Year,PPS
0,167.0,Taylor Hall,23.0,EDM,704.0,200.0,357.0,557.0,-27.0,366.0,148.0,51.0,1.0,33.0,250.0,107.0,0.0,2196.0,8.9,312.0,1018:39,19:41,45.0,52.0,46.4,351.0,561.0,436.0,539.0,0,1,1,F,Edmonton Oilers,15,862,273,438,711,458,2010,47.4
1,7.0,Tyler Seguin,23.0,DAL,686.0,258.0,325.0,583.0,5.0,221.0,186.0,70.0,2.0,43.0,210.0,111.0,4.0,2342.0,13.2,529.0,1388:08,20:55,275.0,236.0,53.8,280.0,690.0,298.0,382.0,1,1,2,F,Boston Bruins,15,988,360,448,808,305,2010,53.86666666666667
3,16.0,Ryan Johansen,22.0,CBJ,796.0,169.0,373.0,542.0,1.0,528.0,118.0,46.0,5.0,29.0,235.0,134.0,4.0,1441.0,12.9,354.0,1599:11,19:33,850.0,787.0,51.9,298.0,836.0,394.0,424.0,3,1,4,F,Columbus Blue Jackets,13,905,202,376,578,546,2010,44.46153846153846
4,177.0,Nino Niederreiter,22.0,MIN,902.0,254.0,244.0,498.0,66.0,396.0,195.0,58.0,1.0,37.0,198.0,46.0,0.0,1912.0,16.1,273.0,1163:37,18:17,2.0,5.0,28.6,292.0,1334.0,382.0,345.0,4,1,5,F,New York Islanders,14,919,233,228,461,424,2010,32.92857142857143
5,405.0,Brett Connolly,22.0,2TM,538.0,110.0,91.0,201.0,32.0,259.0,94.0,16.0,0.0,19.0,80.0,11.0,0.0,723.0,14.5,143.0,668:25,8:24,18.0,25.0,41.9,159.0,682.0,139.0,127.0,5,1,6,F,Tampa Bay Lightning,11,536,101,94,195,241,2010,17.727272727272727
6,240.0,Jeff Skinner,22.0,CAR,747.0,260.0,225.0,485.0,-90.0,301.0,211.0,49.0,0.0,33.0,172.0,53.0,0.0,2328.0,7.7,453.0,1235:42,18:31,21.0,25.0,45.7,175.0,292.0,540.0,436.0,6,1,7,F,Carolina Hurricanes,15,1037,363,319,682,457,2010,45.46666666666667
7,320.0,Alexander Burmistrov,24.0,WPG,203.0,19.0,40.0,59.0,-30.0,68.0,10.0,9.0,0.0,2.0,33.0,4.0,3.0,210.0,6.9,204.0,1309:59,16:10,205.0,307.0,40.0,77.0,265.0,65.0,80.0,7,1,8,F,Atlanta Thrashers,6,348,37,64,101,139,2010,16.833333333333332
8,158.0,Mikael Granlund,22.0,MIN,887.0,173.0,417.0,590.0,-42.0,265.0,128.0,35.0,10.0,32.0,262.0,151.0,4.0,1704.0,8.1,193.0,1216:59,20:58,476.0,508.0,48.4,593.0,720.0,484.0,399.0,8,1,9,F,Minnesota Wild,13,850,168,408,576,263,2010,44.30769230769231
12,38.0,Jaden Schwartz,22.0,STL,598.0,162.0,244.0,406.0,4.0,182.0,117.0,44.0,1.0,20.0,195.0,47.0,2.0,1383.0,15.2,293.0,1368:27,19:24,69.0,77.0,47.3,286.0,506.0,406.0,230.0,13,1,14,F,St. Louis Blues,14,762,204,293,497,227,2010,35.5
14,13.0,Vladimir Tarasenko,23.0,STL,794.0,305.0,367.0,672.0,52.0,191.0,236.0,67.0,2.0,52.0,254.0,112.0,1.0,2392.0,14.0,531.0,1357:06,19:03,0.0,3.0,0.0,371.0,741.0,282.0,298.0,15,1,16,F,St. Louis Blues,13,780,297,344,641,201,2010,49.30769230769231
15,699.0,Joey Hishon,23.0,COL,13.0,1.0,1.0,2.0,-1.0,0.0,1.0,0.0,0.0,1.0,1.0,0.0,0.0,19.0,5.3,29.0,131:28,10:07,35.0,43.0,44.9,7.0,3.0,5.0,2.0,16,1,17,F,Colorado Avalanche,2,13,1,1,2,0,2010,1.0
16,511.0,Austin Watson,24.0,NSH,509.0,59.0,58.0,117.0,-1.0,705.0,50.0,1.0,8.0,8.0,53.0,0.0,5.0,580.0,5.5,92.0,570:09,7:16,6.0,7.0,46.2,458.0,1207.0,136.0,131.0,17,1,18,F,Nashville Predators,11,517,60,58,118,707,2010,10.727272727272728
17,127.0,Nick Bjugstad,22.0,FLA,749.0,163.0,164.0,327.0,28.0,374.0,136.0,24.0,3.0,19.0,129.0,35.0,0.0,1639.0,11.6,325.0,1193:55,17:27,486.0,508.0,48.9,318.0,1274.0,326.0,322.0,18,1,19,F,Florida Panthers,13,716,153,166,319,336,2010,24.53846153846154
18,481.0,Beau Bennett,23.0,PIT,153.0,18.0,25.0,43.0,-7.0,46.0,16.0,2.0,0.0,2.0,22.0,3.0,0.0,240.0,4.9,145.0,611:53,13:33,0.0,2.0,0.0,33.0,218.0,35.0,43.0,19,1,20,F,Pittsburgh Penguins,6,200,24,40,64,52,2010,10.666666666666666
19,187.0,Riley Sheahan,23.0,DET,756.0,85.0,136.0,221.0,-67.0,112.0,69.0,11.0,5.0,9.0,118.0,11.0,7.0,981.0,10.6,220.0,1235:45,9:03,484.0,479.0,50.3,363.0,481.0,293.0,218.0,20,1,21,F,Detroit Red Wings,12,637,74,120,194,97,2010,16.166666666666668
22,116.0,Kevin Hayes,22.0,NYR,784.0,187.0,283.0,470.0,-24.0,229.0,143.0,32.0,12.0,27.0,217.0,57.0,9.0,1661.0,15.3,180.0,1030:14,19:27,248.0,430.0,36.6,239.0,589.0,471.0,478.0,23,1,24,F,Chicago Blackhawks,11,735,172,250,422,219,2010,38.36363636363637
23,481.0,Quinton Howden,24.0,FLA,63.0,6.0,5.0,11.0,0.0,18.0,6.0,0.0,0.0,0.0,5.0,0.0,0.0,59.0,11.1,82.0,601:35,8:39,3.0,3.0,50.0,10.0,120.0,10.0,7.0,24,1,25,F,Florida Panthers,4,97,10,7,17,30,2010,4.25
24,0.0,Yevgeni Kuznetsov,0.0,0,0.0,0.0,0.0,0.0,0.0,0.0,0.0,0.0,0.0,0.0,0.0,0.0,0.0,0.0,0.0,0.0,0,0,0.0,0.0,0.0,0.0,0.0,0.0,0.0,25,1,26,F,Washington Capitals,11,743,173,402,575,394,2010,52.27272727272727
25,192.0,Charlie Coyle,22.0,MIN,841.0,164.0,276.0,440.0,59.0,290.0,136.0,20.0,8.0,33.0,230.0,36.0,10.0,1487.0,9.2,214.0,1193:22,18:04,334.0,375.0,47.1,570.0,1021.0,430.0,368.0,27,1,28,F,San Jose Sharks,13,899,179,280,459,341,2010,35.30769230769231
26,517.0,Emerson Etem,22.0,ANA,164.0,19.0,21.0,40.0,-29.0,28.0,19.0,0.0,0.0,2.0,21.0,0.0,0.0,277.0,6.5,135.0,550:58,8:48,2.0,2.0,50.0,106.0,241.0,52.0,51.0,28,1,29,F,Anaheim Ducks,5,173,22,24,46,30,2010,9.2
27,138.0,Brock Nelson,23.0,NYI,768.0,261.0,244.0,505.0,17.0,292.0,202.0,57.0,2.0,40.0,191.0,51.0,2.0,1786.0,10.5,319.0,1302:25,18:52,354.0,445.0,44.3,460.0,513.0,416.0,386.0,29,1,30,F,New York Islanders,13,872,285,266,551,306,2010,42.38461538461539
28,709.0,Tyler Pitlick,23.0,EDM,449.0,56.0,57.0,113.0,-15.0,108.0,54.0,1.0,1.0,6.0,55.0,1.0,1.0,566.0,11.1,40.0,211:32,9:55,5.0,4.0,55.6,293.0,880.0,138.0,107.0,30,2,31,F,Edmonton Oilers,10,420,56,53,109,102,2010,10.9
29,0.0,Jared Knight,0.0,0,0.0,0.0,0.0,0.0,0.0,0.0,0.0,0.0,0.0,0.0,0.0,0.0,0.0,0.0,0.0,0.0,0,0,0.0,0.0,0.0,0.0,0.0,0.0,0.0,31,2,32,F,Boston Bruins,0,0,0,0,0,0,2010,0.0
30,913.0,John McFarland,23.0,FLA,3.0,0.0,0.0,0.0,-1.0,0.0,0.0,0.0,0.0,0.0,0.0,0.0,0.0,2.0,0.0,4.0,29:44,9:55,0.0,0.0,0.0,3.0,5.0,0.0,1.0,32,2,33,F,Florida Panthers,1,3,0,0,0,0,2010,0.0
31,947.0,Dalton Smith,27.0,BUF,1.0,0.0,0.0,0.0,1.0,2.0,0.0,0.0,0.0,0.0,0.0,0.0,0.0,0.0,0.0,0.0,1:26,1:26,0.0,0.0,0.0,0.0,0.0,0.0,0.0,33,2,34,F,Columbus Blue Jackets,1,1,0,0,0,2,2010,0.0
32,0.0,Ludvig Rensfeldt,0.0,0,0.0,0.0,0.0,0.0,0.0,0.0,0.0,0.0,0.0,0.0,0.0,0.0,0.0,0.0,0.0,0.0,0,0,0.0,0.0,0.0,0.0,0.0,0.0,0.0,34,2,35,F,Chicago Blackhawks,0,0,0,0,0,0,2010,0.0
36,839.0,Brett Bulmer,23.0,MIN,3.0,0.0,0.0,0.0,-1.0,7.0,0.0,0.0,0.0,0.0,0.0,0.0,0.0,2.0,0.0,2.0,20:09,6:43,0.0,0.0,0.0,0.0,2.0,0.0,0.0,38,2,39,F,Minnesota Wild,3,17,0,3,3,15,2010,1.0
37,799.0,Christian Thomas,22.0,MTL,30.0,1.0,4.0,5.0,0.0,11.0,1.0,0.0,0.0,0.0,4.0,0.0,0.0,44.0,3.8,47.0,163:43,9:06,0.0,1.0,0.0,5.0,18.0,7.0,2.0,39,2,40,F,New York Rangers,4,27,1,2,3,9,2010,0.75
39,367.0,Devante Smith-Pelly,22.0,2TM,458.0,55.0,68.0,123.0,-39.0,173.0,53.0,0.0,2.0,13.0,60.0,6.0,2.0,635.0,5.8,177.0,1056:36,15:35,23.0,60.0,27.7,274.0,943.0,90.0,129.0,41,2,42,F,Anaheim Ducks,8,395,44,57,101,137,2010,12.625
41,0.0,Sebastian Wännström,0.0,0,0.0,0.0,0.0,0.0,0.0,0.0,0.0,0.0,0.0,0.0,0.0,0.0,0.0,0.0,0.0,0.0,0,0,0.0,0.0,0.0,0.0,0.0,0.0,0.0,43,2,44,F,St. Louis Blues,0,0,0,0,0,0,2010,0.0
42,391.0,Ryan Spooner,23.0,BOS,409.0,64.0,142.0,206.0,-27.0,63.0,50.0,14.0,0.0,16.0,99.0,42.0,1.0,728.0,11.0,113.0,421:36,9:40,100.0,120.0,45.5,87.0,304.0,119.0,204.0,44,2,45,F,Boston Bruins,7,325,48,119,167,63,2010,23.857142857142858
44,93.0,Tyler Toffoli,22.0,LAK,961.0,323.0,312.0,635.0,51.0,266.0,221.0,90.0,12.0,45.0,234.0,73.0,5.0,2735.0,11.5,345.0,1108:46,18:15,4.0,5.0,44.4,202.0,866.0,412.0,427.0,46,2,47,F,Los Angeles Kings,13,845,272,269,541,236,2010,41.61538461538461
45,873.0,Curtis Hamilton,23.0,EDM,1.0,0.0,0.0,0.0,0.0,5.0,0.0,0.0,0.0,0.0,0.0,0.0,0.0,0.0,0.0,0.0,8:01,8:01,0.0,0.0,0.0,1.0,4.0,0.0,0.0,47,2,48,F,Edmonton Oilers,1,1,0,0,0,5,2010,0.0
46,603.0,Connor Brickley,23.0,FLA,81.0,6.0,15.0,21.0,-2.0,42.0,6.0,0.0,0.0,3.0,15.0,0.0,0.0,93.0,7.7,18.0,200:41,8:59,0.0,0.0,0.0,40.0,163.0,17.0,25.0,49,2,50,F,Florida Panthers,3,81,6,15,21,42,2010,7.0
47,0.0,Calle Järnkrok,0.0,0,0.0,0.0,0.0,0.0,0.0,0.0,0.0,0.0,0.0,0.0,0.0,0.0,0.0,0.0,0.0,0.0,0,0,0.0,0.0,0.0,0.0,0.0,0.0,0.0,50,2,51,F,Detroit Red Wings,12,699,136,165,301,151,2010,25.08333333333333
48,0.0,Phil Lane,0.0,0,0.0,0.0,0.0,0.0,0.0,0.0,0.0,0.0,0.0,0.0,0.0,0.0,0.0,0.0,0.0,0.0,0,0,0.0,0.0,0.0,0.0,0.0,0.0,0.0,51,2,52,F,Phoenix Coyotes,0,0,0,0,0,0,2010,0.0
51,718.0,Petr Straka,22.0,PHI,3.0,0.0,2.0,2.0,1.0,0.0,0.0,0.0,0.0,0.0,2.0,0.0,0.0,2.0,0.0,5.0,28:22,9:27,0.0,0.0,0.0,1.0,4.0,1.0,1.0,54,2,55,F,Columbus Blue Jackets,1,3,0,2,2,0,2010,2.0
52,413.0,Johan Larsson,22.0,BUF,502.0,60.0,89.0,149.0,-62.0,259.0,51.0,7.0,2.0,11.0,80.0,8.0,1.0,565.0,12.0,88.0,566:08,17:51,150.0,191.0,44.0,281.0,736.0,187.0,146.0,55,2,56,F,Minnesota Wild,10,488,53,79,132,246,2010,13.2
53,896.0,Oscar Lindberg,23.0,NYR,307.0,48.0,51.0,99.0,11.0,145.0,47.0,1.0,0.0,3.0,46.0,5.0,0.0,465.0,0.0,3.0,8:18,8:18,2.0,3.0,40.0,153.0,509.0,93.0,101.0,56,2,57,F,Phoenix Coyotes,5,252,39,40,79,117,2010,15.8
54,286.0,Jason Zucker,23.0,MIN,779.0,222.0,209.0,431.0,-20.0,427.0,174.0,45.0,3.0,33.0,159.0,48.0,2.0,1778.0,16.9,193.0,768:02,17:40,2.0,4.0,33.3,319.0,1024.0,388.0,335.0,58,2,59,F,Minnesota Wild,14,728,204,187,391,366,2010,27.928571428571427
56,0.0,Ryan Martindale,0.0,0,0.0,0.0,0.0,0.0,0.0,0.0,0.0,0.0,0.0,0.0,0.0,0.0,0.0,0.0,0.0,0.0,0,0,0.0,0.0,0.0,0.0,0.0,0.0,0.0,60,3,61,F,Edmonton Oilers,0,0,0,0,0,0,2010,0.0
57,909.0,Greg McKegg,22.0,TOR,278.0,24.0,22.0,46.0,-27.0,87.0,22.0,0.0,2.0,1.0,20.0,0.0,2.0,204.0,0.0,1.0,27:34,9:54,17.0,16.0,51.5,115.0,294.0,64.0,56.0,61,3,62,F,Toronto Maple Leafs,9,233,21,18,39,65,2010,4.333333333333333
59,935.0,Max Reinhart,22.0,CGY,4.0,0.0,0.0,0.0,-3.0,0.0,0.0,0.0,0.0,0.0,0.0,0.0,0.0,3.0,0.0,11.0,32:21,8:05,6.0,23.0,20.7,3.0,1.0,0.0,0.0,63,3,64,F,Calgary Flames,3,23,1,4,5,6,2010,1.6666666666666667
60,0.0,Kirill Kabanov,0.0,0,0.0,0.0,0.0,0.0,0.0,0.0,0.0,0.0,0.0,0.0,0.0,0.0,0.0,0.0,0.0,0.0,0,0,0.0,0.0,0.0,0.0,0.0,0.0,0.0,64,3,65,F,New York Islanders,0,0,0,0,0,0,2010,0.0
64,0.0,Joe Basaraba,0.0,0,0.0,0.0,0.0,0.0,0.0,0.0,0.0,0.0,0.0,0.0,0.0,0.0,0.0,0.0,0.0,0.0,0,0,0.0,0.0,0.0,0.0,0.0,0.0,0.0,68,3,69,F,Florida Panthers,0,0,0,0,0,0,2010,0.0
65,980.0,Jordan Weal,23.0,2TM,295.0,40.0,50.0,90.0,-27.0,76.0,30.0,10.0,0.0,6.0,39.0,11.0,0.0,395.0,0.0,11.0,131:03,9:22,33.0,35.0,48.5,110.0,122.0,105.0,79.0,69,3,70,F,Los Angeles Kings,5,218,32,37,69,56,2010,13.8
66,0.0,Michaël Bournival,0.0,0,0.0,0.0,0.0,0.0,0.0,0.0,0.0,0.0,0.0,0.0,0.0,0.0,0.0,0.0,0.0,0.0,0,0,0.0,0.0,0.0,0.0,0.0,0.0,0.0,70,3,71,F,Colorado Avalanche,4,113,12,10,22,24,2010,5.5
69,0.0,Max Gardiner,0.0,0,0.0,0.0,0.0,0.0,0.0,0.0,0.0,0.0,0.0,0.0,0.0,0.0,0.0,0.0,0.0,0.0,0,0,0.0,0.0,0.0,0.0,0.0,0.0,0.0,73,3,74,F,St. Louis Blues,0,0,0,0,0,0,2010,0.0
70,0.0,Kevin Sundher,0.0,0,0.0,0.0,0.0,0.0,0.0,0.0,0.0,0.0,0.0,0.0,0.0,0.0,0.0,0.0,0.0,0.0,0,0,0.0,0.0,0.0,0.0,0.0,0.0,0.0,74,3,75,F,Buffalo Sabres,0,0,0,0,0,0,2010,0.0
71,0.0,Jakub Culek,0.0,0,0.0,0.0,0.0,0.0,0.0,0.0,0.0,0.0,0.0,0.0,0.0,0.0,0.0,0.0,0.0,0.0,0,0,0.0,0.0,0.0,0.0,0.0,0.0,0.0,75,3,76,F,Ottawa Senators,0,0,0,0,0,0,2010,0.0
72,0.0,Alexander Guptill,0.0,0,0.0,0.0,0.0,0.0,0.0,0.0,0.0,0.0,0.0,0.0,0.0,0.0,0.0,0.0,0.0,0.0,0,0,0.0,0.0,0.0,0.0,0.0,0.0,0.0,76,3,77,F,Dallas Stars,0,0,0,0,0,0,2010,0.0
74,0.0,Sondre Olden,0.0,0,0.0,0.0,0.0,0.0,0.0,0.0,0.0,0.0,0.0,0.0,0.0,0.0,0.0,0.0,0.0,0.0,0,0,0.0,0.0,0.0,0.0,0.0,0.0,0.0,78,3,79,F,Toronto Maple Leafs,0,0,0,0,0,0,2010,0.0
75,713.0,Bryan Rust,22.0,PIT,567.0,172.0,200.0,372.0,59.0,187.0,136.0,30.0,6.0,25.0,150.0,44.0,6.0,1368.0,2.9,48.0,168:22,19:46,0.0,0.0,0.0,344.0,721.0,238.0,284.0,79,3,80,F,Pittsburgh Penguins,11,592,184,208,392,195,2010,35.63636363636363
76,0.0,Louis-Marc Aubry,0.0,0,0.0,0.0,0.0,0.0,0.0,0.0,0.0,0.0,0.0,0.0,0.0,0.0,0.0,0.0,0.0,0.0,0,0,0.0,0.0,0.0,0.0,0.0,0.0,0.0,80,3,81,F,Detroit Red Wings,0,0,0,0,0,0,2010,0.0
77,0.0,Jason Clark,0.0,0,0.0,0.0,0.0,0.0,0.0,0.0,0.0,0.0,0.0,0.0,0.0,0.0,0.0,0.0,0.0,0.0,0,0,0.0,0.0,0.0,0.0,0.0,0.0,0.0,81,3,82,F,New York Islanders,0,0,0,0,0,0,2010,0.0
80,0.0,Stanislav Galiyev,0.0,0,0.0,0.0,0.0,0.0,0.0,0.0,0.0,0.0,0.0,0.0,0.0,0.0,0.0,0.0,0.0,0.0,0,0,0.0,0.0,0.0,0.0,0.0,0.0,0.0,85,3,86,F,Washington Capitals,2,26,1,3,4,4,2010,2.0
82,0.0,Max Gaede,0.0,0,0.0,0.0,0.0,0.0,0.0,0.0,0.0,0.0,0.0,0.0,0.0,0.0,0.0,0.0,0.0,0.0,0,0,0.0,0.0,0.0,0.0,0.0,0.0,0.0,87,3,88,F,San Jose Sharks,0,0,0,0,0,0,2010,0.0
83,614.0,Michael Chaput,22.0,CBJ,165.0,6.0,15.0,21.0,-34.0,86.0,6.0,0.0,0.0,0.0,15.0,0.0,0.0,135.0,4.3,40.0,336:34,9:47,143.0,151.0,48.6,81.0,231.0,28.0,32.0,88,3,89,F,Philadelphia Flyers,8,182,6,16,22,88,2010,2.75
84,0.0,Joakim Nordström,0.0,0,0.0,0.0,0.0,0.0,0.0,0.0,0.0,0.0,0.0,0.0,0.0,0.0,0.0,0.0,0.0,0.0,0,0,0.0,0.0,0.0,0.0,0.0,0.0,0.0,89,3,90,F,Chicago Blackhawks,8,444,32,43,75,77,2010,9.375
90,593.0,Craig Cunningham,24.0,2TM,112.0,6.0,9.0,15.0,-15.0,10.0,4.0,0.0,2.0,0.0,9.0,0.0,0.0,121.0,5.6,76.0,534:08,11:05,69.0,66.0,51.1,66.0,229.0,18.0,5.0,96,4,97,F,Boston Bruins,3,63,3,5,8,6,2010,2.6666666666666665
91,0.0,Steven Shipley,0.0,0,0.0,0.0,0.0,0.0,0.0,0.0,0.0,0.0,0.0,0.0,0.0,0.0,0.0,0.0,0.0,0.0,0,0,0.0,0.0,0.0,0.0,0.0,0.0,0.0,97,4,98,F,Buffalo Sabres,0,0,0,0,0,0,2010,0.0
92,194.0,Joonas Donskoi,23.0,SJS,474.0,80.0,128.0,208.0,25.0,116.0,65.0,15.0,0.0,12.0,106.0,21.0,1.0,732.0,10.3,189.0,1075:39,16:15,2.0,1.0,66.7,231.0,197.0,204.0,194.0,98,4,99,F,Florida Panthers,8,474,80,128,208,116,2010,26.0
93,0.0,Andrew Yogan,0.0,0,0.0,0.0,0.0,0.0,0.0,0.0,0.0,0.0,0.0,0.0,0.0,0.0,0.0,0.0,0.0,0.0,0,0,0.0,0.0,0.0,0.0,0.0,0.0,0.0,99,4,100,F,New York Rangers,0,0,0,0,0,0,2010,0.0
94,0.0,Ivan Telegin,0.0,0,0.0,0.0,0.0,0.0,0.0,0.0,0.0,0.0,0.0,0.0,0.0,0.0,0.0,0.0,0.0,0.0,0,0,0.0,0.0,0.0,0.0,0.0,0.0,0.0,100,4,101,F,Atlanta Thrashers,0,0,0,0,0,0,2010,0.0
97,943.0,Justin Shugg,23.0,CAR,3.0,0.0,0.0,0.0,0.0,2.0,0.0,0.0,0.0,0.0,0.0,0.0,0.0,3.0,0.0,4.0,17:05,5:42,0.0,0.0,0.0,0.0,3.0,0.0,1.0,104,4,105,F,Carolina Hurricanes,1,3,0,0,0,2,2010,0.0
98,0.0,Marcus Sörensen,0.0,0,0.0,0.0,0.0,0.0,0.0,0.0,0.0,0.0,0.0,0.0,0.0,0.0,0.0,0.0,0.0,0.0,0,0,0.0,0.0,0.0,0.0,0.0,0.0,0.0,105,4,106,F,Ottawa Senators,5,226,31,33,64,74,2010,12.8
99,0.0,Bill Arnold,0.0,0,0.0,0.0,0.0,0.0,0.0,0.0,0.0,0.0,0.0,0.0,0.0,0.0,0.0,0.0,0.0,0.0,0,0,0.0,0.0,0.0,0.0,0.0,0.0,0.0,107,4,108,F,Calgary Flames,1,1,0,0,0,0,2010,0.0
101,0.0,Tom Kühnhackl,0.0,0,0.0,0.0,0.0,0.0,0.0,0.0,0.0,0.0,0.0,0.0,0.0,0.0,0.0,0.0,0.0,0.0,0,0,0.0,0.0,0.0,0.0,0.0,0.0,0.0,109,4,110,F,Pittsburgh Penguins,5,232,18,36,54,60,2010,10.8
102,565.0,Teemu Pulkkinen,23.0,DET,93.0,15.0,9.0,24.0,3.0,36.0,13.0,2.0,0.0,3.0,6.0,3.0,0.0,152.0,7.5,135.0,355:44,9:46,0.0,0.0,0.0,18.0,16.0,18.0,28.0,110,4,111,F,Detroit Red Wings,4,83,13,9,22,32,2010,5.5
103,0.0,Mark MacMillan,0.0,0,0.0,0.0,0.0,0.0,0.0,0.0,0.0,0.0,0.0,0.0,0.0,0.0,0.0,0.0,0.0,0.0,0,0,0.0,0.0,0.0,0.0,0.0,0.0,0.0,112,4,113,F,Montréal Canadiens,0,0,0,0,0,0,2010,0.0
108,0.0,Jimmy Mullin,0.0,0,0.0,0.0,0.0,0.0,0.0,0.0,0.0,0.0,0.0,0.0,0.0,0.0,0.0,0.0,0.0,0.0,0,0,0.0,0.0,0.0,0.0,0.0,0.0,0.0,117,4,118,F,Tampa Bay Lightning,0,0,0,0,0,0,2010,0.0
109,592.0,Tye McGinn,24.0,2TM,104.0,4.0,10.0,14.0,0.0,42.0,4.0,0.0,0.0,0.0,10.0,0.0,0.0,121.0,3.3,119.0,515:14,9:40,1.0,1.0,50.0,34.0,142.0,17.0,22.0,118,4,119,F,Philadelphia Flyers,4,89,9,8,17,44,2010,4.25
110,0.0,Rob Flick,0.0,0,0.0,0.0,0.0,0.0,0.0,0.0,0.0,0.0,0.0,0.0,0.0,0.0,0.0,0.0,0.0,0.0,0,0,0.0,0.0,0.0,0.0,0.0,0.0,0.0,119,4,120,F,Chicago Blackhawks,0,0,0,0,0,0,2010,0.0
111,962.0,Chris Wagner,23.0,ANA,495.0,49.0,38.0,87.0,-36.0,269.0,41.0,2.0,6.0,3.0,34.0,4.0,0.0,631.0,0.0,14.0,79:06,9:21,33.0,22.0,60.0,275.0,1391.0,95.0,128.0,121,5,122,F,Anaheim Ducks,11,394,39,27,66,213,2010,6.0
112,585.0,Zach Hyman,23.0,TOR,580.0,203.0,196.0,399.0,112.0,324.0,154.0,41.0,8.0,28.0,166.0,26.0,4.0,1485.0,10.8,68.0,250:59,20:09,1.0,2.0,33.3,276.0,718.0,263.0,201.0,122,5,123,F,Florida Panthers,10,606,213,201,414,336,2010,41.4
115,0.0,Patrick Cehlin,0.0,0,0.0,0.0,0.0,0.0,0.0,0.0,0.0,0.0,0.0,0.0,0.0,0.0,0.0,0.0,0.0,0.0,0,0,0.0,0.0,0.0,0.0,0.0,0.0,0.0,125,5,126,F,Nashville Predators,0,0,0,0,0,0,2010,0.0
116,0.0,Cody Ferriero,0.0,0,0.0,0.0,0.0,0.0,0.0,0.0,0.0,0.0,0.0,0.0,0.0,0.0,0.0,0.0,0.0,0.0,0,0,0.0,0.0,0.0,0.0,0.0,0.0,0.0,126,5,127,F,San Jose Sharks,0,0,0,0,0,0,2010,0.0
117,754.0,Freddie Hamilton,23.0,2TM,98.0,5.0,3.0,8.0,-6.0,12.0,4.0,0.0,1.0,3.0,1.0,0.0,2.0,83.0,9.1,22.0,136:23,9:47,23.0,37.0,38.3,9.0,168.0,12.0,16.0,128,5,129,F,San Jose Sharks,5,75,4,2,6,12,2010,1.2
118,0.0,Jason Wilson,0.0,0,0.0,0.0,0.0,0.0,0.0,0.0,0.0,0.0,0.0,0.0,0.0,0.0,0.0,0.0,0.0,0.0,0,0,0.0,0.0,0.0,0.0,0.0,0.0,0.0,129,5,130,F,New York Rangers,0,0,0,0,0,0,2010,0.0
121,615.0,Micheal Ferland,22.0,CGY,335.0,60.0,74.0,134.0,0.0,200.0,45.0,15.0,0.0,5.0,63.0,11.0,0.0,577.0,5.9,65.0,273:37,9:48,0.0,0.0,0.0,110.0,820.0,165.0,156.0,132,5,133,F,Calgary Flames,9,335,60,74,134,200,2010,14.88888888888889
122,0.0,Cody Beach,0.0,0,0.0,0.0,0.0,0.0,0.0,0.0,0.0,0.0,0.0,0.0,0.0,0.0,0.0,0.0,0.0,0.0,0,0,0.0,0.0,0.0,0.0,0.0,0.0,0.0,133,5,134,F,St. Louis Blues,0,0,0,0,0,0,2010,0.0
123,0.0,Justin Florek,0.0,0,0.0,0.0,0.0,0.0,0.0,0.0,0.0,0.0,0.0,0.0,0.0,0.0,0.0,0.0,0.0,0.0,0,0,0.0,0.0,0.0,0.0,0.0,0.0,0.0,134,5,135,F,Boston Bruins,1,4,1,1,2,0,2010,2.0
126,0.0,Luke Walker,0.0,0,0.0,0.0,0.0,0.0,0.0,0.0,0.0,0.0,0.0,0.0,0.0,0.0,0.0,0.0,0.0,0.0,0,0,0.0,0.0,0.0,0.0,0.0,0.0,0.0,138,5,139,F,Colorado Avalanche,0,0,0,0,0,0,2010,0.0
127,820.0,Kenny Agostino,23.0,CGY,141.0,13.0,39.0,52.0,-9.0,74.0,13.0,0.0,0.0,0.0,27.0,12.0,0.0,189.0,0.0,3.0,27:06,4:08,0.0,0.0,0.0,32.0,302.0,54.0,69.0,139,5,140,F,Pittsburgh Penguins,6,86,8,22,30,40,2010,5.0
128,0.0,Caleb Herbert,0.0,0,0.0,0.0,0.0,0.0,0.0,0.0,0.0,0.0,0.0,0.0,0.0,0.0,0.0,0.0,0.0,0.0,0,0,0.0,0.0,0.0,0.0,0.0,0.0,0.0,141,5,142,F,Washington Capitals,0,0,0,0,0,0,2010,0.0
129,0.0,Gregg Sutch,0.0,0,0.0,0.0,0.0,0.0,0.0,0.0,0.0,0.0,0.0,0.0,0.0,0.0,0.0,0.0,0.0,0.0,0,0,0.0,0.0,0.0,0.0,0.0,0.0,0.0,142,5,143,F,Buffalo Sabres,0,0,0,0,0,0,2010,0.0
130,691.0,Sam Carrick,22.0,TOR,317.0,38.0,31.0,69.0,-52.0,418.0,31.0,2.0,5.0,0.0,30.0,1.0,0.0,379.0,5.9,24.0,103:45,6:29,38.0,53.0,41.8,129.0,645.0,86.0,70.0,143,5,144,F,Toronto Maple Leafs,9,270,29,30,59,337,2010,6.555555555555555
132,0.0,Daniel Brodin,0.0,0,0.0,0.0,0.0,0.0,0.0,0.0,0.0,0.0,0.0,0.0,0.0,0.0,0.0,0.0,0.0,0.0,0,0,0.0,0.0,0.0,0.0,0.0,0.0,0.0,145,5,146,F,Toronto Maple Leafs,0,0,0,0,0,0,2010,0.0
133,102.0,Brendan Gallagher,22.0,MTL,627.0,184.0,173.0,357.0,18.0,410.0,150.0,33.0,1.0,23.0,140.0,33.0,0.0,1915.0,9.4,462.0,1360:12,16:55,43.0,52.0,45.3,279.0,610.0,301.0,205.0,146,5,147,F,Montréal Canadiens,13,782,226,214,440,529,2010,33.84615384615385
135,0.0,Michael Parks,0.0,0,0.0,0.0,0.0,0.0,0.0,0.0,0.0,0.0,0.0,0.0,0.0,0.0,0.0,0.0,0.0,0.0,0,0,0.0,0.0,0.0,0.0,0.0,0.0,0.0,148,5,149,F,Philadelphia Flyers,0,0,0,0,0,0,2010,0.0
136,0.0,Yasin Cissé,0.0,0,0.0,0.0,0.0,0.0,0.0,0.0,0.0,0.0,0.0,0.0,0.0,0.0,0.0,0.0,0.0,0.0,0,0,0.0,0.0,0.0,0.0,0.0,0.0,0.0,149,5,150,F,Atlanta Thrashers,0,0,0,0,0,0,2010,0.0
137,0.0,Mirko Höfflin,0.0,0,0.0,0.0,0.0,0.0,0.0,0.0,0.0,0.0,0.0,0.0,0.0,0.0,0.0,0.0,0.0,0.0,0,0,0.0,0.0,0.0,0.0,0.0,0.0,0.0,150,6,151,F,Chicago Blackhawks,0,0,0,0,0,0,2010,0.0
139,0.0,Corey Durocher,0.0,0,0.0,0.0,0.0,0.0,0.0,0.0,0.0,0.0,0.0,0.0,0.0,0.0,0.0,0.0,0.0,0.0,0,0,0.0,0.0,0.0,0.0,0.0,0.0,0.0,152,6,153,F,Florida Panthers,0,0,0,0,0,0,2010,0.0
142,0.0,Brendan O'Donnell,0.0,0,0.0,0.0,0.0,0.0,0.0,0.0,0.0,0.0,0.0,0.0,0.0,0.0,0.0,0.0,0.0,0.0,0,0,0.0,0.0,0.0,0.0,0.0,0.0,0.0,155,6,156,F,Tampa Bay Lightning,0,0,0,0,0,0,2010,0.0
143,436.0,Jesper Fast,23.0,NYR,692.0,91.0,157.0,248.0,46.0,164.0,87.0,2.0,2.0,9.0,146.0,5.0,6.0,717.0,11.5,89.0,684:39,16:36,6.0,14.0,30.0,393.0,1054.0,219.0,207.0,156,6,157,F,New York Rangers,12,703,91,157,248,166,2010,20.666666666666668
144,0.0,Maxim Kitsyn,0.0,0,0.0,0.0,0.0,0.0,0.0,0.0,0.0,0.0,0.0,0.0,0.0,0.0,0.0,0.0,0.0,0.0,0,0,0.0,0.0,0.0,0.0,0.0,0.0,0.0,157,6,158,F,Los Angeles Kings,0,0,0,0,0,0,2010,0.0
145,0.0,Tanner Lane,0.0,0,0.0,0.0,0.0,0.0,0.0,0.0,0.0,0.0,0.0,0.0,0.0,0.0,0.0,0.0,0.0,0.0,0,0,0.0,0.0,0.0,0.0,0.0,0.0,0.0,159,6,160,F,Atlanta Thrashers,0,0,0,0,0,0,2010,0.0
146,0.0,Andreas Dahlström,0.0,0,0.0,0.0,0.0,0.0,0.0,0.0,0.0,0.0,0.0,0.0,0.0,0.0,0.0,0.0,0.0,0.0,0,0,0.0,0.0,0.0,0.0,0.0,0.0,0.0,160,6,161,F,Anaheim Ducks,0,0,0,0,0,0,2010,0.0
149,0.0,Stephen MacAulay,0.0,0,0.0,0.0,0.0,0.0,0.0,0.0,0.0,0.0,0.0,0.0,0.0,0.0,0.0,0.0,0.0,0.0,0,0,0.0,0.0,0.0,0.0,0.0,0.0,0.0,163,6,164,F,St. Louis Blues,0,0,0,0,0,0,2010,0.0
150,0.0,Drew Czerwonka,0.0,0,0.0,0.0,0.0,0.0,0.0,0.0,0.0,0.0,0.0,0.0,0.0,0.0,0.0,0.0,0.0,0.0,0,0,0.0,0.0,0.0,0.0,0.0,0.0,0.0,165,6,166,F,Edmonton Oilers,0,0,0,0,0,0,2010,0.0
155,0.0,Brooks Macek,0.0,0,0.0,0.0,0.0,0.0,0.0,0.0,0.0,0.0,0.0,0.0,0.0,0.0,0.0,0.0,0.0,0.0,0,0,0.0,0.0,0.0,0.0,0.0,0.0,0.0,170,6,171,F,Detroit Red Wings,0,0,0,0,0,0,2010,0.0
156,863.0,Alex Friesen,25.0,VAN,1.0,0.0,0.0,0.0,-2.0,0.0,0.0,0.0,0.0,0.0,0.0,0.0,0.0,1.0,0.0,2.0,11:43,11:43,0.0,1.0,0.0,0.0,1.0,1.0,0.0,171,6,172,F,Vancouver Canucks,1,1,0,0,0,0,2010,0.0
157,0.0,Cédrick Henley,0.0,0,0.0,0.0,0.0,0.0,0.0,0.0,0.0,0.0,0.0,0.0,0.0,0.0,0.0,0.0,0.0,0.0,0,0,0.0,0.0,0.0,0.0,0.0,0.0,0.0,172,6,173,F,Buffalo Sabres,0,0,0,0,0,0,2010,0.0
160,33.0,Mark Stone,22.0,OTT,694.0,241.0,391.0,632.0,132.0,236.0,180.0,51.0,10.0,42.0,279.0,105.0,7.0,1539.0,16.6,261.0,1361:42,20:40,7.0,11.0,38.9,512.0,515.0,926.0,467.0,177,6,178,F,Ottawa Senators,14,657,218,373,591,215,2010,42.21428571428572
163,0.0,Kristians Pelss,0.0,0,0.0,0.0,0.0,0.0,0.0,0.0,0.0,0.0,0.0,0.0,0.0,0.0,0.0,0.0,0.0,0.0,0,0,0.0,0.0,0.0,0.0,0.0,0.0,0.0,180,7,181,F,Edmonton Oilers,0,0,0,0,0,0,2010,0.0
164,0.0,Josh Nicholls,0.0,0,0.0,0.0,0.0,0.0,0.0,0.0,0.0,0.0,0.0,0.0,0.0,0.0,0.0,0.0,0.0,0.0,0,0,0.0,0.0,0.0,0.0,0.0,0.0,0.0,181,7,182,F,Toronto Maple Leafs,0,0,0,0,0,0,2010,0.0
168,0.0,Dylen McKinlay,0.0,0,0.0,0.0,0.0,0.0,0.0,0.0,0.0,0.0,0.0,0.0,0.0,0.0,0.0,0.0,0.0,0.0,0,0,0.0,0.0,0.0,0.0,0.0,0.0,0.0,188,7,189,F,Minnesota Wild,0,0,0,0,0,0,2010,0.0
169,0.0,Randy McNaught,0.0,0,0.0,0.0,0.0,0.0,0.0,0.0,0.0,0.0,0.0,0.0,0.0,0.0,0.0,0.0,0.0,0.0,0,0,0.0,0.0,0.0,0.0,0.0,0.0,0.0,189,7,190,F,New York Rangers,0,0,0,0,0,0,2010,0.0
170,0.0,Brett Perlini,0.0,0,0.0,0.0,0.0,0.0,0.0,0.0,0.0,0.0,0.0,0.0,0.0,0.0,0.0,0.0,0.0,0.0,0,0,0.0,0.0,0.0,0.0,0.0,0.0,0.0,191,7,192,F,Anaheim Ducks,0,0,0,0,0,0,2010,0.0
171,0.0,Patrick Holland,0.0,0,0.0,0.0,0.0,0.0,0.0,0.0,0.0,0.0,0.0,0.0,0.0,0.0,0.0,0.0,0.0,0.0,0,0,0.0,0.0,0.0,0.0,0.0,0.0,0.0,192,7,193,F,Calgary Flames,1,5,0,0,0,0,2010,0.0
172,0.0,David Elsner,0.0,0,0.0,0.0,0.0,0.0,0.0,0.0,0.0,0.0,0.0,0.0,0.0,0.0,0.0,0.0,0.0,0.0,0,0,0.0,0.0,0.0,0.0,0.0,0.0,0.0,193,7,194,F,Nashville Predators,0,0,0,0,0,0,2010,0.0
175,0.0,Luke Moffatt,0.0,0,0.0,0.0,0.0,0.0,0.0,0.0,0.0,0.0,0.0,0.0,0.0,0.0,0.0,0.0,0.0,0.0,0,0,0.0,0.0,0.0,0.0,0.0,0.0,0.0,196,7,197,F,Colorado Avalanche,0,0,0,0,0,0,2010,0.0
176,0.0,Joonas Rask,0.0,0,0.0,0.0,0.0,0.0,0.0,0.0,0.0,0.0,0.0,0.0,0.0,0.0,0.0,0.0,0.0,0.0,0,0,0.0,0.0,0.0,0.0,0.0,0.0,0.0,197,7,198,F,Nashville Predators,1,2,0,1,1,0,2010,1.0
178,0.0,Christopher Crane,0.0,0,0.0,0.0,0.0,0.0,0.0,0.0,0.0,0.0,0.0,0.0,0.0,0.0,0.0,0.0,0.0,0.0,0,0,0.0,0.0,0.0,0.0,0.0,0.0,0.0,199,7,200,F,San Jose Sharks,0,0,0,0,0,0,2010,0.0
180,0.0,Kellen Jones,0.0,0,0.0,0.0,0.0,0.0,0.0,0.0,0.0,0.0,0.0,0.0,0.0,0.0,0.0,0.0,0.0,0.0,0,0,0.0,0.0,0.0,0.0,0.0,0.0,0.0,201,7,202,F,Edmonton Oilers,0,0,0,0,0,0,2010,0.0
181,0.0,Christian Isackson,0.0,0,0.0,0.0,0.0,0.0,0.0,0.0,0.0,0.0,0.0,0.0,0.0,0.0,0.0,0.0,0.0,0.0,0,0,0.0,0.0,0.0,0.0,0.0,0.0,0.0,202,7,203,F,Buffalo Sabres,0,0,0,0,0,0,2010,0.0
182,0.0,Mauro Jörg,0.0,0,0.0,0.0,0.0,0.0,0.0,0.0,0.0,0.0,0.0,0.0,0.0,0.0,0.0,0.0,0.0,0.0,0,0,0.0,0.0,0.0,0.0,0.0,0.0,0.0,203,7,204,F,New Jersey Devils,0,0,0,0,0,0,2010,0.0
185,0.0,John Westin,0.0,0,0.0,0.0,0.0,0.0,0.0,0.0,0.0,0.0,0.0,0.0,0.0,0.0,0.0,0.0,0.0,0.0,0,0,0.0,0.0,0.0,0.0,0.0,0.0,0.0,206,7,207,F,Montréal Canadiens,0,0,0,0,0,0,2010,0.0
186,0.0,Riley Boychuk,0.0,0,0.0,0.0,0.0,0.0,0.0,0.0,0.0,0.0,0.0,0.0,0.0,0.0,0.0,0.0,0.0,0.0,0,0,0.0,0.0,0.0,0.0,0.0,0.0,0.0,207,7,208,F,Buffalo Sabres,0,0,0,0,0,0,2010,0.0
187,931.0,Brendan Ranford,22.0,DAL,1.0,0.0,0.0,0.0,0.0,0.0,0.0,0.0,0.0,0.0,0.0,0.0,0.0,0.0,0.0,2.0,9:19,9:19,0.0,0.0,0.0,0.0,2.0,0.0,0.0,208,7,209,F,Philadelphia Flyers,1,1,0,0,0,0,2010,0.0
189,58.0,Ryan Nugent-Hopkins,21.0,EDM,699.0,210.0,357.0,567.0,-12.0,260.0,144.0,59.0,7.0,25.0,187.0,158.0,12.0,1701.0,12.7,359.0,1568:43,20:46,620.0,727.0,46.0,353.0,502.0,486.0,375.0,210,1,1,F,Edmonton Oilers,14,912,257,459,716,318,2011,51.142857142857146
190,55.0,Gabriel Landeskog,22.0,COL,539.0,191.0,246.0,437.0,40.0,457.0,132.0,57.0,2.0,33.0,174.0,69.0,3.0,1428.0,10.7,349.0,1517:27,21:09,16.0,29.0,35.6,392.0,983.0,326.0,267.0,211,1,2,F,Colorado Avalanche,14,738,248,323,571,601,2011,40.785714285714285
191,72.0,Jonathan Huberdeau,21.0,FLA,714.0,202.0,459.0,661.0,34.0,371.0,150.0,48.0,4.0,27.0,295.0,162.0,2.0,1624.0,8.9,264.0,1323:05,19:25,2.0,6.0,25.0,283.0,563.0,406.0,591.0,212,1,3,F,Florida Panthers,13,862,236,505,741,444,2011,57.0
193,89.0,Ryan Strome,21.0,NYI,826.0,168.0,288.0,456.0,-12.0,597.0,138.0,28.0,2.0,22.0,204.0,80.0,4.0,1496.0,9.5,286.0,1247:14,19:35,149.0,170.0,46.7,264.0,624.0,360.0,486.0,214,1,5,F,New York Islanders,12,811,161,293,454,554,2011,37.833333333333336
194,113.0,Mika Zibanejad,21.0,OTT,728.0,271.0,353.0,624.0,53.0,209.0,151.0,107.0,13.0,42.0,227.0,112.0,14.0,1971.0,13.3,293.0,1314:59,21:38,615.0,638.0,49.1,469.0,822.0,475.0,501.0,215,1,6,F,Ottawa Senators,14,878,300,399,699,245,2011,49.92857142857143
195,92.0,Mark Scheifele,21.0,WPG,723.0,283.0,399.0,682.0,56.0,346.0,205.0,76.0,2.0,46.0,295.0,98.0,6.0,1663.0,8.8,307.0,1524:15,21:52,506.0,659.0,43.4,428.0,525.0,561.0,423.0,216,1,7,F,Winnipeg Jets,14,829,313,438,751,383,2011,53.642857142857146
196,173.0,Sean Couturier,22.0,PHI,590.0,161.0,256.0,417.0,61.0,237.0,129.0,30.0,2.0,27.0,199.0,51.0,6.0,1413.0,10.1,271.0,1507:50,22:08,643.0,678.0,48.7,311.0,433.0,341.0,275.0,217,1,8,F,Philadelphia Flyers,14,825,197,316,513,321,2011,36.642857142857146
201,0.0,Sven Bärtschi,0.0,0,0.0,0.0,0.0,0.0,0.0,0.0,0.0,0.0,0.0,0.0,0.0,0.0,0.0,0.0,0.0,0.0,0,0,0.0,0.0,0.0,0.0,0.0,0.0,0.0,222,1,13,F,Calgary Flames,10,292,66,72,138,78,2011,13.8
203,318.0,J.T. Miller,21.0,NYR,825.0,256.0,431.0,687.0,76.0,455.0,172.0,73.0,11.0,53.0,274.0,148.0,9.0,1647.0,10.9,155.0,736:35,21:05,93.0,112.0,45.4,437.0,1529.0,475.0,558.0,224,1,15,F,New York Rangers,13,818,244,414,658,452,2011,50.61538461538461
204,812.0,Joel Armia,21.0,BUF,505.0,92.0,86.0,178.0,-9.0,176.0,71.0,7.0,14.0,11.0,67.0,14.0,5.0,964.0,0.0,0.0,14:47,17:14,0.0,0.0,0.0,241.0,752.0,302.0,200.0,225,1,16,F,Buffalo Sabres,11,535,96,94,190,188,2011,17.272727272727273
206,916.0,Mark McNeill,22.0,CHI,2.0,0.0,0.0,0.0,-1.0,0.0,0.0,0.0,0.0,0.0,0.0,0.0,0.0,1.0,0.0,1.0,12:44,13:49,0.0,1.0,0.0,1.0,3.0,1.0,1.0,227,1,18,F,Chicago Blackhawks,2,2,0,0,0,0,2011,0.0
209,916.0,Stefan Noesen,21.0,ANA,456.0,73.0,73.0,146.0,28.0,245.0,61.0,12.0,0.0,15.0,57.0,16.0,0.0,710.0,0.0,1.0,6:54,9:51,0.0,0.0,0.0,160.0,688.0,156.0,117.0,230,1,21,F,Ottawa Senators,11,399,71,78,149,204,2011,13.545454545454543
210,0.0,Tyler Biggs,0.0,0,0.0,0.0,0.0,0.0,0.0,0.0,0.0,0.0,0.0,0.0,0.0,0.0,0.0,0.0,0.0,0.0,0,0,0.0,0.0,0.0,0.0,0.0,0.0,0.0,231,1,22,F,Toronto Maple Leafs,0,0,0,0,0,0,2011,0.0
212,679.0,Matt Puempel,22.0,OTT,127.0,17.0,8.0,25.0,-21.0,41.0,10.0,7.0,0.0,3.0,8.0,0.0,0.0,138.0,14.3,26.0,104:25,9:39,0.0,1.0,0.0,40.0,87.0,25.0,19.0,233,1,24,F,Ottawa Senators,4,87,11,5,16,30,2011,4.0
214,844.0,Phillip Danault,21.0,CHI,682.0,121.0,240.0,361.0,57.0,311.0,111.0,9.0,1.0,17.0,193.0,36.0,11.0,1214.0,0.0,4.0,19:00,9:30,6.0,14.0,30.0,455.0,753.0,291.0,311.0,235,1,26,F,Chicago Blackhawks,11,661,120,246,366,303,2011,33.27272727272727
215,414.0,Vladislav Namestnikov,22.0,TBL,1002.0,189.0,243.0,432.0,35.0,534.0,143.0,33.0,13.0,18.0,200.0,35.0,8.0,1471.0,19.6,72.0,515:48,17:30,67.0,84.0,44.4,557.0,1179.0,320.0,295.0,236,1,27,F,Tampa Bay Lightning,12,740,134,182,316,392,2011,26.33333333333333
216,0.0,Zack Phillips,0.0,0,0.0,0.0,0.0,0.0,0.0,0.0,0.0,0.0,0.0,0.0,0.0,0.0,0.0,0.0,0.0,0.0,0,0,0.0,0.0,0.0,0.0,0.0,0.0,0.0,237,1,28,F,Minnesota Wild,0,0,0,0,0,0,2011,0.0
217,882.0,Nicklas Jensen,21.0,VAN,12.0,0.0,0.0,0.0,-3.0,0.0,0.0,0.0,0.0,0.0,0.0,0.0,0.0,15.0,0.0,9.0,47:47,9:33,0.0,0.0,0.0,6.0,14.0,2.0,2.0,238,1,29,F,Vancouver Canucks,4,31,3,3,6,10,2011,1.5
218,237.0,Rickard Rakell,21.0,ANA,769.0,221.0,265.0,486.0,-12.0,168.0,168.0,53.0,0.0,34.0,193.0,69.0,3.0,1981.0,8.6,192.0,892:37,19:25,310.0,352.0,46.8,378.0,1075.0,307.0,412.0,239,1,30,F,Anaheim Ducks,13,753,214,257,471,158,2011,36.23076923076923
220,711.0,Ty Rattie,21.0,STL,106.0,13.0,19.0,32.0,-4.0,12.0,13.0,0.0,0.0,2.0,18.0,1.0,0.0,160.0,0.0,18.0,100:06,9:17,0.0,0.0,0.0,25.0,109.0,34.0,18.0,241,2,32,F,St. Louis Blues,6,98,13,17,30,12,2011,5.0
221,752.0,Rocco Grimaldi,21.0,FLA,203.0,30.0,37.0,67.0,-1.0,34.0,29.0,0.0,1.0,3.0,37.0,0.0,0.0,338.0,5.6,26.0,88:16,9:39,6.0,8.0,42.9,55.0,108.0,97.0,57.0,242,2,33,F,Florida Panthers,8,203,30,37,67,34,2011,8.375
223,0.0,Tomas Jurco,0.0,0,0.0,0.0,0.0,0.0,0.0,0.0,0.0,0.0,0.0,0.0,0.0,0.0,0.0,0.0,0.0,0.0,0,0,0.0,0.0,0.0,0.0,0.0,0.0,0.0,244,2,35,F,Detroit Red Wings,7,221,22,31,53,64,2011,7.571428571428571
225,398.0,Boone Jenner,21.0,CBJ,643.0,176.0,159.0,335.0,-73.0,365.0,133.0,37.0,6.0,22.0,135.0,23.0,1.0,1663.0,10.8,137.0,566:22,20:28,151.0,155.0,49.3,662.0,1407.0,298.0,223.0,246,2,37,F,Columbus Blue Jackets,12,715,192,172,364,410,2011,30.33333333333333
226,0.0,Alexander Khokhlachyov,0.0,0,0.0,0.0,0.0,0.0,0.0,0.0,0.0,0.0,0.0,0.0,0.0,0.0,0.0,0.0,0.0,0.0,0,0,0.0,0.0,0.0,0.0,0.0,0.0,0.0,249,2,40,F,Boston Bruins,3,9,0,0,0,2,2011,0.0
227,0.0,Dmitrij Jaškin,0.0,0,0.0,0.0,0.0,0.0,0.0,0.0,0.0,0.0,0.0,0.0,0.0,0.0,0.0,0.0,0.0,0.0,0,0,0.0,0.0,0.0,0.0,0.0,0.0,0.0,250,2,41,F,St. Louis Blues,8,315,27,43,70,92,2011,8.75
228,218.0,Victor Rask,21.0,CAR,602.0,101.0,152.0,253.0,-22.0,96.0,85.0,16.0,0.0,18.0,105.0,46.0,1.0,961.0,6.4,296.0,1306:56,17:18,468.0,450.0,51.0,184.0,336.0,264.0,243.0,251,2,42,F,Carolina Hurricanes,8,506,89,134,223,86,2011,27.875
229,80.0,Brandon Saad,22.0,CHI,737.0,224.0,201.0,425.0,14.0,130.0,183.0,33.0,8.0,43.0,176.0,21.0,4.0,1715.0,11.3,323.0,1414:46,17:41,38.0,50.0,43.2,233.0,314.0,362.0,251.0,252,2,43,F,Chicago Blackhawks,14,891,257,252,509,166,2011,36.35714285714285
230,545.0,Brett Ritchie,21.0,DAL,441.0,58.0,40.0,98.0,-13.0,280.0,54.0,4.0,0.0,6.0,34.0,6.0,0.0,695.0,7.7,139.0,433:34,9:43,1.0,3.0,25.0,86.0,988.0,74.0,127.0,253,2,44,F,Dallas Stars,9,391,50,35,85,255,2011,9.444444444444445
231,385.0,Markus Granlund,21.0,CGY,375.0,62.0,46.0,108.0,-46.0,100.0,50.0,8.0,4.0,9.0,36.0,7.0,3.0,541.0,12.3,121.0,641:44,17:19,198.0,331.0,37.4,136.0,246.0,163.0,80.0,254,2,45,F,Calgary Flames,7,335,58,43,101,86,2011,14.428571428571429
233,0.0,Matt Nieto,0.0,0,0.0,0.0,0.0,0.0,0.0,0.0,0.0,0.0,0.0,0.0,0.0,0.0,0.0,0.0,0.0,0.0,0,0,0.0,0.0,0.0,0.0,0.0,0.0,0.0,256,2,47,F,San Jose Sharks,12,684,87,117,204,125,2011,17.0
235,0.0,Johan Sundström,0.0,0,0.0,0.0,0.0,0.0,0.0,0.0,0.0,0.0,0.0,0.0,0.0,0.0,0.0,0.0,0.0,0.0,0,0,0.0,0.0,0.0,0.0,0.0,0.0,0.0,259,2,50,F,New York Islanders,1,11,0,1,1,6,2011,1.0
236,0.0,Alexander Ruuttu,0.0,0,0.0,0.0,0.0,0.0,0.0,0.0,0.0,0.0,0.0,0.0,0.0,0.0,0.0,0.0,0.0,0.0,0,0,0.0,0.0,0.0,0.0,0.0,0.0,0.0,260,2,51,F,Phoenix Coyotes,0,0,0,0,0,0,2011,0.0
237,0.0,Miikka Salomäki,0.0,0,0.0,0.0,0.0,0.0,0.0,0.0,0.0,0.0,0.0,0.0,0.0,0.0,0.0,0.0,0.0,0.0,0,0,0.0,0.0,0.0,0.0,0.0,0.0,0.0,261,2,52,F,Nashville Predators,6,167,12,15,27,76,2011,4.5
238,628.0,William Karlsson,22.0,2TM,706.0,173.0,249.0,422.0,119.0,106.0,132.0,29.0,12.0,26.0,189.0,47.0,13.0,1335.0,10.3,52.0,256:52,18:52,93.0,104.0,47.2,391.0,414.0,456.0,300.0,262,2,53,F,Anaheim Ducks,11,707,175,255,430,108,2011,39.09090909090909
241,620.0,Lucas Lessio,22.0,ARI,38.0,3.0,4.0,7.0,-9.0,10.0,3.0,0.0,0.0,1.0,4.0,0.0,0.0,58.0,4.5,63.0,331:39,12:45,0.0,2.0,0.0,11.0,83.0,9.0,9.0,265,2,56,F,Phoenix Coyotes,3,41,3,4,7,12,2011,2.333333333333333
243,27.0,Nikita Kucherov,21.0,TBL,673.0,311.0,544.0,855.0,132.0,327.0,226.0,85.0,0.0,45.0,315.0,229.0,0.0,2114.0,15.2,327.0,1225:59,21:40,0.0,2.0,0.0,211.0,406.0,407.0,628.0,267,2,58,F,Tampa Bay Lightning,12,751,334,585,919,343,2011,76.58333333333333
245,0.0,Mario Lucia,0.0,0,0.0,0.0,0.0,0.0,0.0,0.0,0.0,0.0,0.0,0.0,0.0,0.0,0.0,0.0,0.0,0.0,0,0,0.0,0.0,0.0,0.0,0.0,0.0,0.0,269,2,60,F,Minnesota Wild,0,0,0,0,0,0,2011,0.0
246,779.0,Shane Prince,22.0,OTT,190.0,18.0,37.0,55.0,-1.0,49.0,17.0,1.0,0.0,4.0,35.0,2.0,0.0,269.0,0.0,6.0,20:57,12:58,0.0,0.0,0.0,43.0,96.0,67.0,73.0,270,2,61,F,Ottawa Senators,4,128,12,26,38,39,2011,9.5
248,334.0,Vincent Trocheck,21.0,FLA,761.0,203.0,346.0,549.0,14.0,528.0,137.0,58.0,8.0,29.0,251.0,93.0,2.0,1951.0,7.9,147.0,700:16,21:27,234.0,247.0,48.6,486.0,1490.0,521.0,552.0,273,3,64,F,Florida Panthers,12,749,205,332,537,508,2011,44.75
249,503.0,Joseph Cramarossa,24.0,2TM,127.0,9.0,14.0,23.0,-1.0,141.0,9.0,0.0,0.0,2.0,10.0,0.0,4.0,77.0,11.1,63.0,586:48,9:57,6.0,1.0,85.7,48.0,285.0,18.0,32.0,274,3,65,F,Anaheim Ducks,4,68,5,8,13,81,2011,3.25
250,974.0,T.J. Tynan,24.0,CBJ,21.0,0.0,1.0,1.0,-2.0,2.0,0.0,0.0,0.0,0.0,1.0,0.0,0.0,13.0,0.0,7.0,22:27,8:28,0.0,0.0,0.0,6.0,9.0,5.0,0.0,275,3,66,F,Columbus Blue Jackets,4,29,0,2,2,6,2011,0.5
251,317.0,Adam Lowry,21.0,WPG,702.0,105.0,134.0,239.0,32.0,392.0,88.0,6.0,11.0,16.0,109.0,16.0,9.0,982.0,10.6,185.0,1100:15,16:06,406.0,453.0,47.3,419.0,1877.0,301.0,171.0,276,3,67,F,Winnipeg Jets,11,734,113,145,258,406,2011,23.454545454545453
252,839.0,Nick Cousins,21.0,PHI,657.0,81.0,124.0,205.0,-19.0,347.0,69.0,12.0,0.0,11.0,110.0,14.0,0.0,1015.0,0.0,9.0,96:59,8:49,23.0,29.0,44.2,311.0,857.0,228.0,196.0,277,3,68,F,Philadelphia Flyers,11,620,74,113,187,330,2011,17.0
253,839.0,Nick Cousins,21.0,PHI,657.0,81.0,124.0,205.0,-19.0,347.0,69.0,12.0,0.0,11.0,110.0,14.0,0.0,1015.0,0.0,9.0,96:59,8:49,23.0,29.0,44.2,311.0,857.0,228.0,196.0,278,3,68,F,Philadelphia Flyers,11,620,74,113,187,330,2011,17.0
255,890.0,Steven Fogarty,24.0,NYR,31.0,1.0,2.0,3.0,-2.0,12.0,1.0,0.0,0.0,0.0,2.0,0.0,0.0,19.0,0.0,2.0,12:16,7:46,0.0,0.0,0.0,17.0,19.0,13.0,7.0,281,3,72,F,New York Rangers,6,31,1,2,3,12,2011,0.5
257,0.0,Travis Ewanyk,0.0,0,0.0,0.0,0.0,0.0,0.0,0.0,0.0,0.0,0.0,0.0,0.0,0.0,0.0,0.0,0.0,0.0,0,0,0.0,0.0,0.0,0.0,0.0,0.0,0.0,283,3,74,F,Edmonton Oilers,0,0,0,0,0,0,2011,0.0
258,696.0,Blake Coleman,25.0,NJD,608.0,156.0,127.0,283.0,40.0,487.0,127.0,9.0,20.0,23.0,116.0,4.0,7.0,1501.0,3.4,46.0,295:28,17:08,96.0,130.0,42.5,368.0,1381.0,364.0,243.0,284,3,75,F,New Jersey Devils,9,573,141,123,264,441,2011,29.33333333333333
259,568.0,Logan Shaw,24.0,FLA,304.0,20.0,33.0,53.0,-19.0,49.0,18.0,1.0,1.0,4.0,29.0,1.0,3.0,378.0,6.9,112.0,648:46,9:43,16.0,21.0,43.2,148.0,405.0,92.0,62.0,285,3,76,F,Florida Panthers,5,232,16,23,39,37,2011,7.8
260,845.0,Daniel Catenacci,22.0,BUF,12.0,0.0,0.0,0.0,-3.0,0.0,0.0,0.0,0.0,0.0,0.0,0.0,0.0,8.0,0.0,8.0,96:08,8:44,2.0,0.0,100.0,3.0,23.0,2.0,0.0,286,3,77,F,Buffalo Sabres,2,12,0,0,0,0,2011,0.0
263,655.0,Andy Andreoff,23.0,LAK,188.0,14.0,13.0,27.0,-19.0,225.0,14.0,0.0,0.0,4.0,13.0,0.0,0.0,168.0,14.3,28.0,154:14,9:59,32.0,29.0,52.5,36.0,314.0,31.0,37.0,289,3,80,F,Los Angeles Kings,8,188,14,13,27,225,2011,3.375
264,0.0,Anthony Camara,0.0,0,0.0,0.0,0.0,0.0,0.0,0.0,0.0,0.0,0.0,0.0,0.0,0.0,0.0,0.0,0.0,0.0,0,0,0.0,0.0,0.0,0.0,0.0,0.0,0.0,290,3,81,F,Boston Bruins,0,0,0,0,0,0,2011,0.0
265,587.0,Nick Shore,22.0,LAK,426.0,26.0,58.0,84.0,-16.0,134.0,25.0,0.0,1.0,4.0,53.0,5.0,0.0,440.0,3.0,57.0,376:57,9:28,127.0,109.0,53.8,133.0,426.0,106.0,106.0,291,3,82,F,Los Angeles Kings,5,299,18,41,59,98,2011,11.8
268,800.0,Alan Quine,22.0,NYI,106.0,10.0,18.0,28.0,-5.0,22.0,6.0,3.0,1.0,1.0,17.0,1.0,0.0,125.0,20.0,12.0,35:31,9:48,16.0,10.0,61.5,45.0,132.0,28.0,32.0,294,3,85,F,Detroit Red Wings,5,106,10,18,28,22,2011,5.6
269,0.0,Joshua Leivo,0.0,0,0.0,0.0,0.0,0.0,0.0,0.0,0.0,0.0,0.0,0.0,0.0,0.0,0.0,0.0,0.0,0.0,0,0,0.0,0.0,0.0,0.0,0.0,0.0,0.0,295,3,86,F,Toronto Maple Leafs,10,265,42,51,93,93,2011,9.3
272,871.0,Alexandre Grenier,24.0,VAN,9.0,0.0,0.0,0.0,-5.0,2.0,0.0,0.0,0.0,0.0,0.0,0.0,0.0,10.0,0.0,13.0,68:51,6:29,1.0,1.0,50.0,3.0,8.0,3.0,3.0,299,3,90,F,Vancouver Canucks,2,9,0,0,0,2,2011,0.0
273,942.0,Kyle Rau,23.0,FLA,61.0,2.0,5.0,7.0,-8.0,15.0,2.0,0.0,0.0,0.0,5.0,0.0,0.0,64.0,0.0,28.0,113:19,9:36,0.0,0.0,0.0,23.0,75.0,16.0,5.0,300,3,91,F,Florida Panthers,6,61,2,5,7,15,2011,1.1666666666666667
275,0.0,Joachim Nermark,0.0,0,0.0,0.0,0.0,0.0,0.0,0.0,0.0,0.0,0.0,0.0,0.0,0.0,0.0,0.0,0.0,0.0,0,0,0.0,0.0,0.0,0.0,0.0,0.0,0.0,302,4,93,F,Colorado Avalanche,0,0,0,0,0,0,2011,0.0
276,0.0,Josh Shalla,0.0,0,0.0,0.0,0.0,0.0,0.0,0.0,0.0,0.0,0.0,0.0,0.0,0.0,0.0,0.0,0.0,0.0,0,0,0.0,0.0,0.0,0.0,0.0,0.0,0.0,303,4,94,F,Nashville Predators,0,0,0,0,0,0,2011,0.0
278,376.0,Jean-Gabriel Pageau,22.0,OTT,748.0,167.0,193.0,360.0,16.0,274.0,117.0,27.0,23.0,25.0,152.0,22.0,19.0,1362.0,10.3,147.0,709:22,19:18,335.0,344.0,49.3,625.0,1588.0,298.0,331.0,305,4,96,F,Ottawa Senators,13,748,151,189,340,239,2011,26.153846153846157
281,733.0,Reid Boucher,21.0,NJD,149.0,24.0,21.0,45.0,-41.0,22.0,19.0,5.0,0.0,5.0,16.0,5.0,0.0,271.0,5.0,37.0,122:32,8:42,0.0,0.0,0.0,50.0,93.0,60.0,30.0,308,4,99,F,New Jersey Devils,6,133,20,22,42,18,2011,7.0
283,0.0,Joseph LaBate,0.0,0,0.0,0.0,0.0,0.0,0.0,0.0,0.0,0.0,0.0,0.0,0.0,0.0,0.0,0.0,0.0,0.0,0,0,0.0,0.0,0.0,0.0,0.0,0.0,0.0,310,4,101,F,Vancouver Canucks,1,13,0,0,0,21,2011,0.0
284,0.0,Yannick Veilleux,0.0,0,0.0,0.0,0.0,0.0,0.0,0.0,0.0,0.0,0.0,0.0,0.0,0.0,0.0,0.0,0.0,0.0,0,0,0.0,0.0,0.0,0.0,0.0,0.0,0.0,311,4,102,F,St. Louis Blues,0,0,0,0,0,0,2011,0.0
285,0.0,Grégory Hofmann,0.0,0,0.0,0.0,0.0,0.0,0.0,0.0,0.0,0.0,0.0,0.0,0.0,0.0,0.0,0.0,0.0,0.0,0,0,0.0,0.0,0.0,0.0,0.0,0.0,0.0,312,4,103,F,Carolina Hurricanes,1,24,2,5,7,8,2011,7.0
286,29.0,Johnny Gaudreau,21.0,CGY,762.0,242.0,500.0,742.0,24.0,176.0,192.0,50.0,0.0,48.0,337.0,163.0,0.0,2001.0,14.4,282.0,1417:21,20:04,3.0,5.0,37.5,151.0,103.0,450.0,779.0,313,4,104,F,Calgary Flames,11,763,243,500,743,176,2011,67.54545454545455
287,0.0,Emil Molin,0.0,0,0.0,0.0,0.0,0.0,0.0,0.0,0.0,0.0,0.0,0.0,0.0,0.0,0.0,0.0,0.0,0.0,0,0,0.0,0.0,0.0,0.0,0.0,0.0,0.0,314,4,105,F,Dallas Stars,0,0,0,0,0,0,2011,0.0
288,0.0,Michael St. Croix,0.0,0,0.0,0.0,0.0,0.0,0.0,0.0,0.0,0.0,0.0,0.0,0.0,0.0,0.0,0.0,0.0,0.0,0,0,0.0,0.0,0.0,0.0,0.0,0.0,0.0,315,4,106,F,New York Rangers,0,0,0,0,0,0,2011,0.0
289,0.0,Colin Jacobs,0.0,0,0.0,0.0,0.0,0.0,0.0,0.0,0.0,0.0,0.0,0.0,0.0,0.0,0.0,0.0,0.0,0.0,0,0,0.0,0.0,0.0,0.0,0.0,0.0,0.0,316,4,107,F,Buffalo Sabres,0,0,0,0,0,0,2011,0.0
290,0.0,Olivier Archambault,0.0,0,0.0,0.0,0.0,0.0,0.0,0.0,0.0,0.0,0.0,0.0,0.0,0.0,0.0,0.0,0.0,0.0,0,0,0.0,0.0,0.0,0.0,0.0,0.0,0.0,317,4,108,F,Montréal Canadiens,0,0,0,0,0,0,2011,0.0
291,0.0,Maxim Shalunov,0.0,0,0.0,0.0,0.0,0.0,0.0,0.0,0.0,0.0,0.0,0.0,0.0,0.0,0.0,0.0,0.0,0.0,0,0,0.0,0.0,0.0,0.0,0.0,0.0,0.0,318,4,109,F,Chicago Blackhawks,0,0,0,0,0,0,2011,0.0
292,677.0,Michael Mersch,23.0,LAK,17.0,1.0,2.0,3.0,1.0,0.0,1.0,0.0,0.0,0.0,2.0,0.0,0.0,23.0,4.3,33.0,176:28,10:23,1.0,3.0,25.0,10.0,26.0,3.0,3.0,319,4,110,F,Los Angeles Kings,1,17,1,2,3,0,2011,3.0
293,0.0,Kale Kessy,0.0,0,0.0,0.0,0.0,0.0,0.0,0.0,0.0,0.0,0.0,0.0,0.0,0.0,0.0,0.0,0.0,0.0,0,0,0.0,0.0,0.0,0.0,0.0,0.0,0.0,320,4,111,F,Phoenix Coyotes,0,0,0,0,0,0,2011,0.0
296,344.0,Tobias Rieder,22.0,ARI,556.0,76.0,94.0,170.0,-101.0,58.0,63.0,8.0,5.0,3.0,75.0,16.0,3.0,993.0,6.9,318.0,1216:34,17:19,1.0,4.0,20.0,304.0,513.0,211.0,75.0,323,4,114,F,Edmonton Oilers,7,478,64,81,145,52,2011,20.714285714285715
297,0.0,Marek Tvrdon,0.0,0,0.0,0.0,0.0,0.0,0.0,0.0,0.0,0.0,0.0,0.0,0.0,0.0,0.0,0.0,0.0,0.0,0,0,0.0,0.0,0.0,0.0,0.0,0.0,0.0,324,4,115,F,Detroit Red Wings,0,0,0,0,0,0,2011,0.0
299,0.0,Marcel Noebels,0.0,0,0.0,0.0,0.0,0.0,0.0,0.0,0.0,0.0,0.0,0.0,0.0,0.0,0.0,0.0,0.0,0.0,0,0,0.0,0.0,0.0,0.0,0.0,0.0,0.0,327,4,118,F,Philadelphia Flyers,0,0,0,0,0,0,2011,0.0
301,0.0,Ludwig Blomstrand,0.0,0,0.0,0.0,0.0,0.0,0.0,0.0,0.0,0.0,0.0,0.0,0.0,0.0,0.0,0.0,0.0,0.0,0,0,0.0,0.0,0.0,0.0,0.0,0.0,0.0,329,4,120,F,Vancouver Canucks,0,0,0,0,0,0,2011,0.0
302,746.0,Brian Ferlin,22.0,BOS,7.0,0.0,1.0,1.0,0.0,0.0,0.0,0.0,0.0,0.0,1.0,0.0,0.0,6.0,0.0,15.0,61:34,8:48,0.0,1.0,0.0,0.0,20.0,1.0,0.0,330,4,121,F,Boston Bruins,1,7,0,1,1,0,2011,1.0
304,0.0,Garrett Meurs,0.0,0,0.0,0.0,0.0,0.0,0.0,0.0,0.0,0.0,0.0,0.0,0.0,0.0,0.0,0.0,0.0,0.0,0,0,0.0,0.0,0.0,0.0,0.0,0.0,0.0,332,5,123,F,Colorado Avalanche,0,0,0,0,0,0,2011,0.0
305,0.0,Yaroslav Kosov,0.0,0,0.0,0.0,0.0,0.0,0.0,0.0,0.0,0.0,0.0,0.0,0.0,0.0,0.0,0.0,0.0,0.0,0,0,0.0,0.0,0.0,0.0,0.0,0.0,0.0,333,5,124,F,Florida Panthers,0,0,0,0,0,0,2011,0.0
306,0.0,John Persson,0.0,0,0.0,0.0,0.0,0.0,0.0,0.0,0.0,0.0,0.0,0.0,0.0,0.0,0.0,0.0,0.0,0.0,0,0,0.0,0.0,0.0,0.0,0.0,0.0,0.0,334,5,125,F,New York Islanders,1,10,1,0,1,6,2011,1.0
309,0.0,Seth Ambroz,0.0,0,0.0,0.0,0.0,0.0,0.0,0.0,0.0,0.0,0.0,0.0,0.0,0.0,0.0,0.0,0.0,0.0,0,0,0.0,0.0,0.0,0.0,0.0,0.0,0.0,337,5,128,F,Columbus Blue Jackets,0,0,0,0,0,0,2011,0.0
310,726.0,Blake Pietila,22.0,NJD,38.0,1.0,3.0,4.0,-12.0,12.0,1.0,0.0,0.0,0.0,3.0,0.0,0.0,42.0,10.0,15.0,84:14,9:28,0.0,0.0,0.0,16.0,76.0,15.0,4.0,338,5,129,F,New Jersey Devils,4,38,1,3,4,12,2011,1.0
311,0.0,Tony Cameranesi,0.0,0,0.0,0.0,0.0,0.0,0.0,0.0,0.0,0.0,0.0,0.0,0.0,0.0,0.0,0.0,0.0,0.0,0,0,0.0,0.0,0.0,0.0,0.0,0.0,0.0,339,5,130,F,Toronto Maple Leafs,0,0,0,0,0,0,2011,0.0
313,762.0,Sean Kuraly,24.0,BOS,480.0,58.0,78.0,136.0,-43.0,303.0,56.0,1.0,1.0,6.0,70.0,2.0,6.0,775.0,0.0,21.0,73:36,9:12,1.0,2.0,33.3,241.0,1108.0,201.0,159.0,342,5,133,F,San Jose Sharks,9,511,61,82,143,313,2011,15.88888888888889
314,0.0,Shane McColgan,0.0,0,0.0,0.0,0.0,0.0,0.0,0.0,0.0,0.0,0.0,0.0,0.0,0.0,0.0,0.0,0.0,0.0,0,0,0.0,0.0,0.0,0.0,0.0,0.0,0.0,343,5,134,F,New York Rangers,0,0,0,0,0,0,2011,0.0
319,285.0,Andrew Shaw,23.0,CHI,379.0,75.0,95.0,170.0,7.0,409.0,54.0,21.0,0.0,8.0,76.0,19.0,0.0,726.0,10.3,230.0,1180:52,15:55,357.0,355.0,50.1,167.0,724.0,116.0,138.0,348,5,139,F,Chicago Blackhawks,11,544,116,131,247,573,2011,22.454545454545453
320,0.0,Joel Lowry,0.0,0,0.0,0.0,0.0,0.0,0.0,0.0,0.0,0.0,0.0,0.0,0.0,0.0,0.0,0.0,0.0,0.0,0,0,0.0,0.0,0.0,0.0,0.0,0.0,0.0,349,5,140,F,Los Angeles Kings,0,0,0,0,0,0,2011,0.0
321,0.0,Darian Dziurzynski,0.0,0,0.0,0.0,0.0,0.0,0.0,0.0,0.0,0.0,0.0,0.0,0.0,0.0,0.0,0.0,0.0,0.0,0,0,0.0,0.0,0.0,0.0,0.0,0.0,0.0,350,5,141,F,Phoenix Coyotes,0,0,0,0,0,0,2011,0.0
323,861.0,Max Friberg,22.0,ANA,6.0,0.0,0.0,0.0,-1.0,2.0,0.0,0.0,0.0,0.0,0.0,0.0,0.0,1.0,0.0,1.0,8:47,8:50,0.0,0.0,0.0,2.0,9.0,0.0,0.0,352,5,143,F,Anaheim Ducks,2,6,0,0,0,2,2011,0.0
324,957.0,Dominik Uher,22.0,PIT,2.0,0.0,0.0,0.0,-1.0,0.0,0.0,0.0,0.0,0.0,0.0,0.0,0.0,0.0,0.0,0.0,12:55,6:28,0.0,0.0,0.0,1.0,2.0,0.0,0.0,353,5,144,F,Pittsburgh Penguins,1,2,0,0,0,0,2011,0.0
325,0.0,Philippe Hudon,0.0,0,0.0,0.0,0.0,0.0,0.0,0.0,0.0,0.0,0.0,0.0,0.0,0.0,0.0,0.0,0.0,0.0,0,0,0.0,0.0,0.0,0.0,0.0,0.0,0.0,354,5,145,F,Detroit Red Wings,0,0,0,0,0,0,2011,0.0
329,0.0,Austen Brassard,0.0,0,0.0,0.0,0.0,0.0,0.0,0.0,0.0,0.0,0.0,0.0,0.0,0.0,0.0,0.0,0.0,0.0,0,0,0.0,0.0,0.0,0.0,0.0,0.0,0.0,358,5,149,F,Winnipeg Jets,0,0,0,0,0,0,2011,0.0
332,0.0,David Broll,0.0,0,0.0,0.0,0.0,0.0,0.0,0.0,0.0,0.0,0.0,0.0,0.0,0.0,0.0,0.0,0.0,0.0,0,0,0.0,0.0,0.0,0.0,0.0,0.0,0.0,361,6,152,F,Toronto Maple Leafs,1,5,0,1,1,5,2011,1.0
335,0.0,Andrew Fritsch,0.0,0,0.0,0.0,0.0,0.0,0.0,0.0,0.0,0.0,0.0,0.0,0.0,0.0,0.0,0.0,0.0,0.0,0,0,0.0,0.0,0.0,0.0,0.0,0.0,0.0,364,6,155,F,Phoenix Coyotes,0,0,0,0,0,0,2011,0.0
336,0.0,Darren Kramer,0.0,0,0.0,0.0,0.0,0.0,0.0,0.0,0.0,0.0,0.0,0.0,0.0,0.0,0.0,0.0,0.0,0.0,0,0,0.0,0.0,0.0,0.0,0.0,0.0,0.0,365,6,156,F,Ottawa Senators,0,0,0,0,0,0,2011,0.0
337,0.0,Lukas Sedlak,0.0,0,0.0,0.0,0.0,0.0,0.0,0.0,0.0,0.0,0.0,0.0,0.0,0.0,0.0,0.0,0.0,0.0,0,0,0.0,0.0,0.0,0.0,0.0,0.0,0.0,367,6,158,F,Columbus Blue Jackets,4,192,18,17,35,68,2011,8.75
340,0.0,Ryan Tesink,0.0,0,0.0,0.0,0.0,0.0,0.0,0.0,0.0,0.0,0.0,0.0,0.0,0.0,0.0,0.0,0.0,0.0,0,0,0.0,0.0,0.0,0.0,0.0,0.0,0.0,371,6,162,F,St. Louis Blues,0,0,0,0,0,0,2011,0.0
341,0.0,Matěj Stránský,0.0,0,0.0,0.0,0.0,0.0,0.0,0.0,0.0,0.0,0.0,0.0,0.0,0.0,0.0,0.0,0.0,0.0,0,0,0.0,0.0,0.0,0.0,0.0,0.0,0.0,374,6,165,F,Dallas Stars,0,0,0,0,0,0,2011,0.0
342,0.0,Daniil Sobchenko,0.0,0,0.0,0.0,0.0,0.0,0.0,0.0,0.0,0.0,0.0,0.0,0.0,0.0,0.0,0.0,0.0,0.0,0,0,0.0,0.0,0.0,0.0,0.0,0.0,0.0,375,6,166,F,San Jose Sharks,0,0,0,0,0,0,2011,0.0
343,0.0,Daniel Pribyl,0.0,0,0.0,0.0,0.0,0.0,0.0,0.0,0.0,0.0,0.0,0.0,0.0,0.0,0.0,0.0,0.0,0.0,0,0,0.0,0.0,0.0,0.0,0.0,0.0,0.0,377,6,168,F,Montréal Canadiens,0,0,0,0,0,0,2011,0.0
345,850.0,Chase Balisy,25.0,FLA,8.0,0.0,0.0,0.0,-2.0,0.0,0.0,0.0,0.0,0.0,0.0,0.0,0.0,6.0,0.0,13.0,78:32,9:49,11.0,19.0,36.7,2.0,4.0,5.0,2.0,379,6,170,F,Nashville Predators,1,8,0,0,0,0,2011,0.0
346,644.0,Max McCormick,23.0,OTT,94.0,8.0,5.0,13.0,-14.0,97.0,8.0,0.0,0.0,0.0,5.0,0.0,0.0,102.0,5.4,54.0,209:10,8:21,39.0,37.0,51.3,31.0,163.0,19.0,18.0,380,6,171,F,Ottawa Senators,7,94,8,5,13,97,2011,1.8571428571428568
349,822.0,Josh Archibald,23.0,PIT,347.0,50.0,44.0,94.0,-2.0,168.0,47.0,0.0,3.0,4.0,42.0,0.0,2.0,388.0,0.0,1.0,5:02,9:59,0.0,0.0,0.0,183.0,941.0,87.0,50.0,383,6,174,F,Pittsburgh Penguins,8,305,45,38,83,143,2011,10.375
351,0.0,Petr Placek,0.0,0,0.0,0.0,0.0,0.0,0.0,0.0,0.0,0.0,0.0,0.0,0.0,0.0,0.0,0.0,0.0,0.0,0,0,0.0,0.0,0.0,0.0,0.0,0.0,0.0,385,6,176,F,Philadelphia Flyers,0,0,0,0,0,0,2011,0.0
352,779.0,Travis Boyd,24.0,WSH,335.0,52.0,76.0,128.0,-32.0,76.0,46.0,6.0,0.0,7.0,63.0,13.0,0.0,303.0,0.0,5.0,70:36,9:50,18.0,18.0,50.0,185.0,185.0,93.0,98.0,386,6,177,F,Washington Capitals,8,298,47,71,118,74,2011,14.75
354,0.0,Pathrik Westerholm,0.0,0,0.0,0.0,0.0,0.0,0.0,0.0,0.0,0.0,0.0,0.0,0.0,0.0,0.0,0.0,0.0,0.0,0,0,0.0,0.0,0.0,0.0,0.0,0.0,0.0,389,6,180,F,Vancouver Canucks,0,0,0,0,0,0,2011,0.0
356,675.0,Iiro Pakarinen,23.0,EDM,134.0,10.0,13.0,23.0,-11.0,18.0,10.0,0.0,0.0,1.0,9.0,4.0,0.0,175.0,2.9,53.0,172:18,8:55,1.0,0.0,100.0,47.0,305.0,27.0,26.0,393,7,184,F,Florida Panthers,4,134,10,13,23,18,2011,5.75
357,0.0,Mitch Theoret,0.0,0,0.0,0.0,0.0,0.0,0.0,0.0,0.0,0.0,0.0,0.0,0.0,0.0,0.0,0.0,0.0,0.0,0,0,0.0,0.0,0.0,0.0,0.0,0.0,0.0,394,7,185,F,New York Islanders,0,0,0,0,0,0,2011,0.0
361,866.0,Tyler Graovac,21.0,MIN,84.0,12.0,3.0,15.0,-2.0,20.0,9.0,3.0,0.0,2.0,3.0,0.0,0.0,77.0,0.0,6.0,27:40,9:50,6.0,16.0,27.3,26.0,77.0,30.0,9.0,400,7,191,F,Minnesota Wild,6,84,12,3,15,20,2011,2.5
363,951.0,Brody Sutter,23.0,CAR,12.0,0.0,0.0,0.0,-6.0,0.0,0.0,0.0,0.0,0.0,0.0,0.0,0.0,7.0,0.0,2.0,29:45,8:58,7.0,7.0,50.0,2.0,24.0,1.0,2.0,402,7,193,F,Carolina Hurricanes,2,12,0,0,0,0,2011,0.0
364,859.0,Colin Blackwell,25.0,NSH,293.0,45.0,49.0,94.0,-10.0,71.0,37.0,4.0,4.0,6.0,46.0,2.0,1.0,395.0,0.0,12.0,58:26,9:44,13.0,16.0,44.8,132.0,374.0,100.0,90.0,403,7,194,F,San Jose Sharks,7,260,37,43,80,61,2011,11.428571428571429
366,0.0,Zac Larraza,0.0,0,0.0,0.0,0.0,0.0,0.0,0.0,0.0,0.0,0.0,0.0,0.0,0.0,0.0,0.0,0.0,0.0,0,0,0.0,0.0,0.0,0.0,0.0,0.0,0.0,405,7,196,F,Phoenix Coyotes,0,0,0,0,0,0,2011,0.0
367,0.0,Brad Navin,0.0,0,0.0,0.0,0.0,0.0,0.0,0.0,0.0,0.0,0.0,0.0,0.0,0.0,0.0,0.0,0.0,0.0,0,0,0.0,0.0,0.0,0.0,0.0,0.0,0.0,406,7,197,F,Buffalo Sabres,0,0,0,0,0,0,2011,0.0
369,861.0,Alex Broadhurst,24.0,CBJ,2.0,0.0,0.0,0.0,0.0,2.0,0.0,0.0,0.0,0.0,0.0,0.0,0.0,1.0,0.0,3.0,20:05,10:03,0.0,0.0,0.0,0.0,0.0,2.0,2.0,408,7,199,F,Chicago Blackhawks,1,2,0,0,0,2,2011,0.0
370,0.0,Michael Schumacher,0.0,0,0.0,0.0,0.0,0.0,0.0,0.0,0.0,0.0,0.0,0.0,0.0,0.0,0.0,0.0,0.0,0.0,0,0,0.0,0.0,0.0,0.0,0.0,0.0,0.0,409,7,200,F,Los Angeles Kings,0,0,0,0,0,0,2011,0.0
371,716.0,Matthew Peca,23.0,TBL,97.0,6.0,17.0,23.0,-19.0,6.0,6.0,0.0,0.0,0.0,16.0,0.0,1.0,81.0,11.1,24.0,114:27,9:38,32.0,40.0,44.4,43.0,95.0,14.0,26.0,410,7,201,F,Tampa Bay Lightning,6,83,6,15,21,6,2011,3.5
372,0.0,Brent Andrews,0.0,0,0.0,0.0,0.0,0.0,0.0,0.0,0.0,0.0,0.0,0.0,0.0,0.0,0.0,0.0,0.0,0.0,0,0,0.0,0.0,0.0,0.0,0.0,0.0,0.0,411,7,202,F,Nashville Predators,0,0,0,0,0,0,2011,0.0
374,519.0,Ryan Dzingel,23.0,OTT,554.0,126.0,139.0,265.0,-41.0,276.0,102.0,23.0,1.0,16.0,114.0,25.0,0.0,858.0,13.0,46.0,323:56,17:45,2.0,2.0,50.0,183.0,457.0,163.0,192.0,413,7,204,F,Ottawa Senators,7,404,87,101,188,191,2011,26.857142857142858
376,0.0,Derek Mathers,0.0,0,0.0,0.0,0.0,0.0,0.0,0.0,0.0,0.0,0.0,0.0,0.0,0.0,0.0,0.0,0.0,0.0,0,0,0.0,0.0,0.0,0.0,0.0,0.0,0.0,415,7,206,F,Philadelphia Flyers,0,0,0,0,0,0,2011,0.0
378,0.0,Ondrej Palat,0.0,0,0.0,0.0,0.0,0.0,0.0,0.0,0.0,0.0,0.0,0.0,0.0,0.0,0.0,0.0,0.0,0.0,0,0,0.0,0.0,0.0,0.0,0.0,0.0,0.0,417,7,208,F,Tampa Bay Lightning,13,780,167,321,488,246,2011,37.53846153846154
379,966.0,Scott Wilson,22.0,PIT,262.0,26.0,39.0,65.0,-47.0,66.0,26.0,0.0,0.0,2.0,37.0,2.0,0.0,395.0,0.0,0.0,4:21,7:28,0.0,0.0,0.0,0.0,493.0,62.0,48.0,418,7,209,F,Pittsburgh Penguins,6,193,20,31,51,58,2011,8.5
381,220.0,Nail Yakupov,21.0,EDM,239.0,34.0,47.0,81.0,-52.0,82.0,25.0,9.0,0.0,3.0,36.0,11.0,0.0,447.0,7.3,337.0,1250:53,15:27,0.0,1.0,0.0,66.0,243.0,89.0,115.0,421,1,1,F,Edmonton Oilers,6,350,62,74,136,142,2012,22.666666666666668
383,0.0,Alexander Galchenyuk,0.0,0,0.0,0.0,0.0,0.0,0.0,0.0,0.0,0.0,0.0,0.0,0.0,0.0,0.0,0.0,0.0,0.0,0,0,0.0,0.0,0.0,0.0,0.0,0.0,0.0,423,1,3,F,Montréal Canadiens,11,654,146,208,354,257,2012,32.18181818181818
391,36.0,Filip Forsberg,20.0,NSH,680.0,286.0,313.0,599.0,55.0,297.0,206.0,74.0,6.0,54.0,205.0,107.0,1.0,2171.0,11.0,471.0,1421:08,19:03,3.0,4.0,42.9,314.0,973.0,559.0,534.0,431,1,11,F,Washington Capitals,13,729,296,329,625,319,2012,48.07692307692308
392,600.0,Mikhail Grigorenko,20.0,BUF,206.0,23.0,45.0,68.0,-24.0,34.0,21.0,2.0,0.0,1.0,37.0,8.0,0.0,240.0,8.6,57.0,379:14,15:10,153.0,173.0,46.9,97.0,92.0,68.0,59.0,432,1,12,F,Buffalo Sabres,6,249,26,50,76,36,2012,12.666666666666666
393,461.0,Radek Faksa,22.0,DAL,638.0,89.0,111.0,200.0,-11.0,356.0,75.0,6.0,8.0,14.0,100.0,6.0,5.0,882.0,7.5,116.0,555:55,17:26,197.0,204.0,49.1,484.0,852.0,277.0,202.0,433,1,13,F,Dallas Stars,10,667,91,116,207,370,2012,20.7
394,244.0,Zemgus Girgensons,21.0,BUF,618.0,81.0,85.0,166.0,-60.0,178.0,70.0,5.0,6.0,7.0,78.0,6.0,1.0,892.0,13.0,183.0,1163:51,19:05,440.0,556.0,44.2,320.0,1078.0,159.0,103.0,434,1,14,F,Buffalo Sabres,12,716,89,101,190,214,2012,15.833333333333334
396,404.0,Tom Wilson,20.0,WSH,672.0,143.0,177.0,320.0,11.0,1281.0,109.0,25.0,9.0,22.0,152.0,22.0,3.0,1165.0,5.1,150.0,732:46,18:35,2.0,9.0,18.2,461.0,2070.0,295.0,300.0,436,1,16,F,Washington Capitals,13,784,159,195,354,1460,2012,27.23076923076923
397,0.0,Tomas Hertl,0.0,0,0.0,0.0,0.0,0.0,0.0,0.0,0.0,0.0,0.0,0.0,0.0,0.0,0.0,0.0,0.0,0.0,0,0,0.0,0.0,0.0,0.0,0.0,0.0,0.0,437,1,17,F,San Jose Sharks,12,749,229,281,510,262,2012,42.5
398,0.0,Teuvo Teräväinen,0.0,0,0.0,0.0,0.0,0.0,0.0,0.0,0.0,0.0,0.0,0.0,0.0,0.0,0.0,0.0,0.0,0.0,0,0,0.0,0.0,0.0,0.0,0.0,0.0,0.0,438,1,18,F,Chicago Blackhawks,12,701,162,313,475,130,2012,39.583333333333336
399,604.0,Scott Laughton,20.0,PHI,596.0,95.0,143.0,238.0,-25.0,365.0,80.0,6.0,9.0,7.0,121.0,10.0,12.0,988.0,3.9,89.0,394:18,18:17,134.0,141.0,48.7,333.0,1131.0,226.0,244.0,440,1,20,F,Philadelphia Flyers,12,632,102,150,252,373,2012,21.0
400,880.0,Mark Jankowski,22.0,CGY,354.0,56.0,51.0,107.0,3.0,95.0,43.0,2.0,11.0,9.0,46.0,2.0,3.0,409.0,0.0,0.0,10:18,13:39,5.0,3.0,62.5,211.0,173.0,166.0,113.0,441,1,21,F,Calgary Flames,9,377,57,56,113,101,2012,12.555555555555555
404,761.0,Brendan Gaunce,21.0,VAN,177.0,13.0,15.0,28.0,-13.0,67.0,12.0,1.0,0.0,2.0,15.0,0.0,0.0,219.0,2.9,52.0,255:10,9:29,49.0,58.0,45.8,45.0,277.0,57.0,36.0,446,1,26,F,Vancouver Canucks,8,177,13,15,28,67,2012,3.5
405,939.0,Henrik Samuelsson,20.0,ARI,3.0,0.0,0.0,0.0,-2.0,2.0,0.0,0.0,0.0,0.0,0.0,0.0,0.0,4.0,0.0,5.0,39:48,13:16,2.0,0.0,100.0,0.0,5.0,1.0,0.0,447,1,27,F,Phoenix Coyotes,1,3,0,0,0,2,2012,0.0
407,767.0,Stefan Matteau,20.0,NJD,107.0,6.0,4.0,10.0,-30.0,52.0,6.0,0.0,0.0,0.0,4.0,0.0,0.0,103.0,12.5,13.0,83:06,8:12,0.0,0.0,0.0,35.0,223.0,20.0,30.0,449,1,29,F,New Jersey Devils,7,92,6,5,11,41,2012,1.5714285714285714
408,415.0,Tanner Pearson,22.0,LAK,699.0,153.0,152.0,305.0,-20.0,247.0,129.0,21.0,3.0,26.0,123.0,26.0,3.0,1393.0,17.6,131.0,558:16,17:04,5.0,2.0,71.4,339.0,950.0,239.0,237.0,450,1,30,F,Los Angeles Kings,13,675,143,153,296,234,2012,22.76923076923077
409,0.0,Mitch Moroz,0.0,0,0.0,0.0,0.0,0.0,0.0,0.0,0.0,0.0,0.0,0.0,0.0,0.0,0.0,0.0,0.0,0.0,0,0,0.0,0.0,0.0,0.0,0.0,0.0,0.0,452,2,32,F,Edmonton Oilers,0,0,0,0,0,0,2012,0.0
410,0.0,Sebastian Collberg,0.0,0,0.0,0.0,0.0,0.0,0.0,0.0,0.0,0.0,0.0,0.0,0.0,0.0,0.0,0.0,0.0,0.0,0,0,0.0,0.0,0.0,0.0,0.0,0.0,0.0,453,2,33,F,Montréal Canadiens,0,0,0,0,0,0,2012,0.0
413,0.0,Nic Kerdiles,0.0,0,0.0,0.0,0.0,0.0,0.0,0.0,0.0,0.0,0.0,0.0,0.0,0.0,0.0,0.0,0.0,0.0,0,0,0.0,0.0,0.0,0.0,0.0,0.0,0.0,456,2,36,F,Anaheim Ducks,2,3,0,0,0,0,2012,0.0
414,0.0,Pontus Åberg,0.0,0,0.0,0.0,0.0,0.0,0.0,0.0,0.0,0.0,0.0,0.0,0.0,0.0,0.0,0.0,0.0,0.0,0,0,0.0,0.0,0.0,0.0,0.0,0.0,0.0,457,2,37,F,Nashville Predators,5,132,17,27,44,34,2012,8.8
415,0.0,Phil Di Giuseppe,0.0,0,0.0,0.0,0.0,0.0,0.0,0.0,0.0,0.0,0.0,0.0,0.0,0.0,0.0,0.0,0.0,0.0,0,0,0.0,0.0,0.0,0.0,0.0,0.0,0.0,458,2,38,F,Carolina Hurricanes,8,282,27,48,75,123,2012,9.375
416,0.0,Lukas Sutter,0.0,0,0.0,0.0,0.0,0.0,0.0,0.0,0.0,0.0,0.0,0.0,0.0,0.0,0.0,0.0,0.0,0.0,0,0,0.0,0.0,0.0,0.0,0.0,0.0,0.0,459,2,39,F,Winnipeg Jets,0,0,0,0,0,0,2012,0.0
418,0.0,Mitchell Heard,0.0,0,0.0,0.0,0.0,0.0,0.0,0.0,0.0,0.0,0.0,0.0,0.0,0.0,0.0,0.0,0.0,0.0,0,0,0.0,0.0,0.0,0.0,0.0,0.0,0.0,461,2,41,F,Colorado Avalanche,0,0,0,0,0,0,2012,0.0
422,0.0,Raphaël Bussières,0.0,0,0.0,0.0,0.0,0.0,0.0,0.0,0.0,0.0,0.0,0.0,0.0,0.0,0.0,0.0,0.0,0.0,0,0,0.0,0.0,0.0,0.0,0.0,0.0,0.0,466,2,46,F,Minnesota Wild,0,0,0,0,0,0,2012,0.0
423,645.0,Brock McGinn,21.0,CAR,583.0,88.0,81.0,169.0,-48.0,141.0,77.0,2.0,9.0,12.0,79.0,1.0,1.0,837.0,12.0,35.0,234:52,14:60,0.0,1.0,0.0,270.0,816.0,228.0,162.0,467,2,47,F,Carolina Hurricanes,10,530,80,77,157,120,2012,15.7
425,855.0,Martin Frk,23.0,CAR,124.0,20.0,21.0,41.0,-32.0,24.0,11.0,9.0,0.0,1.0,17.0,4.0,0.0,169.0,0.0,3.0,16:40,9:21,0.0,0.0,0.0,18.0,141.0,14.0,47.0,469,2,49,F,Detroit Red Wings,6,124,20,21,41,24,2012,6.833333333333333
426,592.0,Colton Sissons,22.0,NSH,601.0,87.0,109.0,196.0,30.0,215.0,74.0,6.0,7.0,13.0,87.0,16.0,6.0,713.0,16.0,44.0,338:37,9:58,141.0,111.0,56.0,386.0,1031.0,192.0,188.0,470,2,50,F,Nashville Predators,11,648,90,112,202,233,2012,18.363636363636363
428,0.0,Teodors Blugers,0.0,0,0.0,0.0,0.0,0.0,0.0,0.0,0.0,0.0,0.0,0.0,0.0,0.0,0.0,0.0,0.0,0.0,0,0,0.0,0.0,0.0,0.0,0.0,0.0,0.0,472,2,52,F,Pittsburgh Penguins,7,365,45,94,139,142,2012,19.857142857142858
429,0.0,Brian Hart,0.0,0,0.0,0.0,0.0,0.0,0.0,0.0,0.0,0.0,0.0,0.0,0.0,0.0,0.0,0.0,0.0,0.0,0,0,0.0,0.0,0.0,0.0,0.0,0.0,0.0,473,2,53,F,Tampa Bay Lightning,0,0,0,0,0,0,2012,0.0
430,0.0,Mike Winther,0.0,0,0.0,0.0,0.0,0.0,0.0,0.0,0.0,0.0,0.0,0.0,0.0,0.0,0.0,0.0,0.0,0.0,0,0,0.0,0.0,0.0,0.0,0.0,0.0,0.0,474,2,54,F,Dallas Stars,0,0,0,0,0,0,2012,0.0
431,345.0,Chris Tierney,20.0,SJS,685.0,83.0,175.0,258.0,-78.0,141.0,65.0,10.0,8.0,15.0,148.0,20.0,7.0,759.0,12.5,89.0,526:39,9:02,150.0,192.0,43.9,352.0,300.0,311.0,374.0,475,2,55,F,San Jose Sharks,10,649,80,168,248,135,2012,24.8
432,0.0,Sam Kurker,0.0,0,0.0,0.0,0.0,0.0,0.0,0.0,0.0,0.0,0.0,0.0,0.0,0.0,0.0,0.0,0.0,0.0,0,0,0.0,0.0,0.0,0.0,0.0,0.0,0.0,476,2,56,F,St. Louis Blues,0,0,0,0,0,0,2012,0.0
433,0.0,Alexandre Mallet,0.0,0,0.0,0.0,0.0,0.0,0.0,0.0,0.0,0.0,0.0,0.0,0.0,0.0,0.0,0.0,0.0,0.0,0,0,0.0,0.0,0.0,0.0,0.0,0.0,0.0,477,2,57,F,Vancouver Canucks,0,0,0,0,0,0,2012,0.0
434,766.0,Jordan Martinook,22.0,ARI,641.0,80.0,117.0,197.0,-41.0,307.0,74.0,1.0,5.0,18.0,107.0,2.0,8.0,977.0,0.0,22.0,93:35,15:41,1.0,0.0,100.0,319.0,830.0,302.0,153.0,478,2,58,F,Phoenix Coyotes,11,671,87,125,212,309,2012,19.272727272727277
435,928.0,Boo Nieves,23.0,NYR,76.0,5.0,14.0,19.0,3.0,24.0,5.0,0.0,0.0,1.0,14.0,0.0,0.0,59.0,0.0,1.0,11:44,9:39,3.0,7.0,30.0,40.0,66.0,28.0,29.0,479,2,59,F,New York Rangers,4,76,5,14,19,24,2012,4.75
437,956.0,Devin Shore,21.0,DAL,564.0,66.0,114.0,180.0,-75.0,94.0,52.0,7.0,7.0,12.0,89.0,24.0,1.0,614.0,0.0,2.0,36:21,9:34,0.0,1.0,0.0,364.0,622.0,188.0,134.0,481,2,61,F,Dallas Stars,10,455,51,88,139,73,2012,13.9
438,707.0,Jujhar Khaira,21.0,EDM,337.0,33.0,47.0,80.0,-55.0,229.0,29.0,1.0,3.0,6.0,43.0,2.0,2.0,363.0,0.0,30.0,155:19,9:15,0.0,1.0,0.0,189.0,784.0,102.0,133.0,483,3,63,F,Edmonton Oilers,9,337,33,47,80,229,2012,8.88888888888889
439,0.0,Tim Bozon,0.0,0,0.0,0.0,0.0,0.0,0.0,0.0,0.0,0.0,0.0,0.0,0.0,0.0,0.0,0.0,0.0,0.0,0,0,0.0,0.0,0.0,0.0,0.0,0.0,0.0,484,3,64,F,Montréal Canadiens,0,0,0,0,0,0,2012,0.0
441,277.0,Jimmy Vesey,23.0,NYR,633.0,101.0,95.0,196.0,-68.0,154.0,90.0,7.0,4.0,28.0,84.0,9.0,2.0,964.0,13.8,214.0,1090:42,16:03,2.0,5.0,28.6,260.0,618.0,339.0,238.0,486,3,66,F,Nashville Predators,9,599,98,91,189,144,2012,21.0
442,661.0,Mackenzie MacEachern,24.0,STL,123.0,11.0,9.0,20.0,3.0,55.0,10.0,0.0,1.0,3.0,9.0,0.0,0.0,139.0,9.1,48.0,232:56,9:42,0.0,0.0,0.0,22.0,195.0,30.0,15.0,487,3,67,F,St. Louis Blues,6,123,11,9,20,55,2012,3.333333333333333
444,672.0,Scott Kosmachuk,22.0,WPG,8.0,0.0,3.0,3.0,1.0,2.0,0.0,0.0,0.0,0.0,3.0,0.0,0.0,9.0,0.0,12.0,92:16,11:32,0.0,0.0,0.0,2.0,7.0,1.0,2.0,490,3,70,F,Winnipeg Jets,1,8,0,3,3,2,2012,3.0
445,947.0,Tanner Richard,23.0,TBL,3.0,0.0,0.0,0.0,-2.0,2.0,0.0,0.0,0.0,0.0,0.0,0.0,0.0,1.0,0.0,3.0,38:07,12:42,13.0,17.0,43.3,2.0,6.0,2.0,1.0,491,3,71,F,Tampa Bay Lightning,1,3,0,0,0,2,2012,0.0
446,0.0,Troy Bourke,0.0,0,0.0,0.0,0.0,0.0,0.0,0.0,0.0,0.0,0.0,0.0,0.0,0.0,0.0,0.0,0.0,0.0,0,0,0.0,0.0,0.0,0.0,0.0,0.0,0.0,492,3,72,F,Colorado Avalanche,0,0,0,0,0,0,2012,0.0
447,0.0,Justin Kea,0.0,0,0.0,0.0,0.0,0.0,0.0,0.0,0.0,0.0,0.0,0.0,0.0,0.0,0.0,0.0,0.0,0.0,0,0,0.0,0.0,0.0,0.0,0.0,0.0,0.0,493,3,73,F,Buffalo Sabres,0,0,0,0,0,0,2012,0.0
449,961.0,Chandler Stephenson,21.0,WSH,560.0,100.0,196.0,296.0,75.0,148.0,70.0,20.0,10.0,27.0,158.0,31.0,7.0,648.0,0.0,4.0,70:43,8:53,30.0,25.0,54.5,309.0,401.0,288.0,162.0,497,3,77,F,Washington Capitals,10,526,92,199,291,140,2012,29.1
451,0.0,Chris Calnan,0.0,0,0.0,0.0,0.0,0.0,0.0,0.0,0.0,0.0,0.0,0.0,0.0,0.0,0.0,0.0,0.0,0.0,0,0,0.0,0.0,0.0,0.0,0.0,0.0,0.0,499,3,79,F,Chicago Blackhawks,0,0,0,0,0,0,2012,0.0
452,654.0,Oskar Sundqvist,21.0,PIT,552.0,74.0,121.0,195.0,-15.0,230.0,60.0,10.0,4.0,6.0,102.0,15.0,4.0,651.0,7.7,21.0,185:36,9:10,64.0,75.0,46.0,266.0,637.0,193.0,142.0,501,3,81,F,Pittsburgh Penguins,10,448,58,89,147,191,2012,14.7
453,0.0,Jarrod Maidens,0.0,0,0.0,0.0,0.0,0.0,0.0,0.0,0.0,0.0,0.0,0.0,0.0,0.0,0.0,0.0,0.0,0.0,0,0,0.0,0.0,0.0,0.0,0.0,0.0,0.0,502,3,82,F,Ottawa Senators,0,0,0,0,0,0,2012,0.0
454,0.0,Steven Hodges,0.0,0,0.0,0.0,0.0,0.0,0.0,0.0,0.0,0.0,0.0,0.0,0.0,0.0,0.0,0.0,0.0,0.0,0,0,0.0,0.0,0.0,0.0,0.0,0.0,0.0,504,3,84,F,Florida Panthers,0,0,0,0,0,0,2012,0.0
458,675.0,Brendan Leipsic,21.0,TOR,307.0,28.0,76.0,104.0,-34.0,91.0,26.0,2.0,0.0,6.0,68.0,8.0,0.0,434.0,9.1,19.0,85:26,9:10,2.0,1.0,66.7,126.0,245.0,133.0,133.0,509,3,89,F,Nashville Predators,4,187,16,43,59,53,2012,14.75
459,0.0,Ben Johnson,0.0,0,0.0,0.0,0.0,0.0,0.0,0.0,0.0,0.0,0.0,0.0,0.0,0.0,0.0,0.0,0.0,0.0,0,0,0.0,0.0,0.0,0.0,0.0,0.0,0.0,510,3,90,F,New Jersey Devils,0,0,0,0,0,0,2012,0.0
460,0.0,Daniil Zharkov,0.0,0,0.0,0.0,0.0,0.0,0.0,0.0,0.0,0.0,0.0,0.0,0.0,0.0,0.0,0.0,0.0,0.0,0,0,0.0,0.0,0.0,0.0,0.0,0.0,0.0,511,3,91,F,Edmonton Oilers,0,0,0,0,0,0,2012,0.0
461,0.0,Matia Marcantuoni,0.0,0,0.0,0.0,0.0,0.0,0.0,0.0,0.0,0.0,0.0,0.0,0.0,0.0,0.0,0.0,0.0,0.0,0,0,0.0,0.0,0.0,0.0,0.0,0.0,0.0,512,4,92,F,Pittsburgh Penguins,0,0,0,0,0,0,2012,0.0
463,0.0,Brady Vail,0.0,0,0.0,0.0,0.0,0.0,0.0,0.0,0.0,0.0,0.0,0.0,0.0,0.0,0.0,0.0,0.0,0.0,0,0,0.0,0.0,0.0,0.0,0.0,0.0,0.0,514,4,94,F,Montréal Canadiens,0,0,0,0,0,0,2012,0.0
464,724.0,Josh Anderson,20.0,CBJ,535.0,131.0,92.0,223.0,-34.0,461.0,116.0,11.0,4.0,24.0,80.0,11.0,1.0,1202.0,0.0,19.0,80:42,18:02,0.0,0.0,0.0,272.0,1202.0,229.0,159.0,515,4,95,F,Columbus Blue Jackets,11,565,136,98,234,503,2012,21.272727272727277
465,970.0,Ben Thomson,24.0,NJD,3.0,0.0,0.0,0.0,-4.0,4.0,0.0,0.0,0.0,0.0,0.0,0.0,0.0,7.0,0.0,8.0,32:40,10:53,0.0,1.0,0.0,1.0,7.0,0.0,1.0,516,4,96,F,New Jersey Devils,1,3,0,0,0,4,2012,0.0
466,615.0,Kevin Roy,24.0,ANA,28.0,6.0,1.0,7.0,2.0,6.0,5.0,1.0,0.0,1.0,1.0,0.0,0.0,28.0,23.1,53.0,341:13,13:39,0.0,9.0,0.0,9.0,11.0,14.0,9.0,517,4,97,F,Anaheim Ducks,2,28,6,1,7,6,2012,3.5
467,0.0,Adam Gilmour,0.0,0,0.0,0.0,0.0,0.0,0.0,0.0,0.0,0.0,0.0,0.0,0.0,0.0,0.0,0.0,0.0,0.0,0,0,0.0,0.0,0.0,0.0,0.0,0.0,0.0,518,4,98,F,Minnesota Wild,0,0,0,0,0,0,2012,0.0
468,0.0,Erik Jinesjö Karlsson,0.0,0,0.0,0.0,0.0,0.0,0.0,0.0,0.0,0.0,0.0,0.0,0.0,0.0,0.0,0.0,0.0,0.0,0,0,0.0,0.0,0.0,0.0,0.0,0.0,0.0,519,4,99,F,Carolina Hurricanes,0,0,0,0,0,0,2012,0.0
469,859.0,Thomas Di Pauli,25.0,PIT,2.0,0.0,0.0,0.0,-3.0,10.0,0.0,0.0,0.0,0.0,0.0,0.0,0.0,2.0,0.0,3.0,11:58,5:59,0.0,0.0,0.0,1.0,4.0,0.0,0.0,520,4,100,F,Washington Capitals,1,2,0,0,0,10,2012,0.0
470,0.0,Cédric Paquette,0.0,0,0.0,0.0,0.0,0.0,0.0,0.0,0.0,0.0,0.0,0.0,0.0,0.0,0.0,0.0,0.0,0.0,0,0,0.0,0.0,0.0,0.0,0.0,0.0,0.0,521,4,101,F,Tampa Bay Lightning,9,448,51,44,95,391,2012,10.555555555555555
473,607.0,Gemel Smith,22.0,DAL,108.0,14.0,14.0,28.0,-3.0,58.0,13.0,0.0,1.0,0.0,14.0,0.0,0.0,91.0,15.8,32.0,230:57,9:60,25.0,34.0,42.4,29.0,72.0,28.0,16.0,524,4,104,F,Dallas Stars,6,91,12,13,25,58,2012,4.166666666666667
476,0.0,Austin Wuthrich,0.0,0,0.0,0.0,0.0,0.0,0.0,0.0,0.0,0.0,0.0,0.0,0.0,0.0,0.0,0.0,0.0,0.0,0,0,0.0,0.0,0.0,0.0,0.0,0.0,0.0,527,4,107,F,Washington Capitals,0,0,0,0,0,0,2012,0.0
478,0.0,Christophe Lalancette,0.0,0,0.0,0.0,0.0,0.0,0.0,0.0,0.0,0.0,0.0,0.0,0.0,0.0,0.0,0.0,0.0,0.0,0,0,0.0,0.0,0.0,0.0,0.0,0.0,0.0,529,4,109,F,San Jose Sharks,0,0,0,0,0,0,2012,0.0
479,418.0,Andreas Athanasiou,21.0,DET,542.0,138.0,133.0,271.0,-157.0,219.0,123.0,14.0,1.0,22.0,104.0,29.0,0.0,1192.0,17.0,85.0,333:39,9:01,53.0,76.0,41.1,222.0,252.0,232.0,246.0,530,4,110,F,Detroit Red Wings,10,492,127,118,245,189,2012,24.5
481,0.0,Zach Stepan,0.0,0,0.0,0.0,0.0,0.0,0.0,0.0,0.0,0.0,0.0,0.0,0.0,0.0,0.0,0.0,0.0,0.0,0,0,0.0,0.0,0.0,0.0,0.0,0.0,0.0,532,4,112,F,Nashville Predators,0,0,0,0,0,0,2012,0.0
482,0.0,Alexander Delnov,0.0,0,0.0,0.0,0.0,0.0,0.0,0.0,0.0,0.0,0.0,0.0,0.0,0.0,0.0,0.0,0.0,0.0,0,0,0.0,0.0,0.0,0.0,0.0,0.0,0.0,534,4,114,F,Florida Panthers,0,0,0,0,0,0,2012,0.0
485,902.0,Taylor Leier,21.0,PHI,55.0,2.0,5.0,7.0,-8.0,10.0,2.0,0.0,0.0,0.0,5.0,0.0,0.0,58.0,0.0,9.0,46:20,9:04,0.0,0.0,0.0,22.0,19.0,16.0,2.0,537,4,117,F,Philadelphia Flyers,3,55,2,5,7,10,2012,2.333333333333333
489,438.0,Nikolai Prokhorkin,26.0,LAK,43.0,4.0,10.0,14.0,-6.0,6.0,4.0,0.0,0.0,1.0,7.0,3.0,0.0,63.0,6.3,113.0,519:57,12:06,101.0,111.0,47.6,7.0,38.0,19.0,14.0,541,4,121,F,Los Angeles Kings,1,43,4,10,14,6,2012,14.0
490,703.0,Charles Hudon,21.0,MTL,134.0,14.0,27.0,41.0,-29.0,58.0,11.0,3.0,0.0,2.0,20.0,6.0,1.0,275.0,0.0,7.0,32:05,14:02,0.0,1.0,0.0,52.0,255.0,59.0,43.0,542,5,122,F,Montréal Canadiens,6,134,14,27,41,58,2012,6.833333333333333
494,766.0,Dominic Toninato,23.0,COL,184.0,13.0,22.0,35.0,12.0,79.0,12.0,0.0,1.0,2.0,18.0,1.0,3.0,129.0,0.0,51.0,292:13,8:24,83.0,116.0,41.7,87.0,209.0,36.0,33.0,546,5,126,F,Toronto Maple Leafs,7,184,13,22,35,79,2012,5.0
497,969.0,Brendan Woods,22.0,CAR,7.0,0.0,0.0,0.0,-1.0,7.0,0.0,0.0,0.0,0.0,0.0,0.0,0.0,8.0,0.0,4.0,12:04,8:42,0.0,0.0,0.0,0.0,5.0,1.0,1.0,549,5,129,F,Carolina Hurricanes,2,7,0,0,0,7,2012,0.0
498,519.0,Seth Griffith,22.0,BOS,104.0,8.0,16.0,24.0,1.0,32.0,7.0,1.0,0.0,1.0,10.0,6.0,0.0,92.0,18.2,69.0,403:18,9:58,3.0,6.0,33.3,27.0,89.0,25.0,25.0,551,5,131,F,Boston Bruins,5,80,8,11,19,24,2012,3.8
499,0.0,Michael Clarke,0.0,0,0.0,0.0,0.0,0.0,0.0,0.0,0.0,0.0,0.0,0.0,0.0,0.0,0.0,0.0,0.0,0.0,0,0,0.0,0.0,0.0,0.0,0.0,0.0,0.0,552,5,132,F,Colorado Avalanche,0,0,0,0,0,0,2012,0.0
500,0.0,Logan Nelson,0.0,0,0.0,0.0,0.0,0.0,0.0,0.0,0.0,0.0,0.0,0.0,0.0,0.0,0.0,0.0,0.0,0.0,0,0,0.0,0.0,0.0,0.0,0.0,0.0,0.0,553,5,133,F,Buffalo Sabres,0,0,0,0,0,0,2012,0.0
501,0.0,Branden Troock,0.0,0,0.0,0.0,0.0,0.0,0.0,0.0,0.0,0.0,0.0,0.0,0.0,0.0,0.0,0.0,0.0,0.0,0,0,0.0,0.0,0.0,0.0,0.0,0.0,0.0,554,5,134,F,Dallas Stars,0,0,0,0,0,0,2012,0.0
502,0.0,Graham Black,0.0,0,0.0,0.0,0.0,0.0,0.0,0.0,0.0,0.0,0.0,0.0,0.0,0.0,0.0,0.0,0.0,0.0,0,0,0.0,0.0,0.0,0.0,0.0,0.0,0.0,555,5,135,F,New Jersey Devils,0,0,0,0,0,0,2012,0.0
503,0.0,Robbie Baillargeon,0.0,0,0.0,0.0,0.0,0.0,0.0,0.0,0.0,0.0,0.0,0.0,0.0,0.0,0.0,0.0,0.0,0.0,0,0,0.0,0.0,0.0,0.0,0.0,0.0,0.0,556,5,136,F,Ottawa Senators,0,0,0,0,0,0,2012,0.0
505,779.0,Danny O'Regan,23.0,SJS,51.0,1.0,9.0,10.0,-7.0,4.0,0.0,1.0,0.0,0.0,7.0,2.0,0.0,43.0,20.0,6.0,34:39,9:59,14.0,17.0,45.2,17.0,14.0,19.0,12.0,558,5,138,F,San Jose Sharks,4,30,1,5,6,2,2012,1.5
506,0.0,Garret Ross,0.0,0,0.0,0.0,0.0,0.0,0.0,0.0,0.0,0.0,0.0,0.0,0.0,0.0,0.0,0.0,0.0,0.0,0,0,0.0,0.0,0.0,0.0,0.0,0.0,0.0,559,5,139,F,Chicago Blackhawks,0,0,0,0,0,0,2012,0.0
509,0.0,Thomas Spelling,0.0,0,0.0,0.0,0.0,0.0,0.0,0.0,0.0,0.0,0.0,0.0,0.0,0.0,0.0,0.0,0.0,0.0,0,0,0.0,0.0,0.0,0.0,0.0,0.0,0.0,562,5,142,F,New York Rangers,0,0,0,0,0,0,2012,0.0
511,0.0,Cody Payne,0.0,0,0.0,0.0,0.0,0.0,0.0,0.0,0.0,0.0,0.0,0.0,0.0,0.0,0.0,0.0,0.0,0.0,0,0,0.0,0.0,0.0,0.0,0.0,0.0,0.0,565,5,145,F,Boston Bruins,0,0,0,0,0,0,2012,0.0
515,160.0,Alexander Kerfoot,23.0,COL,524.0,87.0,177.0,264.0,-4.0,186.0,69.0,14.0,4.0,8.0,132.0,40.0,5.0,706.0,23.5,136.0,1061:54,17:26,207.0,285.0,42.1,326.0,355.0,220.0,222.0,570,5,150,F,New Jersey Devils,8,554,92,184,276,188,2012,34.5
517,0.0,Daniel Zaar,0.0,0,0.0,0.0,0.0,0.0,0.0,0.0,0.0,0.0,0.0,0.0,0.0,0.0,0.0,0.0,0.0,0.0,0,0,0.0,0.0,0.0,0.0,0.0,0.0,0.0,572,6,152,F,Columbus Blue Jackets,0,0,0,0,0,0,2012,0.0
518,0.0,John McCarron,0.0,0,0.0,0.0,0.0,0.0,0.0,0.0,0.0,0.0,0.0,0.0,0.0,0.0,0.0,0.0,0.0,0.0,0,0,0.0,0.0,0.0,0.0,0.0,0.0,0.0,573,6,153,F,Edmonton Oilers,0,0,0,0,0,0,2012,0.0
519,0.0,Erik Nyström,0.0,0,0.0,0.0,0.0,0.0,0.0,0.0,0.0,0.0,0.0,0.0,0.0,0.0,0.0,0.0,0.0,0.0,0,0,0.0,0.0,0.0,0.0,0.0,0.0,0.0,574,6,154,F,Montréal Canadiens,0,0,0,0,0,0,2012,0.0
521,576.0,Connor Brown,22.0,TOR,519.0,94.0,134.0,228.0,-19.0,100.0,78.0,8.0,8.0,8.0,103.0,22.0,9.0,881.0,9.1,20.0,104:48,20:07,0.0,0.0,0.0,240.0,222.0,326.0,210.0,576,6,156,F,Toronto Maple Leafs,10,550,100,141,241,104,2012,24.1
522,0.0,Ryan Rupert,0.0,0,0.0,0.0,0.0,0.0,0.0,0.0,0.0,0.0,0.0,0.0,0.0,0.0,0.0,0.0,0.0,0.0,0,0,0.0,0.0,0.0,0.0,0.0,0.0,0.0,577,6,157,F,Toronto Maple Leafs,0,0,0,0,0,0,2012,0.0
523,832.0,Christoph Bertschy,21.0,MIN,9.0,0.0,1.0,1.0,1.0,8.0,0.0,0.0,0.0,0.0,1.0,0.0,0.0,8.0,0.0,4.0,20:50,8:08,0.0,0.0,0.0,5.0,14.0,0.0,1.0,578,6,158,F,Minnesota Wild,3,9,0,1,1,8,2012,0.3333333333333333
524,0.0,Ryan Olsen,0.0,0,0.0,0.0,0.0,0.0,0.0,0.0,0.0,0.0,0.0,0.0,0.0,0.0,0.0,0.0,0.0,0.0,0,0,0.0,0.0,0.0,0.0,0.0,0.0,0.0,580,6,160,F,Winnipeg Jets,0,0,0,0,0,0,2012,0.0
526,373.0,Joseph Blandisi,21.0,NJD,110.0,10.0,21.0,31.0,-27.0,84.0,5.0,5.0,0.0,4.0,15.0,6.0,0.0,99.0,11.6,81.0,639:42,8:13,11.0,22.0,33.3,32.0,124.0,41.0,13.0,582,6,162,F,Colorado Avalanche,5,101,10,21,31,78,2012,6.2
528,0.0,Coda Gordon,0.0,0,0.0,0.0,0.0,0.0,0.0,0.0,0.0,0.0,0.0,0.0,0.0,0.0,0.0,0.0,0.0,0.0,0,0,0.0,0.0,0.0,0.0,0.0,0.0,0.0,585,6,165,F,Calgary Flames,0,0,0,0,0,0,2012,0.0
529,809.0,Riley Barber,22.0,WSH,16.0,0.0,0.0,0.0,-3.0,4.0,0.0,0.0,0.0,0.0,0.0,0.0,0.0,12.0,0.0,3.0,25:44,8:35,0.0,0.0,0.0,2.0,19.0,1.0,5.0,587,6,167,F,Washington Capitals,3,16,0,0,0,4,2012,0.0
531,881.0,Vinnie Hinostroza,21.0,CHI,400.0,58.0,105.0,163.0,-15.0,111.0,53.0,5.0,0.0,9.0,96.0,7.0,2.0,675.0,0.0,10.0,60:50,9:50,13.0,19.0,40.6,138.0,290.0,172.0,143.0,589,6,169,F,Chicago Blackhawks,9,374,54,97,151,103,2012,16.77777777777778
533,0.0,Tomas Hyka,0.0,0,0.0,0.0,0.0,0.0,0.0,0.0,0.0,0.0,0.0,0.0,0.0,0.0,0.0,0.0,0.0,0.0,0,0,0.0,0.0,0.0,0.0,0.0,0.0,0.0,591,6,171,F,Los Angeles Kings,2,27,2,5,7,2,2012,3.5
534,0.0,Max Görtz,0.0,0,0.0,0.0,0.0,0.0,0.0,0.0,0.0,0.0,0.0,0.0,0.0,0.0,0.0,0.0,0.0,0.0,0,0,0.0,0.0,0.0,0.0,0.0,0.0,0.0,592,6,172,F,Nashville Predators,0,0,0,0,0,0,2012,0.0
535,0.0,Anton Zlobin,0.0,0,0.0,0.0,0.0,0.0,0.0,0.0,0.0,0.0,0.0,0.0,0.0,0.0,0.0,0.0,0.0,0.0,0,0,0.0,0.0,0.0,0.0,0.0,0.0,0.0,593,6,173,F,Pittsburgh Penguins,0,0,0,0,0,0,2012,0.0
536,0.0,Francis Beauvillier,0.0,0,0.0,0.0,0.0,0.0,0.0,0.0,0.0,0.0,0.0,0.0,0.0,0.0,0.0,0.0,0.0,0.0,0,0,0.0,0.0,0.0,0.0,0.0,0.0,0.0,594,6,174,F,Florida Panthers,0,0,0,0,0,0,2012,0.0
539,0.0,Wes Myron,0.0,0,0.0,0.0,0.0,0.0,0.0,0.0,0.0,0.0,0.0,0.0,0.0,0.0,0.0,0.0,0.0,0.0,0,0,0.0,0.0,0.0,0.0,0.0,0.0,0.0,597,6,177,F,Vancouver Canucks,0,0,0,0,0,0,2012,0.0
540,0.0,Hunter Fejes,0.0,0,0.0,0.0,0.0,0.0,0.0,0.0,0.0,0.0,0.0,0.0,0.0,0.0,0.0,0.0,0.0,0.0,0,0,0.0,0.0,0.0,0.0,0.0,0.0,0.0,598,6,178,F,Phoenix Coyotes,0,0,0,0,0,0,2012,0.0
541,0.0,Artur Gavrus,0.0,0,0.0,0.0,0.0,0.0,0.0,0.0,0.0,0.0,0.0,0.0,0.0,0.0,0.0,0.0,0.0,0.0,0,0,0.0,0.0,0.0,0.0,0.0,0.0,0.0,600,6,180,F,New Jersey Devils,0,0,0,0,0,0,2012,0.0
546,0.0,Matthew DeBlouw,0.0,0,0.0,0.0,0.0,0.0,0.0,0.0,0.0,0.0,0.0,0.0,0.0,0.0,0.0,0.0,0.0,0.0,0,0,0.0,0.0,0.0,0.0,0.0,0.0,0.0,606,7,186,F,Calgary Flames,0,0,0,0,0,0,2012,0.0
548,0.0,Louis Nanne,0.0,0,0.0,0.0,0.0,0.0,0.0,0.0,0.0,0.0,0.0,0.0,0.0,0.0,0.0,0.0,0.0,0.0,0,0,0.0,0.0,0.0,0.0,0.0,0.0,0.0,608,7,188,F,Minnesota Wild,0,0,0,0,0,0,2012,0.0
549,0.0,Brendan Collier,0.0,0,0.0,0.0,0.0,0.0,0.0,0.0,0.0,0.0,0.0,0.0,0.0,0.0,0.0,0.0,0.0,0.0,0,0,0.0,0.0,0.0,0.0,0.0,0.0,0.0,609,7,189,F,Carolina Hurricanes,0,0,0,0,0,0,2012,0.0
550,946.0,Colin Smith,21.0,COL,1.0,0.0,0.0,0.0,0.0,0.0,0.0,0.0,0.0,0.0,0.0,0.0,0.0,1.0,0.0,1.0,6:06,6:06,4.0,6.0,40.0,0.0,1.0,0.0,1.0,612,7,192,F,Colorado Avalanche,1,1,0,0,0,0,2012,0.0
559,104.0,Nikita Gusev,27.0,NJD,128.0,21.0,43.0,64.0,-39.0,16.0,16.0,5.0,0.0,2.0,29.0,14.0,0.0,302.0,8.2,270.0,969:45,15:51,1.0,2.0,33.3,9.0,20.0,42.0,82.0,622,7,202,F,Tampa Bay Lightning,2,97,17,37,54,14,2012,27.0
560,0.0,Judd Peterson,0.0,0,0.0,0.0,0.0,0.0,0.0,0.0,0.0,0.0,0.0,0.0,0.0,0.0,0.0,0.0,0.0,0.0,0,0,0.0,0.0,0.0,0.0,0.0,0.0,0.0,624,7,204,F,Buffalo Sabres,0,0,0,0,0,0,2012,0.0
561,0.0,Colton Hargrove,0.0,0,0.0,0.0,0.0,0.0,0.0,0.0,0.0,0.0,0.0,0.0,0.0,0.0,0.0,0.0,0.0,0.0,0,0,0.0,0.0,0.0,0.0,0.0,0.0,0.0,625,7,205,F,Boston Bruins,0,0,0,0,0,0,2012,0.0
562,0.0,Tyrel Seaman,0.0,0,0.0,0.0,0.0,0.0,0.0,0.0,0.0,0.0,0.0,0.0,0.0,0.0,0.0,0.0,0.0,0.0,0,0,0.0,0.0,0.0,0.0,0.0,0.0,0.0,626,7,206,F,St. Louis Blues,0,0,0,0,0,0,2012,0.0
563,0.0,Matthew Beattie,0.0,0,0.0,0.0,0.0,0.0,0.0,0.0,0.0,0.0,0.0,0.0,0.0,0.0,0.0,0.0,0.0,0.0,0,0,0.0,0.0,0.0,0.0,0.0,0.0,0.0,627,7,207,F,Vancouver Canucks,0,0,0,0,0,0,2012,0.0
568,170.0,Nathan MacKinnon,19.0,COL,709.0,311.0,525.0,836.0,127.0,322.0,224.0,85.0,2.0,59.0,337.0,186.0,2.0,2931.0,7.3,323.0,1091:04,22:49,201.0,227.0,47.0,371.0,502.0,380.0,494.0,632,1,1,F,Colorado Avalanche,12,823,348,601,949,368,2013,79.08333333333333
569,180.0,Aleksander Barkov,19.0,FLA,683.0,258.0,429.0,687.0,126.0,138.0,174.0,72.0,12.0,47.0,285.0,137.0,7.0,1861.0,13.0,199.0,1242:25,22:21,462.0,540.0,46.1,444.0,433.0,584.0,413.0,633,1,2,F,Florida Panthers,12,759,275,465,740,152,2013,61.66666666666666
570,225.0,Jonathan Drouin,19.0,TBL,564.0,96.0,241.0,337.0,-74.0,213.0,71.0,25.0,0.0,17.0,153.0,88.0,0.0,1023.0,5.3,155.0,926:33,18:11,10.0,11.0,47.6,164.0,398.0,299.0,309.0,634,1,3,F,Tampa Bay Lightning,11,569,98,243,341,213,2013,31.0
572,161.0,Elias Lindholm,20.0,CAR,835.0,224.0,356.0,580.0,15.0,222.0,149.0,69.0,6.0,46.0,233.0,107.0,16.0,1898.0,10.0,302.0,1330:18,20:45,115.0,105.0,52.3,497.0,985.0,469.0,386.0,636,1,5,F,Carolina Hurricanes,12,850,221,350,571,203,2013,47.583333333333336
573,42.0,Sean Monahan,20.0,CGY,772.0,248.0,315.0,563.0,-33.0,185.0,160.0,82.0,6.0,55.0,214.0,100.0,1.0,1772.0,16.2,344.0,1589:20,19:37,902.0,917.0,49.6,305.0,423.0,522.0,413.0,637,1,6,F,Calgary Flames,12,795,253,310,563,195,2013,46.91666666666666
576,291.0,Bo Horvat,19.0,VAN,811.0,279.0,295.0,574.0,-71.0,263.0,172.0,90.0,17.0,37.0,220.0,71.0,4.0,2000.0,14.0,142.0,833:56,20:50,436.0,409.0,51.6,534.0,690.0,323.0,309.0,640,1,9,F,Vancouver Canucks,11,763,249,277,526,247,2013,47.81818181818182
577,771.0,Valeri Nichushkin,19.0,DAL,433.0,102.0,138.0,240.0,69.0,70.0,64.0,33.0,5.0,21.0,117.0,17.0,4.0,917.0,0.0,19.0,110:11,21:21,0.0,0.0,0.0,204.0,512.0,221.0,178.0,641,1,10,F,Dallas Stars,10,527,123,162,285,80,2013,28.5
579,77.0,Max Domi,20.0,ARI,813.0,161.0,351.0,512.0,-14.0,767.0,132.0,29.0,0.0,19.0,274.0,76.0,1.0,1598.0,11.5,297.0,1326:19,18:18,20.0,35.0,36.4,224.0,356.0,430.0,524.0,643,1,12,F,Phoenix Coyotes,10,684,131,294,425,651,2013,42.5
581,365.0,Alexander Wennberg,20.0,CBJ,791.0,101.0,264.0,365.0,-22.0,169.0,73.0,24.0,4.0,24.0,196.0,64.0,4.0,959.0,4.7,144.0,1062:28,18:49,288.0,386.0,42.7,549.0,442.0,452.0,261.0,645,1,14,F,Columbus Blue Jackets,11,745,99,252,351,161,2013,31.90909090909091
584,423.0,Curtis Lazar,19.0,OTT,660.0,56.0,86.0,142.0,-44.0,186.0,53.0,1.0,2.0,5.0,80.0,1.0,5.0,709.0,6.5,165.0,864:05,9:51,129.0,144.0,47.3,437.0,1456.0,185.0,119.0,648,1,17,F,Ottawa Senators,11,536,46,76,122,159,2013,11.090909090909092
586,681.0,Kerby Rychel,20.0,CBJ,43.0,3.0,11.0,14.0,5.0,19.0,3.0,0.0,0.0,0.0,11.0,0.0,0.0,44.0,0.0,10.0,53:28,9:31,0.0,0.0,0.0,15.0,66.0,12.0,11.0,650,1,19,F,Columbus Blue Jackets,4,43,3,11,14,19,2013,3.5
587,676.0,Anthony Mantha,21.0,DET,624.0,180.0,189.0,369.0,-22.0,316.0,142.0,38.0,0.0,12.0,160.0,29.0,0.0,1379.0,11.1,29.0,117:00,18:54,0.0,0.0,0.0,278.0,579.0,229.0,348.0,651,1,20,F,Detroit Red Wings,10,507,146,157,303,277,2013,30.3
588,0.0,Frédérik Gauthier,0.0,0,0.0,0.0,0.0,0.0,0.0,0.0,0.0,0.0,0.0,0.0,0.0,0.0,0.0,0.0,0.0,0.0,0,0,0.0,0.0,0.0,0.0,0.0,0.0,0.0,652,1,21,F,Toronto Maple Leafs,7,178,13,18,31,47,2013,4.428571428571429
589,0.0,Émile Poirier,0.0,0,0.0,0.0,0.0,0.0,0.0,0.0,0.0,0.0,0.0,0.0,0.0,0.0,0.0,0.0,0.0,0.0,0,0,0.0,0.0,0.0,0.0,0.0,0.0,0.0,653,1,22,F,Calgary Flames,2,8,0,1,1,2,2013,0.5
590,0.0,André Burakovsky,0.0,0,0.0,0.0,0.0,0.0,0.0,0.0,0.0,0.0,0.0,0.0,0.0,0.0,0.0,0.0,0.0,0.0,0,0,0.0,0.0,0.0,0.0,0.0,0.0,0.0,654,1,23,F,Washington Capitals,11,647,145,217,362,159,2013,32.90909090909091
591,684.0,Hunter Shinkaruk,21.0,2TM,23.0,4.0,3.0,7.0,-11.0,6.0,2.0,2.0,0.0,0.0,1.0,2.0,0.0,29.0,16.7,23.0,119:43,9:35,0.0,1.0,0.0,9.0,21.0,4.0,5.0,655,1,24,F,Vancouver Canucks,2,15,2,2,4,4,2013,2.0
592,714.0,Michael McCarron,20.0,MTL,228.0,23.0,25.0,48.0,-3.0,320.0,22.0,0.0,1.0,5.0,23.0,1.0,1.0,274.0,2.4,56.0,233:38,9:53,85.0,84.0,50.3,139.0,530.0,60.0,56.0,656,1,25,F,Montréal Canadiens,8,251,25,27,52,356,2013,6.5
594,0.0,Marko Dano,0.0,0,0.0,0.0,0.0,0.0,0.0,0.0,0.0,0.0,0.0,0.0,0.0,0.0,0.0,0.0,0.0,0.0,0,0,0.0,0.0,0.0,0.0,0.0,0.0,0.0,658,1,27,F,Columbus Blue Jackets,6,141,19,26,45,49,2013,7.5
595,920.0,Morgan Klimchuk,22.0,CGY,1.0,0.0,0.0,0.0,0.0,0.0,0.0,0.0,0.0,0.0,0.0,0.0,0.0,0.0,0.0,1.0,7:25,7:25,0.0,0.0,0.0,0.0,1.0,1.0,0.0,659,1,28,F,Calgary Flames,1,1,0,0,0,0,2013,0.0
596,754.0,Jason Dickinson,20.0,DAL,443.0,61.0,78.0,139.0,-16.0,154.0,58.0,3.0,0.0,10.0,72.0,1.0,5.0,578.0,50.0,3.0,11:55,8:32,1.0,6.0,14.3,360.0,682.0,241.0,158.0,660,1,29,F,Dallas Stars,10,474,67,83,150,166,2013,15.0
597,875.0,Ryan Hartman,20.0,CHI,741.0,151.0,184.0,335.0,61.0,723.0,137.0,11.0,3.0,31.0,161.0,20.0,3.0,1478.0,0.0,11.0,41:26,9:14,0.0,0.0,0.0,437.0,885.0,320.0,290.0,661,1,30,F,Chicago Blackhawks,11,606,132,153,285,591,2013,25.90909090909091
600,672.0,Adam Erne,21.0,TBL,379.0,41.0,50.0,91.0,-59.0,180.0,36.0,5.0,0.0,7.0,46.0,3.0,1.0,449.0,7.5,65.0,306:59,7:49,0.0,2.0,0.0,191.0,880.0,81.0,91.0,664,2,33,F,Tampa Bay Lightning,8,379,41,50,91,180,2013,11.375
601,0.0,Jacob de la Rose,0.0,0,0.0,0.0,0.0,0.0,0.0,0.0,0.0,0.0,0.0,0.0,0.0,0.0,0.0,0.0,0.0,0.0,0,0,0.0,0.0,0.0,0.0,0.0,0.0,0.0,665,2,34,F,Montréal Canadiens,7,242,13,25,38,84,2013,5.428571428571429
602,616.0,J.T. Compher,21.0,COL,500.0,107.0,135.0,242.0,-9.0,184.0,74.0,25.0,8.0,15.0,103.0,29.0,3.0,796.0,10.0,59.0,313:31,20:32,78.0,86.0,47.6,439.0,276.0,153.0,151.0,666,2,35,F,Buffalo Sabres,9,529,110,146,256,192,2013,28.444444444444443
603,802.0,Valentin Zykov,21.0,CAR,83.0,9.0,13.0,22.0,-7.0,12.0,8.0,1.0,0.0,1.0,9.0,4.0,0.0,98.0,33.3,4.0,12:30,9:57,0.0,0.0,0.0,16.0,75.0,28.0,47.0,668,2,37,F,Los Angeles Kings,4,55,7,10,17,10,2013,4.25
604,0.0,Connor Hurley,0.0,0,0.0,0.0,0.0,0.0,0.0,0.0,0.0,0.0,0.0,0.0,0.0,0.0,0.0,0.0,0.0,0.0,0,0,0.0,0.0,0.0,0.0,0.0,0.0,0.0,669,2,38,F,Buffalo Sabres,0,0,0,0,0,0,2013,0.0
605,752.0,Laurent Dauphin,20.0,ARI,94.0,8.0,9.0,17.0,-18.0,53.0,7.0,0.0,1.0,1.0,9.0,0.0,0.0,117.0,14.3,16.0,90:31,7:14,32.0,41.0,43.8,58.0,87.0,39.0,20.0,670,2,39,F,Phoenix Coyotes,6,94,8,9,17,53,2013,2.833333333333333
606,567.0,Remi Elie,21.0,DAL,107.0,7.0,15.0,22.0,5.0,28.0,7.0,0.0,0.0,1.0,15.0,0.0,0.0,96.0,6.7,40.0,281:15,15:38,1.0,0.0,100.0,34.0,164.0,35.0,42.0,671,2,40,F,Dallas Stars,4,107,7,15,22,28,2013,5.5
609,0.0,Nicolas Petan,0.0,0,0.0,0.0,0.0,0.0,0.0,0.0,0.0,0.0,0.0,0.0,0.0,0.0,0.0,0.0,0.0,0.0,0,0,0.0,0.0,0.0,0.0,0.0,0.0,0.0,674,2,43,F,Winnipeg Jets,9,170,7,28,35,46,2013,3.888888888888889
610,0.0,Nick Sörensen,0.0,0,0.0,0.0,0.0,0.0,0.0,0.0,0.0,0.0,0.0,0.0,0.0,0.0,0.0,0.0,0.0,0.0,0,0,0.0,0.0,0.0,0.0,0.0,0.0,0.0,676,2,45,F,Anaheim Ducks,1,5,0,1,1,2,2013,1.0
613,0.0,Zach Nastasiuk,0.0,0,0.0,0.0,0.0,0.0,0.0,0.0,0.0,0.0,0.0,0.0,0.0,0.0,0.0,0.0,0.0,0.0,0,0,0.0,0.0,0.0,0.0,0.0,0.0,0.0,679,2,48,F,Detroit Red Wings,0,0,0,0,0,0,2013,0.0
614,0.0,Gabryel Paquin-Boudreau,0.0,0,0.0,0.0,0.0,0.0,0.0,0.0,0.0,0.0,0.0,0.0,0.0,0.0,0.0,0.0,0.0,0.0,0,0,0.0,0.0,0.0,0.0,0.0,0.0,0.0,680,2,49,F,San Jose Sharks,0,0,0,0,0,0,2013,0.0
617,825.0,Justin Bailey,20.0,BUF,141.0,10.0,13.0,23.0,-26.0,24.0,10.0,0.0,0.0,1.0,12.0,1.0,0.0,175.0,0.0,28.0,92:49,9:05,0.0,0.0,0.0,69.0,157.0,46.0,32.0,683,2,52,F,Buffalo Sabres,8,141,10,13,23,24,2013,2.875
619,263.0,Artturi Lehkonen,21.0,MTL,595.0,136.0,145.0,281.0,19.0,176.0,102.0,24.0,10.0,20.0,122.0,22.0,1.0,1279.0,11.4,279.0,1011:42,20:27,2.0,2.0,50.0,287.0,774.0,213.0,161.0,686,2,55,F,Montréal Canadiens,9,541,127,131,258,158,2013,28.666666666666668
620,0.0,Marc-Olivier Roy,0.0,0,0.0,0.0,0.0,0.0,0.0,0.0,0.0,0.0,0.0,0.0,0.0,0.0,0.0,0.0,0.0,0.0,0,0,0.0,0.0,0.0,0.0,0.0,0.0,0.0,687,2,56,F,Edmonton Oilers,0,0,0,0,0,0,2013,0.0
621,547.0,William Carrier,22.0,BUF,413.0,58.0,49.0,107.0,17.0,204.0,58.0,0.0,0.0,10.0,49.0,0.0,0.0,654.0,10.0,72.0,369:02,9:57,1.0,1.0,50.0,119.0,1228.0,142.0,71.0,688,2,57,F,St. Louis Blues,9,443,61,53,114,216,2013,12.666666666666666
622,815.0,Tyler Bertuzzi,21.0,DET,456.0,121.0,170.0,291.0,-45.0,277.0,91.0,29.0,1.0,14.0,132.0,37.0,1.0,920.0,0.0,8.0,63:45,9:06,1.0,1.0,50.0,239.0,496.0,203.0,287.0,689,2,58,F,Detroit Red Wings,9,437,121,153,274,256,2013,30.444444444444443
624,563.0,Zach Sanford,22.0,2TM,482.0,62.0,77.0,139.0,-21.0,210.0,55.0,6.0,1.0,13.0,69.0,7.0,1.0,582.0,11.1,73.0,422:50,9:15,17.0,22.0,43.6,346.0,677.0,198.0,137.0,692,2,61,F,Washington Capitals,7,334,49,55,104,144,2013,14.857142857142858
625,0.0,Yan-Pavel Laplante,0.0,0,0.0,0.0,0.0,0.0,0.0,0.0,0.0,0.0,0.0,0.0,0.0,0.0,0.0,0.0,0.0,0.0,0,0,0.0,0.0,0.0,0.0,0.0,0.0,0.0,693,3,62,F,Phoenix Coyotes,0,0,0,0,0,0,2013,0.0
627,0.0,Adam Tambellini,0.0,0,0.0,0.0,0.0,0.0,0.0,0.0,0.0,0.0,0.0,0.0,0.0,0.0,0.0,0.0,0.0,0.0,0,0,0.0,0.0,0.0,0.0,0.0,0.0,0.0,696,3,65,F,New York Rangers,0,0,0,0,0,0,2013,0.0
631,634.0,Nicholas Baptiste,21.0,BUF,47.0,7.0,3.0,10.0,-3.0,20.0,7.0,0.0,0.0,1.0,2.0,1.0,0.0,61.0,18.8,20.0,129:21,9:58,1.0,2.0,33.3,4.0,28.0,5.0,9.0,700,3,69,F,Buffalo Sabres,2,47,7,3,10,20,2013,5.0
632,0.0,Connor Crisp,0.0,0,0.0,0.0,0.0,0.0,0.0,0.0,0.0,0.0,0.0,0.0,0.0,0.0,0.0,0.0,0.0,0.0,0,0,0.0,0.0,0.0,0.0,0.0,0.0,0.0,702,3,71,F,Montréal Canadiens,0,0,0,0,0,0,2013,0.0
633,901.0,Tyrell Goulbourne,24.0,PHI,11.0,0.0,0.0,0.0,-2.0,2.0,0.0,0.0,0.0,0.0,0.0,0.0,0.0,5.0,0.0,5.0,50:15,7:25,0.0,0.0,0.0,2.0,21.0,2.0,0.0,703,3,72,F,Philadelphia Flyers,2,11,0,0,0,2,2013,0.0
634,0.0,Ryan Kujawinski,0.0,0,0.0,0.0,0.0,0.0,0.0,0.0,0.0,0.0,0.0,0.0,0.0,0.0,0.0,0.0,0.0,0.0,0,0,0.0,0.0,0.0,0.0,0.0,0.0,0.0,704,3,73,F,New Jersey Devils,0,0,0,0,0,0,2013,0.0
635,642.0,John Hayden,21.0,CHI,249.0,17.0,20.0,37.0,-30.0,290.0,16.0,0.0,1.0,3.0,20.0,0.0,0.0,255.0,4.5,33.0,140:13,9:49,0.0,0.0,0.0,119.0,541.0,67.0,41.0,705,3,74,F,Chicago Blackhawks,9,250,17,20,37,292,2013,4.111111111111111
636,339.0,Pavel Buchnevich,21.0,NYR,517.0,162.0,239.0,401.0,53.0,230.0,113.0,42.0,7.0,18.0,168.0,65.0,6.0,1107.0,14.5,110.0,543:36,19:49,1.0,6.0,14.3,180.0,411.0,275.0,333.0,706,3,75,F,New York Rangers,9,547,170,252,422,237,2013,46.888888888888886
637,0.0,Taylor Cammarata,0.0,0,0.0,0.0,0.0,0.0,0.0,0.0,0.0,0.0,0.0,0.0,0.0,0.0,0.0,0.0,0.0,0.0,0,0,0.0,0.0,0.0,0.0,0.0,0.0,0.0,707,3,76,F,New York Islanders,0,0,0,0,0,0,2013,0.0
638,223.0,Jake Guentzel,22.0,PIT,587.0,257.0,311.0,568.0,94.0,254.0,202.0,54.0,1.0,33.0,221.0,89.0,1.0,1731.0,19.8,136.0,635:26,20:53,8.0,8.0,50.0,302.0,648.0,286.0,227.0,708,3,77,F,Pittsburgh Penguins,9,548,244,278,522,240,2013,58.0
639,248.0,Mattias Janmark,23.0,DAL,613.0,91.0,128.0,219.0,-22.0,193.0,67.0,13.0,11.0,9.0,111.0,13.0,4.0,860.0,13.9,212.0,1034:33,17:50,94.0,166.0,36.2,244.0,215.0,218.0,250.0,710,3,79,F,Detroit Red Wings,10,588,81,127,208,193,2013,20.8
640,576.0,Anthony Duclair,19.0,NYR,766.0,200.0,201.0,401.0,24.0,263.0,145.0,53.0,2.0,23.0,161.0,39.0,1.0,1413.0,5.6,36.0,218:49,16:16,0.0,0.0,0.0,310.0,452.0,313.0,279.0,711,3,80,F,New York Rangers,11,568,148,158,306,199,2013,27.818181818181817
641,864.0,Kurtis Gabriel,22.0,MIN,51.0,2.0,3.0,5.0,2.0,153.0,2.0,0.0,0.0,1.0,3.0,0.0,0.0,15.0,0.0,1.0,13:29,7:40,0.0,0.0,0.0,19.0,161.0,5.0,7.0,712,3,81,F,Minnesota Wild,5,51,2,3,5,153,2013,1.0
642,457.0,Carter Verhaeghe,24.0,TBL,330.0,127.0,122.0,249.0,66.0,169.0,109.0,17.0,1.0,17.0,99.0,23.0,0.0,852.0,15.8,97.0,486:48,9:22,14.0,17.0,45.2,89.0,204.0,175.0,179.0,713,3,82,F,Toronto Maple Leafs,6,362,136,138,274,189,2013,45.66666666666666
643,971.0,Bogdan Yakimov,20.0,EDM,1.0,0.0,0.0,0.0,-1.0,0.0,0.0,0.0,0.0,0.0,0.0,0.0,0.0,1.0,0.0,1.0,11:19,11:19,3.0,4.0,42.9,0.0,2.0,0.0,0.0,714,3,83,F,Edmonton Oilers,1,1,0,0,0,0,2013,0.0
644,0.0,Jimmy Lodge,0.0,0,0.0,0.0,0.0,0.0,0.0,0.0,0.0,0.0,0.0,0.0,0.0,0.0,0.0,0.0,0.0,0.0,0,0,0.0,0.0,0.0,0.0,0.0,0.0,0.0,715,3,84,F,Winnipeg Jets,0,0,0,0,0,0,2013,0.0
645,0.0,Cole Cassels,0.0,0,0.0,0.0,0.0,0.0,0.0,0.0,0.0,0.0,0.0,0.0,0.0,0.0,0.0,0.0,0.0,0.0,0,0,0.0,0.0,0.0,0.0,0.0,0.0,0.0,716,3,85,F,Vancouver Canucks,0,0,0,0,0,0,2013,0.0
646,656.0,Sven Andrighetto,21.0,MTL,262.0,38.0,69.0,107.0,-2.0,54.0,30.0,8.0,0.0,3.0,58.0,11.0,0.0,428.0,16.7,21.0,112:58,9:25,3.0,12.0,20.0,115.0,223.0,92.0,66.0,717,3,86,F,Montréal Canadiens,5,216,31,52,83,42,2013,16.6
648,812.0,Anton Slepyshev,21.0,EDM,102.0,10.0,13.0,23.0,-4.0,14.0,10.0,0.0,0.0,0.0,13.0,0.0,0.0,133.0,0.0,16.0,95:36,8:41,1.0,0.0,100.0,34.0,138.0,46.0,34.0,719,3,88,F,Edmonton Oilers,3,102,10,13,23,14,2013,7.666666666666667
649,534.0,Oliver Bjorkstrand,20.0,CBJ,545.0,151.0,187.0,338.0,-41.0,102.0,118.0,33.0,0.0,16.0,142.0,45.0,0.0,1308.0,16.0,44.0,191:43,17:57,0.0,0.0,0.0,235.0,430.0,318.0,183.0,720,3,89,F,Columbus Blue Jackets,10,576,162,198,360,106,2013,36.0
650,0.0,Peter Cehlárik,0.0,0,0.0,0.0,0.0,0.0,0.0,0.0,0.0,0.0,0.0,0.0,0.0,0.0,0.0,0.0,0.0,0.0,0,0,0.0,0.0,0.0,0.0,0.0,0.0,0.0,721,3,90,F,Boston Bruins,4,40,5,6,11,10,2013,2.75
651,0.0,JC Lipon,0.0,0,0.0,0.0,0.0,0.0,0.0,0.0,0.0,0.0,0.0,0.0,0.0,0.0,0.0,0.0,0.0,0.0,0,0,0.0,0.0,0.0,0.0,0.0,0.0,0.0,722,3,91,F,Winnipeg Jets,1,9,0,1,1,5,2013,1.0
652,973.0,Mason Geertsen,26.0,NJD,25.0,0.0,0.0,0.0,-6.0,77.0,0.0,0.0,0.0,0.0,0.0,0.0,0.0,12.0,0.0,20.0,173:55,6:57,0.0,0.0,0.0,7.0,58.0,4.0,3.0,724,4,93,F,Colorado Avalanche,1,25,0,0,0,77,2013,0.0
653,0.0,Jackson Houck,0.0,0,0.0,0.0,0.0,0.0,0.0,0.0,0.0,0.0,0.0,0.0,0.0,0.0,0.0,0.0,0.0,0.0,0,0,0.0,0.0,0.0,0.0,0.0,0.0,0.0,725,4,94,F,Edmonton Oilers,0,0,0,0,0,0,2013,0.0
654,0.0,Félix Girard,0.0,0,0.0,0.0,0.0,0.0,0.0,0.0,0.0,0.0,0.0,0.0,0.0,0.0,0.0,0.0,0.0,0.0,0,0,0.0,0.0,0.0,0.0,0.0,0.0,0.0,726,4,95,F,Nashville Predators,0,0,0,0,0,0,2013,0.0
655,0.0,Kyle Platzer,0.0,0,0.0,0.0,0.0,0.0,0.0,0.0,0.0,0.0,0.0,0.0,0.0,0.0,0.0,0.0,0.0,0.0,0,0,0.0,0.0,0.0,0.0,0.0,0.0,0.0,727,4,96,F,Edmonton Oilers,0,0,0,0,0,0,2013,0.0
657,0.0,Matt Buckles,0.0,0,0.0,0.0,0.0,0.0,0.0,0.0,0.0,0.0,0.0,0.0,0.0,0.0,0.0,0.0,0.0,0.0,0,0,0.0,0.0,0.0,0.0,0.0,0.0,0.0,729,4,98,F,Florida Panthers,0,0,0,0,0,0,2013,0.0
658,987.0,Miles Wood,20.0,NJD,476.0,87.0,87.0,174.0,-68.0,502.0,75.0,11.0,1.0,9.0,82.0,5.0,0.0,1040.0,0.0,2.0,13:06,14:59,0.0,0.0,0.0,181.0,593.0,149.0,180.0,731,4,100,F,New Jersey Devils,10,492,89,88,177,514,2013,17.7
659,616.0,Nick Paul,20.0,OTT,490.0,91.0,99.0,190.0,-47.0,191.0,70.0,17.0,4.0,12.0,86.0,8.0,5.0,886.0,7.1,51.0,292:39,8:28,31.0,29.0,51.7,291.0,713.0,298.0,169.0,732,4,101,F,Dallas Stars,10,432,81,91,172,160,2013,17.2
660,710.0,Tobias Lindberg,20.0,TOR,6.0,0.0,2.0,2.0,0.0,4.0,0.0,0.0,0.0,0.0,2.0,0.0,0.0,12.0,0.0,25.0,95:02,15:50,0.0,3.0,0.0,1.0,10.0,2.0,2.0,733,4,102,F,Ottawa Senators,1,6,0,2,2,4,2013,2.0
661,849.0,Justin Auger,23.0,LAK,2.0,0.0,0.0,0.0,-1.0,0.0,0.0,0.0,0.0,0.0,0.0,0.0,0.0,1.0,0.0,3.0,15:59,7:60,0.0,0.0,0.0,2.0,2.0,0.0,0.0,734,4,103,F,Los Angeles Kings,1,2,0,0,0,0,2013,0.0
662,739.0,Andrew Copp,20.0,WPG,716.0,125.0,205.0,330.0,84.0,157.0,100.0,15.0,10.0,24.0,170.0,26.0,9.0,1144.0,0.0,4.0,13:16,8:00,12.0,6.0,66.7,377.0,625.0,261.0,304.0,735,4,104,F,Winnipeg Jets,11,674,111,179,290,147,2013,26.363636363636363
663,0.0,Nick Moutrey,0.0,0,0.0,0.0,0.0,0.0,0.0,0.0,0.0,0.0,0.0,0.0,0.0,0.0,0.0,0.0,0.0,0.0,0,0,0.0,0.0,0.0,0.0,0.0,0.0,0.0,736,4,105,F,Columbus Blue Jackets,0,0,0,0,0,0,2013,0.0
666,0.0,David Pope,0.0,0,0.0,0.0,0.0,0.0,0.0,0.0,0.0,0.0,0.0,0.0,0.0,0.0,0.0,0.0,0.0,0.0,0,0,0.0,0.0,0.0,0.0,0.0,0.0,0.0,740,4,109,F,Detroit Red Wings,0,0,0,0,0,0,2013,0.0
669,0.0,Zach Pochiro,0.0,0,0.0,0.0,0.0,0.0,0.0,0.0,0.0,0.0,0.0,0.0,0.0,0.0,0.0,0.0,0.0,0.0,0,0,0.0,0.0,0.0,0.0,0.0,0.0,0.0,743,4,112,F,St. Louis Blues,0,0,0,0,0,0,2013,0.0
670,0.0,Aidan Muir,0.0,0,0.0,0.0,0.0,0.0,0.0,0.0,0.0,0.0,0.0,0.0,0.0,0.0,0.0,0.0,0.0,0.0,0,0,0.0,0.0,0.0,0.0,0.0,0.0,0.0,744,4,113,F,Edmonton Oilers,0,0,0,0,0,0,2013,0.0
673,0.0,Martin Réway,0.0,0,0.0,0.0,0.0,0.0,0.0,0.0,0.0,0.0,0.0,0.0,0.0,0.0,0.0,0.0,0.0,0.0,0,0,0.0,0.0,0.0,0.0,0.0,0.0,0.0,747,4,116,F,Montréal Canadiens,0,0,0,0,0,0,2013,0.0
674,697.0,Hudson Fasching,20.0,BUF,132.0,15.0,21.0,36.0,-3.0,24.0,15.0,0.0,0.0,2.0,20.0,1.0,0.0,128.0,11.1,15.0,80:39,9:53,0.0,0.0,0.0,65.0,139.0,40.0,26.0,749,4,118,F,Los Angeles Kings,8,143,15,21,36,26,2013,4.5
676,0.0,Ryan Fitzgerald,0.0,0,0.0,0.0,0.0,0.0,0.0,0.0,0.0,0.0,0.0,0.0,0.0,0.0,0.0,0.0,0.0,0.0,0,0,0.0,0.0,0.0,0.0,0.0,0.0,0.0,751,4,120,F,Boston Bruins,0,0,0,0,0,0,2013,0.0
677,582.0,Tyler Motte,21.0,CHI,566.0,69.0,62.0,131.0,-26.0,144.0,61.0,0.0,8.0,8.0,62.0,0.0,0.0,869.0,8.7,74.0,375:46,9:56,4.0,6.0,40.0,472.0,1198.0,263.0,147.0,752,4,121,F,Chicago Blackhawks,9,417,50,41,91,112,2013,10.11111111111111
678,0.0,Chris Clapperton,0.0,0,0.0,0.0,0.0,0.0,0.0,0.0,0.0,0.0,0.0,0.0,0.0,0.0,0.0,0.0,0.0,0.0,0,0,0.0,0.0,0.0,0.0,0.0,0.0,0.0,753,5,122,F,Florida Panthers,0,0,0,0,0,0,2013,0.0
680,0.0,Saku Mäenalanen,0.0,0,0.0,0.0,0.0,0.0,0.0,0.0,0.0,0.0,0.0,0.0,0.0,0.0,0.0,0.0,0.0,0.0,0,0,0.0,0.0,0.0,0.0,0.0,0.0,0.0,756,5,125,F,Nashville Predators,2,98,8,10,18,36,2013,9.0
681,0.0,Brent Pedersen,0.0,0,0.0,0.0,0.0,0.0,0.0,0.0,0.0,0.0,0.0,0.0,0.0,0.0,0.0,0.0,0.0,0.0,0,0,0.0,0.0,0.0,0.0,0.0,0.0,0.0,757,5,126,F,Carolina Hurricanes,0,0,0,0,0,0,2013,0.0
683,0.0,Evan Campbell,0.0,0,0.0,0.0,0.0,0.0,0.0,0.0,0.0,0.0,0.0,0.0,0.0,0.0,0.0,0.0,0.0,0.0,0,0,0.0,0.0,0.0,0.0,0.0,0.0,0.0,759,5,128,F,Edmonton Oilers,0,0,0,0,0,0,2013,0.0
684,0.0,Gustav Possler,0.0,0,0.0,0.0,0.0,0.0,0.0,0.0,0.0,0.0,0.0,0.0,0.0,0.0,0.0,0.0,0.0,0.0,0,0,0.0,0.0,0.0,0.0,0.0,0.0,0.0,761,5,130,F,Buffalo Sabres,0,0,0,0,0,0,2013,0.0
685,0.0,Cole Ully,0.0,0,0.0,0.0,0.0,0.0,0.0,0.0,0.0,0.0,0.0,0.0,0.0,0.0,0.0,0.0,0.0,0.0,0,0,0.0,0.0,0.0,0.0,0.0,0.0,0.0,762,5,131,F,Dallas Stars,0,0,0,0,0,0,2013,0.0
688,806.0,Luke Johnson,24.0,CHI,32.0,1.0,1.0,2.0,-16.0,13.0,1.0,0.0,0.0,0.0,0.0,1.0,0.0,31.0,0.0,27.0,162:11,11:35,51.0,55.0,48.1,13.0,66.0,8.0,1.0,765,5,134,F,Chicago Blackhawks,3,32,1,1,2,13,2013,0.6666666666666666
690,0.0,Victor Crus Rydberg,0.0,0,0.0,0.0,0.0,0.0,0.0,0.0,0.0,0.0,0.0,0.0,0.0,0.0,0.0,0.0,0.0,0.0,0,0,0.0,0.0,0.0,0.0,0.0,0.0,0.0,767,5,136,F,New York Islanders,0,0,0,0,0,0,2013,0.0
692,0.0,Vincent Dunn,0.0,0,0.0,0.0,0.0,0.0,0.0,0.0,0.0,0.0,0.0,0.0,0.0,0.0,0.0,0.0,0.0,0.0,0,0,0.0,0.0,0.0,0.0,0.0,0.0,0.0,769,5,138,F,Ottawa Senators,0,0,0,0,0,0,2013,0.0
696,0.0,Fabrice Herzog,0.0,0,0.0,0.0,0.0,0.0,0.0,0.0,0.0,0.0,0.0,0.0,0.0,0.0,0.0,0.0,0.0,0.0,0,0,0.0,0.0,0.0,0.0,0.0,0.0,0.0,773,5,142,F,Toronto Maple Leafs,0,0,0,0,0,0,2013,0.0
700,0.0,Grant Besse,0.0,0,0.0,0.0,0.0,0.0,0.0,0.0,0.0,0.0,0.0,0.0,0.0,0.0,0.0,0.0,0.0,0.0,0,0,0.0,0.0,0.0,0.0,0.0,0.0,0.0,778,5,147,F,Anaheim Ducks,0,0,0,0,0,0,2013,0.0
701,694.0,Jonny Brodzinski,23.0,LAK,158.0,15.0,21.0,36.0,7.0,40.0,14.0,1.0,0.0,3.0,20.0,1.0,0.0,249.0,0.0,30.0,73:43,9:55,0.0,0.0,0.0,58.0,126.0,40.0,33.0,779,5,148,F,Los Angeles Kings,9,173,17,23,40,44,2013,4.444444444444445
702,0.0,Matej Paulovic,0.0,0,0.0,0.0,0.0,0.0,0.0,0.0,0.0,0.0,0.0,0.0,0.0,0.0,0.0,0.0,0.0,0.0,0,0,0.0,0.0,0.0,0.0,0.0,0.0,0.0,780,5,149,F,Dallas Stars,0,0,0,0,0,0,2013,0.0
706,0.0,Ben Storm,0.0,0,0.0,0.0,0.0,0.0,0.0,0.0,0.0,0.0,0.0,0.0,0.0,0.0,0.0,0.0,0.0,0.0,0,0,0.0,0.0,0.0,0.0,0.0,0.0,0.0,784,6,153,F,Colorado Avalanche,0,0,0,0,0,0,2013,0.0
707,0.0,Henri Ikonen,0.0,0,0.0,0.0,0.0,0.0,0.0,0.0,0.0,0.0,0.0,0.0,0.0,0.0,0.0,0.0,0.0,0.0,0,0,0.0,0.0,0.0,0.0,0.0,0.0,0.0,785,6,154,F,Tampa Bay Lightning,0,0,0,0,0,0,2013,0.0
708,0.0,Emil Pettersson,0.0,0,0.0,0.0,0.0,0.0,0.0,0.0,0.0,0.0,0.0,0.0,0.0,0.0,0.0,0.0,0.0,0.0,0,0,0.0,0.0,0.0,0.0,0.0,0.0,0.0,786,6,155,F,Nashville Predators,0,0,0,0,0,0,2013,0.0
710,0.0,Tim Harrison,0.0,0,0.0,0.0,0.0,0.0,0.0,0.0,0.0,0.0,0.0,0.0,0.0,0.0,0.0,0.0,0.0,0.0,0,0,0.0,0.0,0.0,0.0,0.0,0.0,0.0,788,6,157,F,Calgary Flames,0,0,0,0,0,0,2013,0.0
712,905.0,Sean Malone,21.0,BUF,2.0,0.0,1.0,1.0,-1.0,2.0,0.0,0.0,0.0,0.0,1.0,0.0,0.0,2.0,0.0,2.0,12:12,12:12,5.0,3.0,62.5,1.0,0.0,0.0,1.0,790,6,159,F,Buffalo Sabres,2,2,0,1,1,2,2013,0.5
713,0.0,Myles Bell,0.0,0,0.0,0.0,0.0,0.0,0.0,0.0,0.0,0.0,0.0,0.0,0.0,0.0,0.0,0.0,0.0,0.0,0,0,0.0,0.0,0.0,0.0,0.0,0.0,0.0,791,6,160,F,New Jersey Devils,0,0,0,0,0,0,2013,0.0
714,0.0,Chris LeBlanc,0.0,0,0.0,0.0,0.0,0.0,0.0,0.0,0.0,0.0,0.0,0.0,0.0,0.0,0.0,0.0,0.0,0.0,0,0,0.0,0.0,0.0,0.0,0.0,0.0,0.0,792,6,161,F,Ottawa Senators,0,0,0,0,0,0,2013,0.0
716,0.0,Markus Søberg,0.0,0,0.0,0.0,0.0,0.0,0.0,0.0,0.0,0.0,0.0,0.0,0.0,0.0,0.0,0.0,0.0,0.0,0,0,0.0,0.0,0.0,0.0,0.0,0.0,0.0,796,6,165,F,Columbus Blue Jackets,0,0,0,0,0,0,2013,0.0
717,800.0,Alan Quine,22.0,NYI,106.0,10.0,18.0,28.0,-5.0,22.0,6.0,3.0,1.0,1.0,17.0,1.0,0.0,125.0,20.0,12.0,35:31,9:48,16.0,10.0,61.5,45.0,132.0,28.0,32.0,797,6,166,F,New York Islanders,5,106,10,18,28,22,2013,5.6
718,0.0,Avery Peterson,0.0,0,0.0,0.0,0.0,0.0,0.0,0.0,0.0,0.0,0.0,0.0,0.0,0.0,0.0,0.0,0.0,0.0,0,0,0.0,0.0,0.0,0.0,0.0,0.0,0.0,798,6,167,F,Minnesota Wild,0,0,0,0,0,0,2013,0.0
719,0.0,Quentin Shore,0.0,0,0.0,0.0,0.0,0.0,0.0,0.0,0.0,0.0,0.0,0.0,0.0,0.0,0.0,0.0,0.0,0.0,0,0,0.0,0.0,0.0,0.0,0.0,0.0,0.0,799,6,168,F,Ottawa Senators,0,0,0,0,0,0,2013,0.0
721,0.0,Tommy Veilleux,0.0,0,0.0,0.0,0.0,0.0,0.0,0.0,0.0,0.0,0.0,0.0,0.0,0.0,0.0,0.0,0.0,0.0,0,0,0.0,0.0,0.0,0.0,0.0,0.0,0.0,802,6,171,F,Nashville Predators,0,0,0,0,0,0,2013,0.0
723,959.0,Brian Pinho,25.0,WSH,2.0,0.0,0.0,0.0,-2.0,0.0,0.0,0.0,0.0,0.0,0.0,0.0,0.0,3.0,0.0,3.0,15:37,7:49,8.0,6.0,57.1,1.0,1.0,0.0,0.0,805,6,174,F,Washington Capitals,2,2,0,0,0,0,2013,0.0
725,0.0,Jérémy Grégoire,0.0,0,0.0,0.0,0.0,0.0,0.0,0.0,0.0,0.0,0.0,0.0,0.0,0.0,0.0,0.0,0.0,0.0,0,0,0.0,0.0,0.0,0.0,0.0,0.0,0.0,807,6,176,F,Montréal Canadiens,0,0,0,0,0,0,2013,0.0
726,0.0,Miro Aaltonen,0.0,0,0.0,0.0,0.0,0.0,0.0,0.0,0.0,0.0,0.0,0.0,0.0,0.0,0.0,0.0,0.0,0.0,0,0,0.0,0.0,0.0,0.0,0.0,0.0,0.0,808,6,177,F,Anaheim Ducks,0,0,0,0,0,0,2013,0.0
728,0.0,Blaine Byron,0.0,0,0.0,0.0,0.0,0.0,0.0,0.0,0.0,0.0,0.0,0.0,0.0,0.0,0.0,0.0,0.0,0.0,0,0,0.0,0.0,0.0,0.0,0.0,0.0,0.0,810,6,179,F,Pittsburgh Penguins,0,0,0,0,0,0,2013,0.0
729,693.0,Anton Blidh,21.0,BOS,85.0,4.0,8.0,12.0,-14.0,43.0,4.0,0.0,0.0,0.0,8.0,0.0,0.0,83.0,3.8,47.0,166:46,8:47,0.0,0.0,0.0,33.0,196.0,15.0,13.0,811,6,180,F,Boston Bruins,8,85,4,8,12,43,2013,1.5
730,0.0,Anthony Louis,0.0,0,0.0,0.0,0.0,0.0,0.0,0.0,0.0,0.0,0.0,0.0,0.0,0.0,0.0,0.0,0.0,0.0,0,0,0.0,0.0,0.0,0.0,0.0,0.0,0.0,812,6,181,F,Chicago Blackhawks,0,0,0,0,0,0,2013,0.0
733,0.0,Saku Salminen,0.0,0,0.0,0.0,0.0,0.0,0.0,0.0,0.0,0.0,0.0,0.0,0.0,0.0,0.0,0.0,0.0,0.0,0,0,0.0,0.0,0.0,0.0,0.0,0.0,0.0,815,7,184,F,Tampa Bay Lightning,0,0,0,0,0,0,2013,0.0
734,0.0,Wade Murphy,0.0,0,0.0,0.0,0.0,0.0,0.0,0.0,0.0,0.0,0.0,0.0,0.0,0.0,0.0,0.0,0.0,0.0,0,0,0.0,0.0,0.0,0.0,0.0,0.0,0.0,816,7,185,F,Nashville Predators,0,0,0,0,0,0,2013,0.0
737,0.0,Greg Chase,0.0,0,0.0,0.0,0.0,0.0,0.0,0.0,0.0,0.0,0.0,0.0,0.0,0.0,0.0,0.0,0.0,0.0,0,0,0.0,0.0,0.0,0.0,0.0,0.0,0.0,819,7,188,F,Edmonton Oilers,0,0,0,0,0,0,2013,0.0
738,0.0,Eric Locke,0.0,0,0.0,0.0,0.0,0.0,0.0,0.0,0.0,0.0,0.0,0.0,0.0,0.0,0.0,0.0,0.0,0.0,0,0,0.0,0.0,0.0,0.0,0.0,0.0,0.0,820,7,189,F,Buffalo Sabres,0,0,0,0,0,0,2013,0.0
740,0.0,Dominik Kubalík,0.0,0,0.0,0.0,0.0,0.0,0.0,0.0,0.0,0.0,0.0,0.0,0.0,0.0,0.0,0.0,0.0,0.0,0,0,0.0,0.0,0.0,0.0,0.0,0.0,0.0,822,7,191,F,Los Angeles Kings,5,357,93,83,176,93,2013,35.2
742,0.0,Jedd Soleway,0.0,0,0.0,0.0,0.0,0.0,0.0,0.0,0.0,0.0,0.0,0.0,0.0,0.0,0.0,0.0,0.0,0.0,0,0,0.0,0.0,0.0,0.0,0.0,0.0,0.0,824,7,193,F,Phoenix Coyotes,0,0,0,0,0,0,2013,0.0
744,0.0,Peter Quenneville,0.0,0,0.0,0.0,0.0,0.0,0.0,0.0,0.0,0.0,0.0,0.0,0.0,0.0,0.0,0.0,0.0,0.0,0,0,0.0,0.0,0.0,0.0,0.0,0.0,0.0,826,7,195,F,Columbus Blue Jackets,0,0,0,0,0,0,2013,0.0
748,0.0,Hampus Melén,0.0,0,0.0,0.0,0.0,0.0,0.0,0.0,0.0,0.0,0.0,0.0,0.0,0.0,0.0,0.0,0.0,0.0,0,0,0.0,0.0,0.0,0.0,0.0,0.0,0.0,830,7,199,F,Detroit Red Wings,0,0,0,0,0,0,2013,0.0
749,0.0,Jake Jackson,0.0,0,0.0,0.0,0.0,0.0,0.0,0.0,0.0,0.0,0.0,0.0,0.0,0.0,0.0,0.0,0.0,0.0,0,0,0.0,0.0,0.0,0.0,0.0,0.0,0.0,832,7,201,F,San Jose Sharks,0,0,0,0,0,0,2013,0.0
750,711.0,Andreas Johnsson,23.0,TOR,272.0,48.0,71.0,119.0,3.0,100.0,39.0,9.0,0.0,4.0,66.0,5.0,0.0,442.0,10.5,27.0,105:18,4:44,2.0,4.0,33.3,111.0,225.0,99.0,92.0,833,7,202,F,Toronto Maple Leafs,6,259,48,68,116,94,2013,19.33333333333333
754,0.0,Emil Galimov,0.0,0,0.0,0.0,0.0,0.0,0.0,0.0,0.0,0.0,0.0,0.0,0.0,0.0,0.0,0.0,0.0,0.0,0,0,0.0,0.0,0.0,0.0,0.0,0.0,0.0,838,7,207,F,San Jose Sharks,0,0,0,0,0,0,2013,0.0
755,0.0,Troy Josephs,0.0,0,0.0,0.0,0.0,0.0,0.0,0.0,0.0,0.0,0.0,0.0,0.0,0.0,0.0,0.0,0.0,0.0,0,0,0.0,0.0,0.0,0.0,0.0,0.0,0.0,840,7,209,F,Pittsburgh Penguins,0,0,0,0,0,0,2013,0.0
756,0.0,Mitchell Dempsey,0.0,0,0.0,0.0,0.0,0.0,0.0,0.0,0.0,0.0,0.0,0.0,0.0,0.0,0.0,0.0,0.0,0.0,0,0,0.0,0.0,0.0,0.0,0.0,0.0,0.0,841,7,210,F,Boston Bruins,0,0,0,0,0,0,2013,0.0
759,783.0,Sam Reinhart,19.0,BUF,696.0,255.0,283.0,538.0,-55.0,146.0,145.0,105.0,5.0,41.0,200.0,78.0,5.0,1634.0,0.0,6.0,93:16,20:38,21.0,65.0,24.4,359.0,372.0,264.0,294.0,844,1,2,F,Buffalo Sabres,11,728,275,304,579,152,2014,52.63636363636363
760,536.0,Leon Draisaitl,19.0,EDM,719.0,347.0,503.0,850.0,55.0,306.0,192.0,146.0,9.0,61.0,349.0,150.0,4.0,1907.0,4.1,77.0,469:44,22:37,128.0,182.0,41.3,234.0,438.0,627.0,796.0,845,1,3,F,Edmonton Oilers,11,750,370,527,897,316,2014,81.54545454545455
761,728.0,Sam Bennett,18.0,CGY,663.0,147.0,165.0,312.0,-8.0,632.0,119.0,28.0,0.0,25.0,133.0,30.0,2.0,1430.0,0.0,5.0,16:00,18:04,2.0,10.0,16.7,293.0,1257.0,328.0,314.0,846,1,4,F,Calgary Flames,11,646,150,162,312,619,2014,28.363636363636363
762,877.0,Michael Dal Colle,21.0,NYI,112.0,8.0,13.0,21.0,-3.0,18.0,8.0,0.0,0.0,2.0,13.0,0.0,0.0,115.0,0.0,2.0,53:25,14:34,0.0,0.0,0.0,39.0,124.0,22.0,35.0,847,1,5,F,New York Islanders,5,112,8,13,21,18,2014,4.2
763,450.0,Jake Virtanen,19.0,VAN,317.0,55.0,45.0,100.0,-29.0,219.0,45.0,10.0,0.0,10.0,42.0,3.0,0.0,591.0,7.4,174.0,636:01,14:49,2.0,3.0,40.0,132.0,640.0,175.0,111.0,848,1,6,F,Vancouver Canucks,6,317,55,45,100,219,2014,16.666666666666668
765,447.0,William Nylander,19.0,TOR,603.0,217.0,311.0,528.0,24.0,158.0,152.0,62.0,3.0,39.0,203.0,107.0,1.0,1757.0,14.0,99.0,359:26,19:55,143.0,148.0,49.1,167.0,157.0,440.0,316.0,850,1,8,F,Toronto Maple Leafs,10,634,235,324,559,170,2014,55.9
766,175.0,Nikolaj Ehlers,19.0,WPG,605.0,201.0,256.0,457.0,92.0,205.0,166.0,34.0,1.0,34.0,201.0,55.0,0.0,1721.0,9.0,304.0,1159:16,18:04,0.0,2.0,0.0,212.0,298.0,280.0,333.0,851,1,9,F,Winnipeg Jets,10,629,210,272,482,207,2014,48.2
767,650.0,Nick Ritchie,20.0,ANA,660.0,118.0,138.0,256.0,-62.0,676.0,95.0,23.0,0.0,17.0,104.0,34.0,0.0,1125.0,3.6,101.0,388:09,15:22,1.0,2.0,33.3,251.0,1732.0,126.0,215.0,852,1,10,F,Anaheim Ducks,8,481,84,102,186,483,2014,23.25
768,856.0,Kevin Fiala,18.0,NSH,653.0,189.0,278.0,467.0,-3.0,367.0,142.0,46.0,1.0,29.0,186.0,92.0,0.0,1695.0,0.0,3.0,11:25,18:02,0.0,0.0,0.0,182.0,388.0,346.0,450.0,853,1,11,F,Nashville Predators,11,599,186,260,446,353,2014,40.54545454545455
769,336.0,Brendan Perlini,20.0,ARI,370.0,65.0,41.0,106.0,-78.0,130.0,53.0,12.0,0.0,3.0,29.0,12.0,0.0,575.0,15.2,176.0,845:47,8:22,1.0,1.0,50.0,116.0,300.0,63.0,81.0,854,1,12,F,Arizona Coyotes,5,262,50,31,81,92,2014,16.2
770,0.0,Jakub Vrána,0.0,0,0.0,0.0,0.0,0.0,0.0,0.0,0.0,0.0,0.0,0.0,0.0,0.0,0.0,0.0,0.0,0.0,0,0,0.0,0.0,0.0,0.0,0.0,0.0,0.0,855,1,13,F,Washington Capitals,9,384,114,102,216,107,2014,24.0
772,124.0,Dylan Larkin,19.0,DET,652.0,212.0,294.0,506.0,-87.0,411.0,145.0,59.0,8.0,28.0,225.0,66.0,3.0,1952.0,10.4,390.0,1323:32,21:51,41.0,59.0,41.0,278.0,545.0,423.0,523.0,857,1,15,F,Detroit Red Wings,10,682,224,306,530,431,2014,53.0
773,792.0,Sonny Milano,19.0,CBJ,365.0,69.0,91.0,160.0,-34.0,100.0,58.0,11.0,0.0,15.0,73.0,18.0,0.0,460.0,0.0,5.0,40:08,8:19,0.0,0.0,0.0,87.0,182.0,133.0,166.0,858,1,16,F,Columbus Blue Jackets,10,313,62,75,137,74,2014,13.7
775,973.0,Alex Tuch,20.0,MIN,454.0,131.0,184.0,315.0,39.0,159.0,104.0,24.0,3.0,31.0,142.0,42.0,0.0,1148.0,0.0,15.0,64:13,19:30,0.0,0.0,0.0,322.0,464.0,380.0,219.0,860,1,18,F,Minnesota Wild,9,485,140,200,340,174,2014,37.77777777777778
777,270.0,Nick Schmaltz,20.0,CHI,546.0,129.0,256.0,385.0,-22.0,120.0,89.0,39.0,1.0,18.0,200.0,53.0,3.0,921.0,9.1,127.0,808:56,19:43,84.0,188.0,30.9,247.0,113.0,459.0,302.0,862,1,20,F,Chicago Blackhawks,9,536,127,257,384,118,2014,42.66666666666666
778,184.0,Robby Fabbri,20.0,STL,459.0,113.0,119.0,232.0,-122.0,203.0,81.0,32.0,0.0,22.0,86.0,33.0,0.0,783.0,15.8,193.0,958:41,9:42,6.0,9.0,40.0,139.0,541.0,116.0,179.0,863,1,21,F,St. Louis Blues,10,414,100,104,204,191,2014,20.4
779,890.0,Kasperi Kapanen,19.0,TOR,526.0,99.0,143.0,242.0,2.0,128.0,83.0,8.0,8.0,22.0,123.0,19.0,1.0,903.0,0.0,23.0,133:01,16:45,0.0,0.0,0.0,142.0,651.0,225.0,185.0,864,1,22,F,Pittsburgh Penguins,10,481,88,125,213,112,2014,21.3
780,0.0,Conner Bleackley,0.0,0,0.0,0.0,0.0,0.0,0.0,0.0,0.0,0.0,0.0,0.0,0.0,0.0,0.0,0.0,0.0,0.0,0,0,0.0,0.0,0.0,0.0,0.0,0.0,0.0,865,1,23,F,Colorado Avalanche,0,0,0,0,0,0,2014,0.0
781,363.0,Jared McCann,19.0,VAN,664.0,181.0,191.0,372.0,7.0,231.0,130.0,37.0,14.0,23.0,144.0,46.0,1.0,1461.0,8.5,199.0,864:01,16:46,181.0,341.0,34.7,287.0,574.0,342.0,287.0,866,1,24,F,Vancouver Canucks,10,618,173,190,363,202,2014,36.3
782,0.0,David Pastrnak,0.0,0,0.0,0.0,0.0,0.0,0.0,0.0,0.0,0.0,0.0,0.0,0.0,0.0,0.0,0.0,0.0,0.0,0,0,0.0,0.0,0.0,0.0,0.0,0.0,0.0,867,1,25,F,Boston Bruins,11,706,359,400,759,324,2014,69.0
783,788.0,Nikita Scherbak,21.0,MTL,37.0,6.0,2.0,8.0,-8.0,10.0,3.0,2.0,1.0,0.0,0.0,2.0,0.0,54.0,33.3,8.0,34:08,13:23,0.0,0.0,0.0,17.0,27.0,13.0,10.0,868,1,26,F,Montréal Canadiens,3,37,6,2,8,10,2014,2.6666666666666665
784,0.0,Nikolai Goldobin,0.0,0,0.0,0.0,0.0,0.0,0.0,0.0,0.0,0.0,0.0,0.0,0.0,0.0,0.0,0.0,0.0,0.0,0,0,0.0,0.0,0.0,0.0,0.0,0.0,0.0,869,1,27,F,San Jose Sharks,5,125,19,27,46,24,2014,9.2
785,0.0,Josh Ho-Sang,0.0,0,0.0,0.0,0.0,0.0,0.0,0.0,0.0,0.0,0.0,0.0,0.0,0.0,0.0,0.0,0.0,0.0,0,0,0.0,0.0,0.0,0.0,0.0,0.0,0.0,870,1,28,F,New York Islanders,3,53,7,17,24,20,2014,8.0
786,600.0,Adrian Kempe,20.0,LAK,549.0,159.0,169.0,328.0,3.0,335.0,118.0,29.0,12.0,27.0,96.0,69.0,4.0,1287.0,6.3,61.0,305:46,18:56,67.0,86.0,43.8,176.0,660.0,179.0,217.0,871,1,29,F,Los Angeles Kings,9,579,174,184,358,351,2014,39.77777777777778
787,650.0,John Quenneville,20.0,NJD,42.0,2.0,3.0,5.0,-4.0,6.0,1.0,1.0,0.0,1.0,2.0,1.0,0.0,56.0,4.8,35.0,164:23,13:42,0.0,0.0,0.0,17.0,61.0,11.0,14.0,872,1,30,F,New Jersey Devils,4,42,2,3,5,6,2014,1.25
788,812.0,Brendan Lemieux,21.0,WPG,464.0,54.0,57.0,111.0,-9.0,803.0,51.0,2.0,1.0,7.0,53.0,3.0,1.0,508.0,16.7,10.0,71:28,9:58,0.0,0.0,0.0,220.0,1107.0,84.0,120.0,873,2,31,F,Buffalo Sabres,7,307,36,38,74,548,2014,10.571428571428571
789,510.0,Jayce Hawryluk,23.0,FLA,124.0,15.0,22.0,37.0,-13.0,57.0,15.0,0.0,0.0,1.0,21.0,1.0,0.0,105.0,20.0,59.0,396:06,9:41,14.0,5.0,73.7,54.0,274.0,37.0,57.0,874,2,32,F,Florida Panthers,3,98,12,15,27,41,2014,9.0
790,0.0,Ivan Barbashyov,0.0,0,0.0,0.0,0.0,0.0,0.0,0.0,0.0,0.0,0.0,0.0,0.0,0.0,0.0,0.0,0.0,0.0,0,0,0.0,0.0,0.0,0.0,0.0,0.0,0.0,875,2,33,F,St. Louis Blues,9,546,118,151,269,180,2014,29.88888888888889
795,887.0,Vladislav Kamenev,20.0,NSH,66.0,3.0,10.0,13.0,-7.0,20.0,1.0,1.0,1.0,1.0,8.0,2.0,0.0,56.0,0.0,3.0,20:07,9:02,6.0,7.0,46.2,21.0,58.0,20.0,13.0,884,2,42,F,Nashville Predators,4,66,3,10,13,20,2014,3.25
796,796.0,Ryan MacInnis,23.0,CBJ,27.0,0.0,1.0,1.0,-2.0,0.0,0.0,0.0,0.0,0.0,1.0,0.0,0.0,29.0,0.0,15.0,93:31,9:58,10.0,17.0,37.0,6.0,27.0,6.0,7.0,885,2,43,F,Arizona Coyotes,3,27,0,1,1,0,2014,0.3333333333333333
797,0.0,Eric Cornel,0.0,0,0.0,0.0,0.0,0.0,0.0,0.0,0.0,0.0,0.0,0.0,0.0,0.0,0.0,0.0,0.0,0.0,0,0,0.0,0.0,0.0,0.0,0.0,0.0,0.0,886,2,44,F,Buffalo Sabres,0,0,0,0,0,0,2014,0.0
798,0.0,Brett Pollock,0.0,0,0.0,0.0,0.0,0.0,0.0,0.0,0.0,0.0,0.0,0.0,0.0,0.0,0.0,0.0,0.0,0.0,0,0,0.0,0.0,0.0,0.0,0.0,0.0,0.0,887,2,45,F,Dallas Stars,0,0,0,0,0,0,2014,0.0
801,0.0,Nicolas Aubé-Kubel,0.0,0,0.0,0.0,0.0,0.0,0.0,0.0,0.0,0.0,0.0,0.0,0.0,0.0,0.0,0.0,0.0,0.0,0,0,0.0,0.0,0.0,0.0,0.0,0.0,0.0,890,2,48,F,Philadelphia Flyers,7,296,32,48,80,198,2014,11.428571428571429
802,0.0,Vaclav Karabacek,0.0,0,0.0,0.0,0.0,0.0,0.0,0.0,0.0,0.0,0.0,0.0,0.0,0.0,0.0,0.0,0.0,0.0,0,0,0.0,0.0,0.0,0.0,0.0,0.0,0.0,891,2,49,F,Buffalo Sabres,0,0,0,0,0,0,2014,0.0
805,790.0,Maxim Letunov,23.0,SJS,3.0,1.0,0.0,1.0,0.0,0.0,1.0,0.0,0.0,0.0,0.0,0.0,0.0,3.0,33.3,4.0,27:14,9:05,3.0,3.0,50.0,1.0,0.0,2.0,1.0,894,2,52,F,St. Louis Blues,1,3,1,0,1,0,2014,1.0
806,0.0,Noah Rod,0.0,0,0.0,0.0,0.0,0.0,0.0,0.0,0.0,0.0,0.0,0.0,0.0,0.0,0.0,0.0,0.0,0.0,0,0,0.0,0.0,0.0,0.0,0.0,0.0,0.0,895,2,53,F,San Jose Sharks,0,0,0,0,0,0,2014,0.0
807,0.0,Hunter Smith,0.0,0,0.0,0.0,0.0,0.0,0.0,0.0,0.0,0.0,0.0,0.0,0.0,0.0,0.0,0.0,0.0,0.0,0,0,0.0,0.0,0.0,0.0,0.0,0.0,0.0,896,2,54,F,Calgary Flames,0,0,0,0,0,0,2014,0.0
809,564.0,Ryan Donato,21.0,BOS,459.0,87.0,103.0,190.0,-44.0,148.0,75.0,12.0,0.0,6.0,81.0,22.0,0.0,931.0,20.8,42.0,176:21,15:33,12.0,4.0,75.0,132.0,400.0,229.0,135.0,898,2,56,F,Boston Bruins,8,432,87,95,182,150,2014,22.75
811,221.0,Christian Dvorak,20.0,ARI,452.0,93.0,123.0,216.0,-55.0,104.0,70.0,21.0,2.0,12.0,101.0,22.0,0.0,703.0,17.0,164.0,1218:06,18:24,471.0,535.0,46.8,329.0,328.0,133.0,175.0,900,2,58,F,Arizona Coyotes,9,482,95,130,225,106,2014,25.0
813,973.0,Justin Kirkland,26.0,ANA,9.0,0.0,0.0,0.0,-3.0,0.0,0.0,0.0,0.0,0.0,0.0,0.0,0.0,6.0,0.0,14.0,50:30,7:14,2.0,1.0,66.7,4.0,13.0,0.0,1.0,904,3,62,F,Nashville Predators,3,30,2,6,8,11,2014,2.6666666666666665
814,977.0,Dominic Turgeon,21.0,DET,9.0,0.0,0.0,0.0,-5.0,2.0,0.0,0.0,0.0,0.0,0.0,0.0,0.0,5.0,0.0,5.0,46:10,9:14,7.0,14.0,33.3,11.0,6.0,4.0,2.0,905,3,63,F,Detroit Red Wings,2,9,0,0,0,2,2014,0.0
816,630.0,Juho Lammikko,23.0,FLA,159.0,11.0,15.0,26.0,-21.0,30.0,10.0,0.0,1.0,2.0,14.0,0.0,1.0,149.0,0.0,74.0,437:16,12:17,142.0,190.0,42.8,83.0,188.0,36.0,33.0,907,3,65,F,Florida Panthers,3,159,11,15,26,30,2014,8.666666666666666
818,703.0,Warren Foegele,21.0,CAR,431.0,80.0,83.0,163.0,0.0,173.0,72.0,3.0,5.0,14.0,81.0,1.0,1.0,801.0,33.3,8.0,23:51,14:09,0.0,0.0,0.0,118.0,567.0,225.0,181.0,909,3,67,F,Carolina Hurricanes,8,461,88,90,178,179,2014,22.25
822,0.0,Connor Chatham,0.0,0,0.0,0.0,0.0,0.0,0.0,0.0,0.0,0.0,0.0,0.0,0.0,0.0,0.0,0.0,0.0,0.0,0,0,0.0,0.0,0.0,0.0,0.0,0.0,0.0,913,3,71,F,New Jersey Devils,0,0,0,0,0,0,2014,0.0
823,0.0,Alex Schoenborn,0.0,0,0.0,0.0,0.0,0.0,0.0,0.0,0.0,0.0,0.0,0.0,0.0,0.0,0.0,0.0,0.0,0.0,0,0,0.0,0.0,0.0,0.0,0.0,0.0,0.0,914,3,72,F,San Jose Sharks,0,0,0,0,0,0,2014,0.0
828,162.0,Brayden Point,20.0,TBL,580.0,264.0,289.0,553.0,60.0,142.0,172.0,89.0,3.0,56.0,206.0,81.0,2.0,1440.0,14.8,214.0,1164:58,20:02,238.0,294.0,44.7,287.0,271.0,298.0,201.0,921,3,79,F,Tampa Bay Lightning,9,604,284,305,589,144,2014,65.44444444444444
830,0.0,Dylan Sadowy,0.0,0,0.0,0.0,0.0,0.0,0.0,0.0,0.0,0.0,0.0,0.0,0.0,0.0,0.0,0.0,0.0,0.0,0,0,0.0,0.0,0.0,0.0,0.0,0.0,0.0,923,3,81,F,San Jose Sharks,0,0,0,0,0,0,2014,0.0
832,0.0,Matt Iacopelli,0.0,0,0.0,0.0,0.0,0.0,0.0,0.0,0.0,0.0,0.0,0.0,0.0,0.0,0.0,0.0,0.0,0.0,0,0,0.0,0.0,0.0,0.0,0.0,0.0,0.0,925,3,83,F,Chicago Blackhawks,0,0,0,0,0,0,2014,0.0
834,0.0,Keegan Iverson,0.0,0,0.0,0.0,0.0,0.0,0.0,0.0,0.0,0.0,0.0,0.0,0.0,0.0,0.0,0.0,0.0,0.0,0,0,0.0,0.0,0.0,0.0,0.0,0.0,0.0,927,3,85,F,New York Rangers,0,0,0,0,0,0,2014,0.0
836,0.0,Anton Karlsson,0.0,0,0.0,0.0,0.0,0.0,0.0,0.0,0.0,0.0,0.0,0.0,0.0,0.0,0.0,0.0,0.0,0.0,0,0,0.0,0.0,0.0,0.0,0.0,0.0,0.0,929,3,87,F,Arizona Coyotes,0,0,0,0,0,0,2014,0.0
837,0.0,Beau Starrett,0.0,0,0.0,0.0,0.0,0.0,0.0,0.0,0.0,0.0,0.0,0.0,0.0,0.0,0.0,0.0,0.0,0.0,0,0,0.0,0.0,0.0,0.0,0.0,0.0,0.0,930,3,88,F,Chicago Blackhawks,0,0,0,0,0,0,2014,0.0
838,843.0,Nathan Walker,23.0,2TM,165.0,21.0,20.0,41.0,5.0,65.0,21.0,0.0,0.0,3.0,20.0,0.0,0.0,154.0,16.7,11.0,85:01,9:27,0.0,0.0,0.0,101.0,300.0,29.0,21.0,931,3,89,F,Washington Capitals,8,182,23,22,45,74,2014,5.625
839,581.0,Michael Amadio,21.0,LAK,450.0,68.0,65.0,133.0,-12.0,90.0,63.0,5.0,0.0,8.0,55.0,10.0,0.0,556.0,14.3,58.0,344:31,9:19,74.0,96.0,43.5,169.0,259.0,188.0,120.0,932,3,90,F,Los Angeles Kings,8,399,59,61,120,83,2014,15.0
841,0.0,Joe Wegwerth,0.0,0,0.0,0.0,0.0,0.0,0.0,0.0,0.0,0.0,0.0,0.0,0.0,0.0,0.0,0.0,0.0,0.0,0,0,0.0,0.0,0.0,0.0,0.0,0.0,0.0,934,4,92,F,Florida Panthers,0,0,0,0,0,0,2014,0.0
842,0.0,Nick Magyar,0.0,0,0.0,0.0,0.0,0.0,0.0,0.0,0.0,0.0,0.0,0.0,0.0,0.0,0.0,0.0,0.0,0.0,0,0,0.0,0.0,0.0,0.0,0.0,0.0,0.0,935,4,93,F,Colorado Avalanche,0,0,0,0,0,0,2014,0.0
844,727.0,Lucas Wallmark,21.0,CAR,274.0,35.0,52.0,87.0,-19.0,88.0,27.0,8.0,0.0,4.0,33.0,15.0,4.0,348.0,0.0,19.0,86:56,9:30,31.0,27.0,53.4,107.0,273.0,94.0,81.0,939,4,97,F,Carolina Hurricanes,5,187,23,36,59,64,2014,11.8
845,693.0,Fredrik Olofsson,26.0,DAL,85.0,4.0,9.0,13.0,-5.0,10.0,4.0,0.0,0.0,2.0,9.0,0.0,0.0,79.0,2.9,58.0,285:45,9:45,3.0,5.0,37.5,37.0,77.0,24.0,8.0,940,4,98,F,Chicago Blackhawks,2,85,4,9,13,10,2014,6.5
846,852.0,Chase De Leo,20.0,WPG,7.0,0.0,0.0,0.0,-1.0,0.0,0.0,0.0,0.0,0.0,0.0,0.0,0.0,10.0,0.0,2.0,18:50,9:25,1.0,0.0,100.0,0.0,8.0,1.0,0.0,941,4,99,F,Winnipeg Jets,5,7,0,0,0,0,2014,0.0
847,0.0,Shane Eiserman,0.0,0,0.0,0.0,0.0,0.0,0.0,0.0,0.0,0.0,0.0,0.0,0.0,0.0,0.0,0.0,0.0,0.0,0,0,0.0,0.0,0.0,0.0,0.0,0.0,0.0,942,4,100,F,Ottawa Senators,0,0,0,0,0,0,2014,0.0
850,0.0,J.J. Piccinich,0.0,0,0.0,0.0,0.0,0.0,0.0,0.0,0.0,0.0,0.0,0.0,0.0,0.0,0.0,0.0,0.0,0.0,0,0,0.0,0.0,0.0,0.0,0.0,0.0,0.0,945,4,103,F,Toronto Maple Leafs,0,0,0,0,0,0,2014,0.0
853,565.0,Christoffer Ehn,22.0,DET,114.0,5.0,8.0,13.0,-26.0,8.0,4.0,0.0,1.0,1.0,8.0,0.0,0.0,85.0,6.1,92.0,636:51,10:37,84.0,93.0,47.5,57.0,129.0,16.0,27.0,948,4,106,F,Detroit Red Wings,2,114,5,8,13,8,2014,6.5
854,0.0,Julien Pelletier,0.0,0,0.0,0.0,0.0,0.0,0.0,0.0,0.0,0.0,0.0,0.0,0.0,0.0,0.0,0.0,0.0,0.0,0,0,0.0,0.0,0.0,0.0,0.0,0.0,0.0,949,4,107,F,Columbus Blue Jackets,0,0,0,0,0,0,2014,0.0
856,927.0,Austin Poganski,23.0,STL,22.0,0.0,0.0,0.0,-4.0,7.0,0.0,0.0,0.0,0.0,0.0,0.0,0.0,9.0,0.0,0.0,5:54,9:19,0.0,0.0,0.0,7.0,31.0,3.0,3.0,952,4,110,F,St. Louis Blues,3,22,0,0,0,7,2014,0.0
857,813.0,Viktor Arvidsson,21.0,NSH,546.0,179.0,183.0,362.0,46.0,232.0,136.0,32.0,11.0,31.0,141.0,39.0,3.0,1628.0,0.0,18.0,61:32,19:09,0.0,0.0,0.0,328.0,199.0,211.0,221.0,954,4,112,F,Nashville Predators,11,562,181,186,367,238,2014,33.36363636363637
858,449.0,Sam Lafferty,24.0,PIT,415.0,53.0,70.0,123.0,-51.0,228.0,44.0,0.0,9.0,8.0,68.0,0.0,2.0,531.0,10.7,85.0,481:02,9:47,117.0,119.0,49.6,178.0,899.0,141.0,143.0,955,4,113,F,Pittsburgh Penguins,6,311,37,47,84,164,2014,14.0
859,0.0,Alexis Pépin,0.0,0,0.0,0.0,0.0,0.0,0.0,0.0,0.0,0.0,0.0,0.0,0.0,0.0,0.0,0.0,0.0,0.0,0,0,0.0,0.0,0.0,0.0,0.0,0.0,0.0,956,4,114,F,Colorado Avalanche,0,0,0,0,0,0,2014,0.0
860,873.0,Danton Heinen,21.0,BOS,554.0,97.0,141.0,238.0,24.0,110.0,80.0,15.0,2.0,16.0,117.0,24.0,0.0,903.0,0.0,12.0,105:52,16:21,0.0,0.0,0.0,274.0,432.0,244.0,194.0,958,4,116,F,Boston Bruins,9,516,91,132,223,106,2014,24.77777777777778
861,774.0,Michael Bunting,23.0,ARI,349.0,95.0,141.0,236.0,9.0,311.0,69.0,26.0,0.0,13.0,107.0,34.0,0.0,728.0,20.0,11.0,47:47,9:33,0.0,0.0,0.0,83.0,302.0,170.0,160.0,959,4,117,F,Arizona Coyotes,6,299,83,112,195,274,2014,32.5
864,0.0,Max Willman,0.0,0,0.0,0.0,0.0,0.0,0.0,0.0,0.0,0.0,0.0,0.0,0.0,0.0,0.0,0.0,0.0,0.0,0,0,0.0,0.0,0.0,0.0,0.0,0.0,0.0,963,5,121,F,Buffalo Sabres,3,68,7,3,10,22,2014,3.333333333333333
865,0.0,Richard Nejezchleb,0.0,0,0.0,0.0,0.0,0.0,0.0,0.0,0.0,0.0,0.0,0.0,0.0,0.0,0.0,0.0,0.0,0.0,0,0,0.0,0.0,0.0,0.0,0.0,0.0,0.0,964,5,122,F,New York Rangers,0,0,0,0,0,0,2014,0.0
867,0.0,Jaedon Descheneau,0.0,0,0.0,0.0,0.0,0.0,0.0,0.0,0.0,0.0,0.0,0.0,0.0,0.0,0.0,0.0,0.0,0.0,0,0,0.0,0.0,0.0,0.0,0.0,0.0,0.0,966,5,124,F,St. Louis Blues,0,0,0,0,0,0,2014,0.0
870,698.0,Clark Bishop,22.0,CAR,47.0,1.0,7.0,8.0,-6.0,20.0,1.0,0.0,0.0,0.0,7.0,0.0,0.0,44.0,6.3,37.0,189:08,9:28,69.0,78.0,46.9,16.0,79.0,9.0,14.0,969,5,127,F,Carolina Hurricanes,4,47,1,7,8,20,2014,2.0
871,780.0,Dakota Joshua,24.0,STL,184.0,33.0,31.0,64.0,6.0,143.0,30.0,2.0,1.0,9.0,31.0,0.0,0.0,195.0,11.1,11.0,107:37,8:58,37.0,27.0,57.8,82.0,567.0,69.0,46.0,970,5,128,F,Toronto Maple Leafs,5,199,34,33,67,156,2014,13.4
872,951.0,C.J. Suess,25.0,WPG,5.0,0.0,0.0,0.0,-2.0,4.0,0.0,0.0,0.0,0.0,0.0,0.0,0.0,0.0,0.0,1.0,6:26,6:26,1.0,3.0,25.0,5.0,4.0,1.0,0.0,971,5,129,F,Winnipeg Jets,3,5,0,0,0,4,2014,0.0
873,0.0,Liam Coughlin,0.0,0,0.0,0.0,0.0,0.0,0.0,0.0,0.0,0.0,0.0,0.0,0.0,0.0,0.0,0.0,0.0,0.0,0,0,0.0,0.0,0.0,0.0,0.0,0.0,0.0,972,5,130,F,Edmonton Oilers,0,0,0,0,0,0,2014,0.0
877,796.0,Shane Gersich,21.0,WSH,3.0,0.0,1.0,1.0,-1.0,0.0,0.0,0.0,0.0,0.0,1.0,0.0,0.0,4.0,0.0,6.0,27:03,9:01,0.0,0.0,0.0,2.0,0.0,3.0,0.0,976,5,134,F,Washington Capitals,1,3,0,1,1,0,2014,1.0
879,0.0,Tyler Bird,0.0,0,0.0,0.0,0.0,0.0,0.0,0.0,0.0,0.0,0.0,0.0,0.0,0.0,0.0,0.0,0.0,0.0,0,0,0.0,0.0,0.0,0.0,0.0,0.0,0.0,979,5,137,F,Columbus Blue Jackets,0,0,0,0,0,0,2014,0.0
880,636.0,Oskar Lindblom,21.0,PHI,337.0,56.0,56.0,112.0,-38.0,81.0,51.0,5.0,0.0,5.0,51.0,5.0,0.0,530.0,5.6,64.0,335:28,17:37,0.0,0.0,0.0,178.0,317.0,89.0,86.0,980,5,138,F,Philadelphia Flyers,7,337,56,56,112,81,2014,16.0
882,1003.0,Daniel Walcott,26.0,TBL,1.0,0.0,0.0,0.0,-1.0,5.0,0.0,0.0,0.0,0.0,0.0,0.0,0.0,1.0,0.0,1.0,10:03,10:03,0.0,1.0,0.0,0.0,7.0,1.0,0.0,982,5,140,F,New York Rangers,1,1,0,0,0,5,2014,0.0
885,0.0,Miguel Fidler,0.0,0,0.0,0.0,0.0,0.0,0.0,0.0,0.0,0.0,0.0,0.0,0.0,0.0,0.0,0.0,0.0,0.0,0,0,0.0,0.0,0.0,0.0,0.0,0.0,0.0,985,5,143,F,Florida Panthers,0,0,0,0,0,0,2014,0.0
887,747.0,Anthony Angello,23.0,PIT,31.0,3.0,2.0,5.0,3.0,14.0,2.0,1.0,0.0,0.0,2.0,0.0,0.0,26.0,20.0,7.0,45:45,7:59,0.0,1.0,0.0,7.0,77.0,2.0,1.0,987,5,145,F,Pittsburgh Penguins,3,31,3,2,5,14,2014,1.6666666666666667
888,504.0,Anders Bjork,21.0,BOS,284.0,33.0,47.0,80.0,-26.0,60.0,30.0,3.0,0.0,0.0,44.0,1.0,2.0,277.0,13.3,74.0,370:25,9:38,1.0,1.0,50.0,94.0,194.0,126.0,91.0,988,5,146,F,Boston Bruins,6,225,26,35,61,44,2014,10.166666666666666
889,0.0,Daniel Audette,0.0,0,0.0,0.0,0.0,0.0,0.0,0.0,0.0,0.0,0.0,0.0,0.0,0.0,0.0,0.0,0.0,0.0,0,0,0.0,0.0,0.0,0.0,0.0,0.0,0.0,989,5,147,F,Montréal Canadiens,0,0,0,0,0,0,2014,0.0
891,778.0,Rourke Chartier,22.0,SJS,56.0,3.0,1.0,4.0,-9.0,16.0,3.0,0.0,0.0,1.0,1.0,0.0,0.0,67.0,5.3,33.0,122:14,9:24,34.0,51.0,40.0,17.0,56.0,9.0,15.0,991,5,149,F,San Jose Sharks,3,56,3,1,4,16,2014,1.3333333333333333
892,0.0,Christopher Brown,0.0,0,0.0,0.0,0.0,0.0,0.0,0.0,0.0,0.0,0.0,0.0,0.0,0.0,0.0,0.0,0.0,0.0,0,0,0.0,0.0,0.0,0.0,0.0,0.0,0.0,993,6,151,F,Buffalo Sabres,0,0,0,0,0,0,2014,0.0
893,0.0,J.D. Dudek,0.0,0,0.0,0.0,0.0,0.0,0.0,0.0,0.0,0.0,0.0,0.0,0.0,0.0,0.0,0.0,0.0,0.0,0,0,0.0,0.0,0.0,0.0,0.0,0.0,0.0,994,6,152,F,New Jersey Devils,0,0,0,0,0,0,2014,0.0
894,0.0,Tyler Vesel,0.0,0,0.0,0.0,0.0,0.0,0.0,0.0,0.0,0.0,0.0,0.0,0.0,0.0,0.0,0.0,0.0,0.0,0,0,0.0,0.0,0.0,0.0,0.0,0.0,0.0,995,6,153,F,Edmonton Oilers,0,0,0,0,0,0,2014,0.0
896,0.0,Kyle Schempp,0.0,0,0.0,0.0,0.0,0.0,0.0,0.0,0.0,0.0,0.0,0.0,0.0,0.0,0.0,0.0,0.0,0.0,0,0,0.0,0.0,0.0,0.0,0.0,0.0,0.0,997,6,155,F,New York Islanders,0,0,0,0,0,0,2014,0.0
897,0.0,Kyle Pettit,0.0,0,0.0,0.0,0.0,0.0,0.0,0.0,0.0,0.0,0.0,0.0,0.0,0.0,0.0,0.0,0.0,0.0,0,0,0.0,0.0,0.0,0.0,0.0,0.0,0.0,998,6,156,F,Vancouver Canucks,0,0,0,0,0,0,2014,0.0
898,0.0,Jake Marchment,0.0,0,0.0,0.0,0.0,0.0,0.0,0.0,0.0,0.0,0.0,0.0,0.0,0.0,0.0,0.0,0.0,0.0,0,0,0.0,0.0,0.0,0.0,0.0,0.0,0.0,999,6,157,F,Los Angeles Kings,0,0,0,0,0,0,2014,0.0
899,0.0,Nolan Vesey,0.0,0,0.0,0.0,0.0,0.0,0.0,0.0,0.0,0.0,0.0,0.0,0.0,0.0,0.0,0.0,0.0,0.0,0,0,0.0,0.0,0.0,0.0,0.0,0.0,0.0,1000,6,158,F,Toronto Maple Leafs,0,0,0,0,0,0,2014,0.0
900,0.0,Steven Spinner,0.0,0,0.0,0.0,0.0,0.0,0.0,0.0,0.0,0.0,0.0,0.0,0.0,0.0,0.0,0.0,0.0,0.0,0,0,0.0,0.0,0.0,0.0,0.0,0.0,0.0,1001,6,159,F,Washington Capitals,0,0,0,0,0,0,2014,0.0
902,918.0,Brandon Baddock,26.0,MTL,1.0,0.0,0.0,0.0,0.0,0.0,0.0,0.0,0.0,0.0,0.0,0.0,0.0,0.0,0.0,0.0,8:24,8:24,0.0,0.0,0.0,0.0,6.0,0.0,0.0,1003,6,161,F,New Jersey Devils,1,1,0,0,0,0,2014,0.0
905,0.0,Pavel Kraskovsky,0.0,0,0.0,0.0,0.0,0.0,0.0,0.0,0.0,0.0,0.0,0.0,0.0,0.0,0.0,0.0,0.0,0.0,0,0,0.0,0.0,0.0,0.0,0.0,0.0,0.0,1006,6,164,F,Winnipeg Jets,0,0,0,0,0,0,2014,0.0
907,0.0,Julius Vähätalo,0.0,0,0.0,0.0,0.0,0.0,0.0,0.0,0.0,0.0,0.0,0.0,0.0,0.0,0.0,0.0,0.0,0.0,0,0,0.0,0.0,0.0,0.0,0.0,0.0,0.0,1008,6,166,F,Detroit Red Wings,0,0,0,0,0,0,2014,0.0
908,0.0,Chase Lang,0.0,0,0.0,0.0,0.0,0.0,0.0,0.0,0.0,0.0,0.0,0.0,0.0,0.0,0.0,0.0,0.0,0.0,0,0,0.0,0.0,0.0,0.0,0.0,0.0,0.0,1009,6,167,F,Minnesota Wild,0,0,0,0,0,0,2014,0.0
909,0.0,Radel Fazleyev,0.0,0,0.0,0.0,0.0,0.0,0.0,0.0,0.0,0.0,0.0,0.0,0.0,0.0,0.0,0.0,0.0,0.0,0,0,0.0,0.0,0.0,0.0,0.0,0.0,0.0,1010,6,168,F,Philadelphia Flyers,0,0,0,0,0,0,2014,0.0
910,0.0,Reid Duke,0.0,0,0.0,0.0,0.0,0.0,0.0,0.0,0.0,0.0,0.0,0.0,0.0,0.0,0.0,0.0,0.0,0.0,0,0,0.0,0.0,0.0,0.0,0.0,0.0,0.0,1011,6,169,F,Minnesota Wild,0,0,0,0,0,0,2014,0.0
911,0.0,Cristiano DiGiacinto,0.0,0,0.0,0.0,0.0,0.0,0.0,0.0,0.0,0.0,0.0,0.0,0.0,0.0,0.0,0.0,0.0,0.0,0,0,0.0,0.0,0.0,0.0,0.0,0.0,0.0,1012,6,170,F,Tampa Bay Lightning,0,0,0,0,0,0,2014,0.0
912,345.0,Kevin Labanc,21.0,SJS,478.0,82.0,143.0,225.0,-88.0,217.0,69.0,13.0,0.0,15.0,95.0,48.0,0.0,886.0,11.4,149.0,752:19,16:25,2.0,2.0,50.0,146.0,382.0,164.0,206.0,1013,6,171,F,San Jose Sharks,9,504,84,153,237,227,2014,26.33333333333333
913,0.0,C.J. Yakimowicz,0.0,0,0.0,0.0,0.0,0.0,0.0,0.0,0.0,0.0,0.0,0.0,0.0,0.0,0.0,0.0,0.0,0.0,0,0,0.0,0.0,0.0,0.0,0.0,0.0,0.0,1014,6,172,F,St. Louis Blues,0,0,0,0,0,0,2014,0.0
914,0.0,Jaden Lindo,0.0,0,0.0,0.0,0.0,0.0,0.0,0.0,0.0,0.0,0.0,0.0,0.0,0.0,0.0,0.0,0.0,0.0,0,0,0.0,0.0,0.0,0.0,0.0,0.0,0.0,1015,6,173,F,Pittsburgh Penguins,0,0,0,0,0,0,2014,0.0
916,696.0,Sammy Blais,21.0,STL,328.0,36.0,60.0,96.0,-2.0,152.0,35.0,1.0,0.0,5.0,58.0,2.0,0.0,313.0,11.1,20.0,118:30,9:51,0.0,0.0,0.0,136.0,1073.0,82.0,110.0,1018,6,176,F,St. Louis Blues,7,257,27,44,71,122,2014,10.142857142857142
917,728.0,Dylan Sikura,22.0,CHI,58.0,3.0,14.0,17.0,5.0,0.0,3.0,0.0,0.0,0.0,14.0,0.0,0.0,82.0,0.0,15.0,67:00,9:57,0.0,1.0,0.0,18.0,6.0,35.0,7.0,1020,6,178,F,Chicago Blackhawks,5,58,3,14,17,0,2014,3.4
918,0.0,Matt Mistele,0.0,0,0.0,0.0,0.0,0.0,0.0,0.0,0.0,0.0,0.0,0.0,0.0,0.0,0.0,0.0,0.0,0.0,0,0,0.0,0.0,0.0,0.0,0.0,0.0,0.0,1022,6,180,F,Los Angeles Kings,0,0,0,0,0,0,2014,0.0
919,689.0,Victor Olofsson,23.0,BUF,314.0,90.0,92.0,182.0,-63.0,28.0,55.0,35.0,0.0,16.0,65.0,26.0,1.0,668.0,9.5,39.0,108:06,18:23,0.0,0.0,0.0,71.0,77.0,94.0,102.0,1023,7,181,F,Buffalo Sabres,7,325,97,94,191,30,2014,27.285714285714285
920,0.0,Austin Carroll,0.0,0,0.0,0.0,0.0,0.0,0.0,0.0,0.0,0.0,0.0,0.0,0.0,0.0,0.0,0.0,0.0,0.0,0,0,0.0,0.0,0.0,0.0,0.0,0.0,0.0,1026,7,184,F,Calgary Flames,0,0,0,0,0,0,2014,0.0
921,0.0,Cam Darcy,0.0,0,0.0,0.0,0.0,0.0,0.0,0.0,0.0,0.0,0.0,0.0,0.0,0.0,0.0,0.0,0.0,0.0,0,0,0.0,0.0,0.0,0.0,0.0,0.0,0.0,1027,7,185,F,Tampa Bay Lightning,0,0,0,0,0,0,2014,0.0
924,415.0,Pierre Engvall,23.0,TOR,394.0,74.0,76.0,150.0,39.0,132.0,66.0,5.0,3.0,16.0,63.0,11.0,2.0,677.0,11.1,135.0,572:49,15:20,41.0,64.0,39.0,67.0,260.0,125.0,196.0,1030,7,188,F,Toronto Maple Leafs,6,339,60,67,127,111,2014,21.166666666666668
926,0.0,Francis Perron,0.0,0,0.0,0.0,0.0,0.0,0.0,0.0,0.0,0.0,0.0,0.0,0.0,0.0,0.0,0.0,0.0,0.0,0,0,0.0,0.0,0.0,0.0,0.0,0.0,0.0,1032,7,190,F,Ottawa Senators,0,0,0,0,0,0,2014,0.0
927,0.0,Jared Fiegl,0.0,0,0.0,0.0,0.0,0.0,0.0,0.0,0.0,0.0,0.0,0.0,0.0,0.0,0.0,0.0,0.0,0.0,0,0,0.0,0.0,0.0,0.0,0.0,0.0,0.0,1033,7,191,F,Arizona Coyotes,0,0,0,0,0,0,2014,0.0
928,0.0,Matt Ustaski,0.0,0,0.0,0.0,0.0,0.0,0.0,0.0,0.0,0.0,0.0,0.0,0.0,0.0,0.0,0.0,0.0,0.0,0,0,0.0,0.0,0.0,0.0,0.0,0.0,0.0,1034,7,192,F,Winnipeg Jets,0,0,0,0,0,0,2014,0.0
929,0.0,Edgars Kulda,0.0,0,0.0,0.0,0.0,0.0,0.0,0.0,0.0,0.0,0.0,0.0,0.0,0.0,0.0,0.0,0.0,0.0,0,0,0.0,0.0,0.0,0.0,0.0,0.0,0.0,1035,7,193,F,Arizona Coyotes,0,0,0,0,0,0,2014,0.0
930,0.0,Kevin Elgestål,0.0,0,0.0,0.0,0.0,0.0,0.0,0.0,0.0,0.0,0.0,0.0,0.0,0.0,0.0,0.0,0.0,0.0,0,0,0.0,0.0,0.0,0.0,0.0,0.0,0.0,1036,7,194,F,Washington Capitals,0,0,0,0,0,0,2014,0.0
932,0.0,Axel Holmström,0.0,0,0.0,0.0,0.0,0.0,0.0,0.0,0.0,0.0,0.0,0.0,0.0,0.0,0.0,0.0,0.0,0.0,0,0,0.0,0.0,0.0,0.0,0.0,0.0,0.0,1038,7,196,F,Detroit Red Wings,0,0,0,0,0,0,2014,0.0
935,0.0,Pavel Jenys,0.0,0,0.0,0.0,0.0,0.0,0.0,0.0,0.0,0.0,0.0,0.0,0.0,0.0,0.0,0.0,0.0,0.0,0,0,0.0,0.0,0.0,0.0,0.0,0.0,0.0,1041,7,199,F,Minnesota Wild,0,0,0,0,0,0,2014,0.0
936,0.0,Lukas Sutter,0.0,0,0.0,0.0,0.0,0.0,0.0,0.0,0.0,0.0,0.0,0.0,0.0,0.0,0.0,0.0,0.0,0.0,0,0,0.0,0.0,0.0,0.0,0.0,0.0,0.0,1042,7,200,F,New York Islanders,0,0,0,0,0,0,2014,0.0
937,0.0,Alexander Kadeikin,0.0,0,0.0,0.0,0.0,0.0,0.0,0.0,0.0,0.0,0.0,0.0,0.0,0.0,0.0,0.0,0.0,0.0,0,0,0.0,0.0,0.0,0.0,0.0,0.0,0.0,1043,7,201,F,Detroit Red Wings,0,0,0,0,0,0,2014,0.0
938,0.0,Dwyer Tschantz,0.0,0,0.0,0.0,0.0,0.0,0.0,0.0,0.0,0.0,0.0,0.0,0.0,0.0,0.0,0.0,0.0,0.0,0,0,0.0,0.0,0.0,0.0,0.0,0.0,0.0,1044,7,202,F,St. Louis Blues,0,0,0,0,0,0,2014,0.0
940,0.0,Julien Nantel,0.0,0,0.0,0.0,0.0,0.0,0.0,0.0,0.0,0.0,0.0,0.0,0.0,0.0,0.0,0.0,0.0,0.0,0,0,0.0,0.0,0.0,0.0,0.0,0.0,0.0,1046,7,204,F,Colorado Avalanche,0,0,0,0,0,0,2014,0.0
941,0.0,Ondrej Kase,0.0,0,0.0,0.0,0.0,0.0,0.0,0.0,0.0,0.0,0.0,0.0,0.0,0.0,0.0,0.0,0.0,0.0,0,0,0.0,0.0,0.0,0.0,0.0,0.0,0.0,1047,7,205,F,Anaheim Ducks,7,258,57,67,124,62,2014,17.714285714285715
943,679.0,Jake Evans,23.0,MTL,268.0,27.0,65.0,92.0,-8.0,103.0,24.0,1.0,2.0,1.0,61.0,0.0,4.0,329.0,14.3,25.0,134:35,16:01,29.0,27.0,51.8,174.0,296.0,102.0,111.0,1049,7,207,F,Montréal Canadiens,6,298,32,75,107,109,2014,17.833333333333332
945,0.0,Spencer Watson,0.0,0,0.0,0.0,0.0,0.0,0.0,0.0,0.0,0.0,0.0,0.0,0.0,0.0,0.0,0.0,0.0,0.0,0,0,0.0,0.0,0.0,0.0,0.0,0.0,0.0,1051,7,209,F,Los Angeles Kings,0,0,0,0,0,0,2014,0.0
947,107.0,Connor McDavid,19.0,EDM,645.0,335.0,647.0,982.0,149.0,249.0,249.0,78.0,8.0,69.0,383.0,255.0,9.0,2211.0,15.2,156.0,849:42,22:50,249.0,355.0,41.2,262.0,493.0,631.0,578.0,1053,1,1,F,Edmonton Oilers,10,673,349,677,1026,257,2015,102.6
948,58.0,Jack Eichel,19.0,BUF,539.0,211.0,303.0,514.0,-36.0,185.0,153.0,57.0,1.0,36.0,184.0,114.0,5.0,1958.0,10.1,434.0,1548:51,22:06,402.0,578.0,41.0,355.0,381.0,337.0,435.0,1054,1,2,F,Buffalo Sabres,10,570,220,336,556,191,2015,55.6
949,796.0,Dylan Strome,19.0,ARI,514.0,137.0,222.0,359.0,-55.0,152.0,104.0,33.0,0.0,18.0,148.0,74.0,0.0,943.0,0.0,16.0,95:47,17:57,31.0,46.0,40.3,291.0,110.0,289.0,215.0,1055,1,3,F,Arizona Coyotes,9,466,128,212,340,142,2015,37.77777777777778
950,0.0,Mitchell Marner,0.0,0,0.0,0.0,0.0,0.0,0.0,0.0,0.0,0.0,0.0,0.0,0.0,0.0,0.0,0.0,0.0,0.0,0,0,0.0,0.0,0.0,0.0,0.0,0.0,0.0,1056,1,4,F,Toronto Maple Leafs,9,607,204,476,680,190,2015,75.55555555555556
952,736.0,Pavel Zacha,18.0,NJD,546.0,111.0,184.0,295.0,-28.0,144.0,74.0,32.0,5.0,19.0,138.0,42.0,4.0,924.0,0.0,4.0,16:51,18:06,3.0,6.0,33.3,172.0,550.0,230.0,262.0,1058,1,6,F,New Jersey Devils,10,578,119,192,311,155,2015,31.1
955,603.0,Timo Meier,20.0,SJS,619.0,231.0,217.0,448.0,-86.0,365.0,162.0,69.0,0.0,31.0,171.0,45.0,1.0,2086.0,3.5,156.0,424:06,19:59,1.0,4.0,20.0,332.0,1079.0,381.0,374.0,1061,1,9,F,San Jose Sharks,9,573,201,203,404,351,2015,44.888888888888886
956,941.0,Mikko Rantanen,19.0,COL,570.0,262.0,355.0,617.0,78.0,348.0,170.0,92.0,0.0,41.0,219.0,136.0,0.0,1628.0,0.0,17.0,80:37,8:57,13.0,11.0,54.2,301.0,362.0,352.0,267.0,1062,1,10,F,Colorado Avalanche,10,602,280,383,663,368,2015,66.3
957,473.0,Lawson Crouse,19.0,ARI,504.0,103.0,94.0,197.0,-50.0,324.0,82.0,16.0,5.0,15.0,82.0,11.0,1.0,860.0,6.0,155.0,855:58,17:45,1.0,1.0,50.0,289.0,1383.0,186.0,147.0,1063,1,11,F,Florida Panthers,9,534,107,97,204,344,2015,22.666666666666668
958,0.0,Denis Guryanov,0.0,0,0.0,0.0,0.0,0.0,0.0,0.0,0.0,0.0,0.0,0.0,0.0,0.0,0.0,0.0,0.0,0.0,0,0,0.0,0.0,0.0,0.0,0.0,0.0,0.0,1064,1,12,F,Dallas Stars,7,298,52,61,113,60,2015,16.142857142857142
960,159.0,Jake DeBrusk,21.0,BOS,465.0,138.0,128.0,266.0,51.0,101.0,106.0,30.0,2.0,32.0,96.0,31.0,1.0,1110.0,11.2,246.0,1005:59,16:50,13.0,17.0,43.3,180.0,437.0,222.0,149.0,1066,1,14,F,Boston Bruins,8,494,152,137,289,111,2015,36.125
961,0.0,Zach Senyshyn,0.0,0,0.0,0.0,0.0,0.0,0.0,0.0,0.0,0.0,0.0,0.0,0.0,0.0,0.0,0.0,0.0,0.0,0,0,0.0,0.0,0.0,0.0,0.0,0.0,0.0,1067,1,15,F,Boston Bruins,4,16,1,2,3,4,2015,0.75
962,810.0,Mathew Barzal,19.0,NYI,500.0,128.0,314.0,442.0,0.0,248.0,105.0,23.0,0.0,20.0,208.0,106.0,0.0,1194.0,0.0,0.0,19:30,9:45,6.0,7.0,46.2,246.0,206.0,405.0,593.0,1068,1,16,F,New York Islanders,9,511,130,317,447,250,2015,49.66666666666666
963,617.0,Kyle Connor,20.0,WPG,531.0,243.0,242.0,485.0,-26.0,114.0,180.0,58.0,5.0,52.0,161.0,80.0,1.0,1659.0,8.3,41.0,244:25,21:47,1.0,1.0,50.0,156.0,153.0,333.0,261.0,1069,1,17,F,Winnipeg Jets,9,563,260,263,523,131,2015,58.11111111111112
965,0.0,Yevgeni Svechnikov,0.0,0,0.0,0.0,0.0,0.0,0.0,0.0,0.0,0.0,0.0,0.0,0.0,0.0,0.0,0.0,0.0,0.0,0,0,0.0,0.0,0.0,0.0,0.0,0.0,0.0,1071,1,19,F,Detroit Red Wings,7,172,20,25,45,84,2015,6.428571428571429
966,568.0,Joel Eriksson Ek,20.0,MIN,498.0,122.0,148.0,270.0,57.0,220.0,82.0,37.0,3.0,18.0,119.0,27.0,2.0,1208.0,20.0,25.0,159:11,20:32,45.0,64.0,41.3,312.0,898.0,189.0,93.0,1072,1,20,F,Minnesota Wild,9,520,127,156,283,224,2015,31.444444444444443
967,980.0,Colin White,20.0,OTT,348.0,44.0,69.0,113.0,-62.0,111.0,34.0,10.0,0.0,4.0,56.0,13.0,0.0,443.0,0.0,2.0,27:25,9:57,7.0,14.0,33.3,156.0,273.0,103.0,148.0,1073,1,21,F,Ottawa Senators,8,320,44,69,113,107,2015,14.125
968,614.0,Brock Boeser,19.0,VAN,479.0,179.0,205.0,384.0,-8.0,126.0,114.0,64.0,1.0,25.0,142.0,62.0,1.0,1300.0,16.0,38.0,145:55,19:19,0.0,0.0,0.0,167.0,248.0,187.0,181.0,1075,1,23,F,Vancouver Canucks,9,501,187,216,403,140,2015,44.77777777777778
969,262.0,Travis Konecny,19.0,PHI,564.0,174.0,226.0,400.0,-26.0,410.0,136.0,29.0,9.0,26.0,168.0,54.0,4.0,1388.0,8.3,234.0,986:20,20:07,0.0,5.0,0.0,274.0,597.0,249.0,261.0,1076,1,24,F,Philadelphia Flyers,9,595,189,247,436,445,2015,48.44444444444444
970,952.0,Jack Roslovic,20.0,WPG,504.0,89.0,163.0,252.0,-37.0,86.0,69.0,16.0,4.0,14.0,135.0,27.0,1.0,803.0,0.0,1.0,8:24,9:45,1.0,5.0,16.7,200.0,302.0,189.0,219.0,1077,1,25,F,Winnipeg Jets,9,475,93,145,238,74,2015,26.444444444444443
973,300.0,Anthony Beauvillier,19.0,NYI,692.0,139.0,164.0,303.0,-38.0,137.0,113.0,25.0,1.0,27.0,140.0,24.0,0.0,1346.0,8.9,170.0,859:23,17:16,123.0,174.0,41.4,289.0,674.0,283.0,300.0,1080,1,28,F,New York Islanders,9,582,124,133,257,111,2015,28.55555555555556
975,0.0,Nick Merkley,0.0,0,0.0,0.0,0.0,0.0,0.0,0.0,0.0,0.0,0.0,0.0,0.0,0.0,0.0,0.0,0.0,0.0,0,0,0.0,0.0,0.0,0.0,0.0,0.0,0.0,1082,1,30,F,Arizona Coyotes,4,41,4,11,15,11,2015,3.75
977,673.0,Christian Fischer,19.0,ARI,477.0,61.0,69.0,130.0,-60.0,133.0,53.0,6.0,2.0,5.0,64.0,5.0,0.0,694.0,30.0,15.0,86:17,14:51,0.0,0.0,0.0,182.0,885.0,87.0,124.0,1084,2,32,F,Arizona Coyotes,9,504,62,71,133,142,2015,14.77777777777778
978,614.0,Mitchell Stephens,22.0,TBL,95.0,5.0,11.0,16.0,-20.0,22.0,5.0,0.0,0.0,0.0,11.0,0.0,0.0,79.0,7.0,82.0,409:50,9:28,187.0,169.0,52.5,26.0,73.0,15.0,12.0,1085,2,33,F,Tampa Bay Lightning,5,103,5,12,17,22,2015,3.4
980,104.0,Sebastian Aho,19.0,CAR,788.0,265.0,342.0,607.0,104.0,302.0,184.0,64.0,17.0,55.0,225.0,110.0,7.0,1865.0,11.2,362.0,1376:31,20:09,17.0,18.0,48.6,370.0,580.0,497.0,563.0,1087,2,35,F,Carolina Hurricanes,9,628,262,326,588,274,2015,65.33333333333333
981,0.0,Gabriel Gagné,0.0,0,0.0,0.0,0.0,0.0,0.0,0.0,0.0,0.0,0.0,0.0,0.0,0.0,0.0,0.0,0.0,0.0,0,0,0.0,0.0,0.0,0.0,0.0,0.0,0.0,1088,2,36,F,Ottawa Senators,0,0,0,0,0,0,2015,0.0
983,0.0,Paul Bittner,0.0,0,0.0,0.0,0.0,0.0,0.0,0.0,0.0,0.0,0.0,0.0,0.0,0.0,0.0,0.0,0.0,0.0,0,0,0.0,0.0,0.0,0.0,0.0,0.0,0.0,1090,2,38,F,Columbus Blue Jackets,0,0,0,0,0,0,2015,0.0
984,748.0,A.J. Greer,20.0,COL,167.0,13.0,19.0,32.0,0.0,205.0,12.0,1.0,0.0,1.0,19.0,0.0,0.0,167.0,0.0,11.0,68:17,9:07,0.0,0.0,0.0,65.0,275.0,43.0,39.0,1091,2,39,F,Colorado Avalanche,8,199,16,24,40,254,2015,5.0
986,0.0,Ryan Gropp,0.0,0,0.0,0.0,0.0,0.0,0.0,0.0,0.0,0.0,0.0,0.0,0.0,0.0,0.0,0.0,0.0,0.0,0,0,0.0,0.0,0.0,0.0,0.0,0.0,0.0,1093,2,41,F,New York Rangers,0,0,0,0,0,0,2015,0.0
989,853.0,Jakob Forsbacka Karlsson,20.0,BOS,29.0,3.0,6.0,9.0,1.0,2.0,3.0,0.0,0.0,0.0,5.0,1.0,0.0,21.0,0.0,0.0,8:25,8:25,1.0,1.0,50.0,9.0,14.0,9.0,4.0,1097,2,45,F,Boston Bruins,2,29,3,6,9,2,2015,4.5
990,733.0,Daniel Sprong,18.0,PIT,470.0,113.0,89.0,202.0,-18.0,84.0,95.0,18.0,0.0,14.0,66.0,23.0,0.0,999.0,8.7,43.0,157:03,8:44,1.0,1.0,50.0,95.0,276.0,129.0,179.0,1098,2,46,F,Pittsburgh Penguins,9,360,87,76,163,68,2015,18.11111111111111
991,579.0,Jansen Harkins,22.0,WPG,199.0,13.0,18.0,31.0,-12.0,57.0,13.0,0.0,0.0,0.0,18.0,0.0,0.0,167.0,6.9,44.0,308:01,9:29,0.0,5.0,0.0,55.0,160.0,50.0,50.0,1099,2,47,F,Winnipeg Jets,6,215,13,20,33,67,2015,5.5
992,0.0,Filip Chlapík,0.0,0,0.0,0.0,0.0,0.0,0.0,0.0,0.0,0.0,0.0,0.0,0.0,0.0,0.0,0.0,0.0,0.0,0,0,0.0,0.0,0.0,0.0,0.0,0.0,0.0,1100,2,48,F,Ottawa Senators,4,57,5,6,11,18,2015,2.75
993,372.0,Roope Hintz,22.0,DAL,392.0,147.0,163.0,310.0,77.0,124.0,98.0,38.0,11.0,27.0,97.0,64.0,2.0,890.0,9.1,165.0,815:16,18:14,217.0,183.0,54.3,215.0,377.0,138.0,204.0,1101,2,49,F,Dallas Stars,7,421,160,169,329,132,2015,47.0
994,798.0,Jordan Greenway,20.0,MIN,463.0,58.0,104.0,162.0,20.0,317.0,56.0,2.0,0.0,5.0,96.0,7.0,1.0,701.0,0.0,7.0,68:39,17:15,0.0,5.0,0.0,289.0,754.0,161.0,133.0,1102,2,50,F,Minnesota Wild,8,421,55,103,158,304,2015,19.75
998,0.0,Graham Knott,0.0,0,0.0,0.0,0.0,0.0,0.0,0.0,0.0,0.0,0.0,0.0,0.0,0.0,0.0,0.0,0.0,0.0,0,0,0.0,0.0,0.0,0.0,0.0,0.0,0.0,1106,2,54,F,Chicago Blackhawks,0,0,0,0,0,0,2015,0.0
999,615.0,Yakov Trenin,23.0,NSH,375.0,60.0,39.0,99.0,35.0,204.0,58.0,0.0,2.0,10.0,35.0,2.0,2.0,595.0,8.0,45.0,204:26,9:44,3.0,1.0,75.0,165.0,912.0,186.0,149.0,1107,2,55,F,Nashville Predators,6,328,50,35,85,178,2015,14.166666666666666
1002,985.0,Kevin Stenlund,22.0,CBJ,206.0,28.0,16.0,44.0,-9.0,104.0,21.0,3.0,4.0,5.0,13.0,3.0,0.0,249.0,0.0,9.0,43:51,7:32,3.0,3.0,50.0,121.0,155.0,77.0,44.0,1110,2,58,F,Columbus Blue Jackets,7,236,33,20,53,114,2015,7.571428571428571
1003,0.0,Julius Nättinen,0.0,0,0.0,0.0,0.0,0.0,0.0,0.0,0.0,0.0,0.0,0.0,0.0,0.0,0.0,0.0,0.0,0.0,0,0,0.0,0.0,0.0,0.0,0.0,0.0,0.0,1111,2,59,F,Anaheim Ducks,0,0,0,0,0,0,2015,0.0
1005,0.0,Jeremy Bracco,0.0,0,0.0,0.0,0.0,0.0,0.0,0.0,0.0,0.0,0.0,0.0,0.0,0.0,0.0,0.0,0.0,0.0,0,0,0.0,0.0,0.0,0.0,0.0,0.0,0.0,1113,2,61,F,Toronto Maple Leafs,0,0,0,0,0,0,2015,0.0
1006,0.0,Robin Kovács,0.0,0,0.0,0.0,0.0,0.0,0.0,0.0,0.0,0.0,0.0,0.0,0.0,0.0,0.0,0.0,0.0,0.0,0,0,0.0,0.0,0.0,0.0,0.0,0.0,0.0,1114,3,62,F,New York Rangers,0,0,0,0,0,0,2015,0.0
1008,0.0,Denis Yan,0.0,0,0.0,0.0,0.0,0.0,0.0,0.0,0.0,0.0,0.0,0.0,0.0,0.0,0.0,0.0,0.0,0.0,0,0,0.0,0.0,0.0,0.0,0.0,0.0,0.0,1116,3,64,F,Tampa Bay Lightning,0,0,0,0,0,0,2015,0.0
1011,962.0,Blake Speers,20.0,NJD,5.0,0.0,0.0,0.0,-3.0,2.0,0.0,0.0,0.0,0.0,0.0,0.0,0.0,4.0,0.0,3.0,28:27,9:29,0.0,2.0,0.0,3.0,4.0,2.0,1.0,1119,3,67,F,New Jersey Devils,2,5,0,0,0,2,2015,0.0
1012,0.0,Martins Dzierkals,0.0,0,0.0,0.0,0.0,0.0,0.0,0.0,0.0,0.0,0.0,0.0,0.0,0.0,0.0,0.0,0.0,0.0,0,0,0.0,0.0,0.0,0.0,0.0,0.0,0.0,1120,3,68,F,Toronto Maple Leafs,0,0,0,0,0,0,2015,0.0
1013,897.0,Keegan Kolesar,22.0,VEG,275.0,26.0,47.0,73.0,-12.0,215.0,23.0,1.0,2.0,2.0,46.0,0.0,1.0,277.0,0.0,1.0,12:06,9:33,1.0,0.0,100.0,133.0,911.0,78.0,79.0,1121,3,69,F,Columbus Blue Jackets,6,306,33,51,84,234,2015,14.0
1014,0.0,Jean-Christophe Beaudin,0.0,0,0.0,0.0,0.0,0.0,0.0,0.0,0.0,0.0,0.0,0.0,0.0,0.0,0.0,0.0,0.0,0.0,0,0,0.0,0.0,0.0,0.0,0.0,0.0,0.0,1123,3,71,F,Colorado Avalanche,1,22,0,1,1,7,2015,1.0
1015,532.0,Anthony Cirelli,20.0,TBL,431.0,97.0,136.0,233.0,94.0,221.0,75.0,9.0,13.0,19.0,115.0,18.0,3.0,723.0,19.2,41.0,238:10,18:31,96.0,118.0,44.9,322.0,437.0,276.0,114.0,1124,3,72,F,Tampa Bay Lightning,8,458,109,151,260,233,2015,32.5
1017,0.0,Alexander Dergachyov,0.0,0,0.0,0.0,0.0,0.0,0.0,0.0,0.0,0.0,0.0,0.0,0.0,0.0,0.0,0.0,0.0,0.0,0,0,0.0,0.0,0.0,0.0,0.0,0.0,0.0,1126,3,74,F,Los Angeles Kings,0,0,0,0,0,0,2015,0.0
1018,0.0,Erik Foley,0.0,0,0.0,0.0,0.0,0.0,0.0,0.0,0.0,0.0,0.0,0.0,0.0,0.0,0.0,0.0,0.0,0.0,0,0,0.0,0.0,0.0,0.0,0.0,0.0,0.0,1130,3,78,F,Winnipeg Jets,0,0,0,0,0,0,2015,0.0
1020,0.0,Brent Gates,0.0,0,0.0,0.0,0.0,0.0,0.0,0.0,0.0,0.0,0.0,0.0,0.0,0.0,0.0,0.0,0.0,0.0,0,0,0.0,0.0,0.0,0.0,0.0,0.0,0.0,1132,3,80,F,Anaheim Ducks,0,0,0,0,0,0,2015,0.0
1021,0.0,Brendan Warren,0.0,0,0.0,0.0,0.0,0.0,0.0,0.0,0.0,0.0,0.0,0.0,0.0,0.0,0.0,0.0,0.0,0.0,0,0,0.0,0.0,0.0,0.0,0.0,0.0,0.0,1133,3,81,F,Arizona Coyotes,0,0,0,0,0,0,2015,0.0
1023,0.0,Jens Lööke,0.0,0,0.0,0.0,0.0,0.0,0.0,0.0,0.0,0.0,0.0,0.0,0.0,0.0,0.0,0.0,0.0,0.0,0,0,0.0,0.0,0.0,0.0,0.0,0.0,0.0,1135,3,83,F,Arizona Coyotes,0,0,0,0,0,0,2015,0.0
1024,0.0,Deven Sideroff,0.0,0,0.0,0.0,0.0,0.0,0.0,0.0,0.0,0.0,0.0,0.0,0.0,0.0,0.0,0.0,0.0,0.0,0,0,0.0,0.0,0.0,0.0,0.0,0.0,0.0,1136,3,84,F,Anaheim Ducks,0,0,0,0,0,0,2015,0.0
1025,0.0,Tommy Novak,0.0,0,0.0,0.0,0.0,0.0,0.0,0.0,0.0,0.0,0.0,0.0,0.0,0.0,0.0,0.0,0.0,0.0,0,0,0.0,0.0,0.0,0.0,0.0,0.0,0.0,1137,3,85,F,Nashville Predators,4,173,41,61,102,22,2015,25.5
1026,822.0,Lukas Vejdemo,24.0,MTL,13.0,2.0,0.0,2.0,-3.0,0.0,2.0,0.0,0.0,0.0,0.0,0.0,0.0,17.0,14.3,10.0,56:09,8:01,1.0,4.0,20.0,7.0,15.0,6.0,5.0,1139,3,87,F,Montréal Canadiens,2,13,2,0,2,0,2015,1.0
1028,663.0,Aleksi Saarela,23.0,FLA,9.0,2.0,2.0,4.0,2.0,0.0,2.0,0.0,0.0,0.0,1.0,1.0,0.0,15.0,13.3,24.0,110:14,12:15,7.0,11.0,38.9,3.0,1.0,6.0,3.0,1141,3,89,F,New York Rangers,2,9,2,2,4,0,2015,2.0
1031,0.0,Adam Musil,0.0,0,0.0,0.0,0.0,0.0,0.0,0.0,0.0,0.0,0.0,0.0,0.0,0.0,0.0,0.0,0.0,0.0,0,0,0.0,0.0,0.0,0.0,0.0,0.0,0.0,1146,4,94,F,St. Louis Blues,0,0,0,0,0,0,2015,0.0
1033,964.0,Nicolas Roy,20.0,CAR,298.0,53.0,82.0,135.0,41.0,128.0,45.0,7.0,1.0,12.0,68.0,12.0,2.0,454.0,0.0,2.0,10:46,6:57,6.0,4.0,60.0,141.0,343.0,160.0,96.0,1148,4,96,F,Carolina Hurricanes,8,329,59,89,148,159,2015,18.5
1035,0.0,Samuel Dove-McFalls,0.0,0,0.0,0.0,0.0,0.0,0.0,0.0,0.0,0.0,0.0,0.0,0.0,0.0,0.0,0.0,0.0,0.0,0,0,0.0,0.0,0.0,0.0,0.0,0.0,0.0,1150,4,98,F,Philadelphia Flyers,0,0,0,0,0,0,2015,0.0
1036,378.0,Austin Wagner,21.0,LAK,178.0,23.0,19.0,42.0,-19.0,70.0,23.0,0.0,0.0,2.0,19.0,0.0,0.0,271.0,17.9,119.0,553:36,8:56,2.0,4.0,33.3,39.0,403.0,36.0,48.0,1151,4,99,F,Los Angeles Kings,4,178,23,19,42,70,2015,10.5
1037,970.0,Anthony Richard,22.0,NSH,24.0,4.0,4.0,8.0,0.0,8.0,4.0,0.0,0.0,1.0,4.0,0.0,0.0,21.0,0.0,0.0,7:22,9:58,0.0,0.0,0.0,9.0,50.0,5.0,4.0,1152,4,100,F,Nashville Predators,5,31,6,8,14,8,2015,2.8
1039,511.0,Denis Malgin,20.0,FLA,366.0,58.0,56.0,114.0,-21.0,72.0,53.0,5.0,0.0,6.0,46.0,8.0,2.0,536.0,9.0,102.0,528:12,13:51,67.0,117.0,36.4,128.0,328.0,174.0,129.0,1154,4,102,F,Florida Panthers,5,257,41,40,81,50,2015,16.2
1041,0.0,Mikhail Vorobyov,0.0,0,0.0,0.0,0.0,0.0,0.0,0.0,0.0,0.0,0.0,0.0,0.0,0.0,0.0,0.0,0.0,0.0,0,0,0.0,0.0,0.0,0.0,0.0,0.0,0.0,1156,4,104,F,Philadelphia Flyers,2,35,2,3,5,8,2015,2.5
1042,0.0,Jesse Gabrielle,0.0,0,0.0,0.0,0.0,0.0,0.0,0.0,0.0,0.0,0.0,0.0,0.0,0.0,0.0,0.0,0.0,0.0,0,0,0.0,0.0,0.0,0.0,0.0,0.0,0.0,1157,4,105,F,Boston Bruins,0,0,0,0,0,0,2015,0.0
1043,0.0,Adam Helewka,0.0,0,0.0,0.0,0.0,0.0,0.0,0.0,0.0,0.0,0.0,0.0,0.0,0.0,0.0,0.0,0.0,0.0,0,0,0.0,0.0,0.0,0.0,0.0,0.0,0.0,1158,4,106,F,San Jose Sharks,0,0,0,0,0,0,2015,0.0
1045,0.0,Michael Spacek,0.0,0,0.0,0.0,0.0,0.0,0.0,0.0,0.0,0.0,0.0,0.0,0.0,0.0,0.0,0.0,0.0,0.0,0,0,0.0,0.0,0.0,0.0,0.0,0.0,0.0,1160,4,108,F,Winnipeg Jets,0,0,0,0,0,0,2015,0.0
1046,0.0,Filip Ahl,0.0,0,0.0,0.0,0.0,0.0,0.0,0.0,0.0,0.0,0.0,0.0,0.0,0.0,0.0,0.0,0.0,0.0,0,0,0.0,0.0,0.0,0.0,0.0,0.0,0.0,1161,4,109,F,Ottawa Senators,0,0,0,0,0,0,2015,0.0
1048,0.0,Brad Morrison,0.0,0,0.0,0.0,0.0,0.0,0.0,0.0,0.0,0.0,0.0,0.0,0.0,0.0,0.0,0.0,0.0,0.0,0,0,0.0,0.0,0.0,0.0,0.0,0.0,0.0,1165,4,113,F,New York Rangers,0,0,0,0,0,0,2015,0.0
1049,0.0,Dmitri Zhukenov,0.0,0,0.0,0.0,0.0,0.0,0.0,0.0,0.0,0.0,0.0,0.0,0.0,0.0,0.0,0.0,0.0,0.0,0,0,0.0,0.0,0.0,0.0,0.0,0.0,0.0,1166,4,114,F,Vancouver Canucks,0,0,0,0,0,0,2015,0.0
1051,770.0,Glenn Gawdin,23.0,CGY,13.0,0.0,1.0,1.0,-3.0,4.0,0.0,0.0,0.0,0.0,1.0,0.0,0.0,7.0,0.0,5.0,48:28,9:36,19.0,16.0,54.3,6.0,21.0,3.0,2.0,1168,4,116,F,St. Louis Blues,4,13,0,1,1,4,2015,0.25
1053,0.0,Jonne Tammela,0.0,0,0.0,0.0,0.0,0.0,0.0,0.0,0.0,0.0,0.0,0.0,0.0,0.0,0.0,0.0,0.0,0.0,0,0,0.0,0.0,0.0,0.0,0.0,0.0,0.0,1170,4,118,F,Tampa Bay Lightning,0,0,0,0,0,0,2015,0.0
1054,0.0,Daniel Bernhardt,0.0,0,0.0,0.0,0.0,0.0,0.0,0.0,0.0,0.0,0.0,0.0,0.0,0.0,0.0,0.0,0.0,0.0,0,0,0.0,0.0,0.0,0.0,0.0,0.0,0.0,1171,4,119,F,New York Rangers,0,0,0,0,0,0,2015,0.0
1055,310.0,Mathieu Joseph,21.0,TBL,429.0,67.0,98.0,165.0,31.0,197.0,58.0,2.0,7.0,12.0,86.0,3.0,9.0,551.0,13.7,162.0,795:06,16:50,10.0,24.0,29.4,170.0,655.0,241.0,142.0,1172,4,120,F,Tampa Bay Lightning,7,380,57,82,139,174,2015,19.857142857142858
1058,423.0,Conor Garland,22.0,ARI,404.0,103.0,138.0,241.0,31.0,160.0,88.0,15.0,0.0,16.0,107.0,31.0,0.0,981.0,11.0,179.0,601:08,17:55,10.0,8.0,55.6,132.0,237.0,236.0,138.0,1175,5,123,F,Arizona Coyotes,7,433,111,155,266,175,2015,38.0
1060,545.0,Dmytro Timashov,23.0,2TM,89.0,8.0,10.0,18.0,0.0,32.0,8.0,0.0,0.0,2.0,10.0,0.0,0.0,75.0,10.8,66.0,375:23,8:32,0.0,0.0,0.0,22.0,188.0,10.0,14.0,1177,5,125,F,Toronto Maple Leafs,2,45,4,5,9,16,2015,4.5
1061,0.0,Luke Stevens,0.0,0,0.0,0.0,0.0,0.0,0.0,0.0,0.0,0.0,0.0,0.0,0.0,0.0,0.0,0.0,0.0,0.0,0,0,0.0,0.0,0.0,0.0,0.0,0.0,0.0,1178,5,126,F,Carolina Hurricanes,0,0,0,0,0,0,2015,0.0
1063,0.0,David Kase,0.0,0,0.0,0.0,0.0,0.0,0.0,0.0,0.0,0.0,0.0,0.0,0.0,0.0,0.0,0.0,0.0,0.0,0,0,0.0,0.0,0.0,0.0,0.0,0.0,0.0,1180,5,128,F,Philadelphia Flyers,2,7,1,0,1,0,2015,0.5
1066,0.0,Matt Bradley,0.0,0,0.0,0.0,0.0,0.0,0.0,0.0,0.0,0.0,0.0,0.0,0.0,0.0,0.0,0.0,0.0,0.0,0,0,0.0,0.0,0.0,0.0,0.0,0.0,0.0,1183,5,131,F,Montréal Canadiens,0,0,0,0,0,0,2015,0.0
1067,0.0,Karch Bachman,0.0,0,0.0,0.0,0.0,0.0,0.0,0.0,0.0,0.0,0.0,0.0,0.0,0.0,0.0,0.0,0.0,0.0,0,0,0.0,0.0,0.0,0.0,0.0,0.0,0.0,1184,5,132,F,Florida Panthers,0,0,0,0,0,0,2015,0.0
1069,0.0,Matt Schmalz,0.0,0,0.0,0.0,0.0,0.0,0.0,0.0,0.0,0.0,0.0,0.0,0.0,0.0,0.0,0.0,0.0,0.0,0,0,0.0,0.0,0.0,0.0,0.0,0.0,0.0,1186,5,134,F,Los Angeles Kings,0,0,0,0,0,0,2015,0.0
1070,22.0,Kirill Kaprizov,23.0,MIN,278.0,160.0,170.0,330.0,52.0,131.0,102.0,58.0,0.0,22.0,111.0,59.0,0.0,984.0,17.2,280.0,1006:22,21:35,3.0,21.0,12.5,113.0,223.0,172.0,234.0,1187,5,135,F,Minnesota Wild,5,308,182,195,377,141,2015,75.4
1071,0.0,Pavel Karnaukhov,0.0,0,0.0,0.0,0.0,0.0,0.0,0.0,0.0,0.0,0.0,0.0,0.0,0.0,0.0,0.0,0.0,0.0,0,0,0.0,0.0,0.0,0.0,0.0,0.0,0.0,1188,5,136,F,Calgary Flames,0,0,0,0,0,0,2015,0.0
1072,811.0,Dominik Simon,21.0,PIT,328.0,25.0,65.0,90.0,0.0,114.0,24.0,1.0,0.0,2.0,60.0,5.0,0.0,443.0,0.0,2.0,18:13,9:39,0.0,0.0,0.0,138.0,342.0,129.0,123.0,1189,5,137,F,Pittsburgh Penguins,7,256,22,55,77,80,2015,11.0
1073,0.0,Spencer Smallman,0.0,0,0.0,0.0,0.0,0.0,0.0,0.0,0.0,0.0,0.0,0.0,0.0,0.0,0.0,0.0,0.0,0.0,0,0,0.0,0.0,0.0,0.0,0.0,0.0,0.0,1190,5,138,F,Carolina Hurricanes,0,0,0,0,0,0,2015,0.0
1075,1050.0,Chase Pearson,24.0,DET,3.0,0.0,0.0,0.0,0.0,0.0,0.0,0.0,0.0,0.0,0.0,0.0,0.0,2.0,0.0,5.0,20:16,6:45,2.0,2.0,50.0,0.0,4.0,0.0,0.0,1192,5,140,F,Detroit Red Wings,1,3,0,0,0,0,2015,0.0
1077,0.0,Rudolfs Balcers,0.0,0,0.0,0.0,0.0,0.0,0.0,0.0,0.0,0.0,0.0,0.0,0.0,0.0,0.0,0.0,0.0,0.0,0,0,0.0,0.0,0.0,0.0,0.0,0.0,0.0,1194,5,142,F,San Jose Sharks,5,170,28,34,62,50,2015,12.4
1081,974.0,Troy Terry,20.0,ANA,350.0,95.0,135.0,230.0,-27.0,98.0,76.0,19.0,0.0,15.0,106.0,29.0,0.0,722.0,0.0,3.0,20:25,19:22,0.0,0.0,0.0,116.0,47.0,187.0,175.0,1200,5,148,F,Anaheim Ducks,8,379,103,151,254,100,2015,31.75
1082,894.0,Adam Gaudette,21.0,VAN,318.0,37.0,58.0,95.0,-61.0,117.0,29.0,8.0,0.0,4.0,42.0,16.0,0.0,459.0,0.0,20.0,63:56,9:48,6.0,10.0,37.5,103.0,259.0,95.0,72.0,1201,5,149,F,Vancouver Canucks,7,249,40,46,86,94,2015,12.285714285714286
1084,0.0,Radovan Bondra,0.0,0,0.0,0.0,0.0,0.0,0.0,0.0,0.0,0.0,0.0,0.0,0.0,0.0,0.0,0.0,0.0,0.0,0,0,0.0,0.0,0.0,0.0,0.0,0.0,0.0,1203,5,151,F,Chicago Blackhawks,0,0,0,0,0,0,2015,0.0
1085,0.0,Giorgio Estephan,0.0,0,0.0,0.0,0.0,0.0,0.0,0.0,0.0,0.0,0.0,0.0,0.0,0.0,0.0,0.0,0.0,0.0,0,0,0.0,0.0,0.0,0.0,0.0,0.0,0.0,1204,6,152,F,Buffalo Sabres,0,0,0,0,0,0,2015,0.0
1089,499.0,Brett Seney,22.0,NJD,66.0,6.0,8.0,14.0,-17.0,39.0,6.0,0.0,0.0,0.0,7.0,1.0,0.0,61.0,10.2,74.0,526:44,9:56,98.0,162.0,37.7,27.0,73.0,20.0,26.0,1209,6,157,F,New Jersey Devils,5,66,6,8,14,39,2015,2.8
1090,945.0,Cooper Marody,22.0,EDM,7.0,0.0,1.0,1.0,-1.0,0.0,0.0,0.0,0.0,0.0,1.0,0.0,0.0,7.0,0.0,13.0,41:28,6:55,9.0,17.0,34.6,0.0,0.0,6.0,0.0,1210,6,158,F,Philadelphia Flyers,2,7,0,1,1,0,2015,0.5
1094,0.0,Chris Wilkie,0.0,0,0.0,0.0,0.0,0.0,0.0,0.0,0.0,0.0,0.0,0.0,0.0,0.0,0.0,0.0,0.0,0.0,0,0,0.0,0.0,0.0,0.0,0.0,0.0,0.0,1214,6,162,F,Florida Panthers,0,0,0,0,0,0,2015,0.0
1095,0.0,Roy Radke,0.0,0,0.0,0.0,0.0,0.0,0.0,0.0,0.0,0.0,0.0,0.0,0.0,0.0,0.0,0.0,0.0,0.0,0,0,0.0,0.0,0.0,0.0,0.0,0.0,0.0,1216,6,164,F,Chicago Blackhawks,0,0,0,0,0,0,2015,0.0
1096,885.0,Cameron Hughes,23.0,BOS,2.0,0.0,0.0,0.0,-2.0,0.0,0.0,0.0,0.0,0.0,0.0,0.0,0.0,3.0,0.0,1.0,9:53,9:53,0.0,0.0,0.0,3.0,3.0,3.0,0.0,1217,6,165,F,Boston Bruins,2,2,0,0,0,0,2015,0.0
1097,934.0,Andrew Mangiapane,21.0,CGY,417.0,109.0,106.0,215.0,52.0,181.0,91.0,14.0,4.0,16.0,93.0,10.0,3.0,761.0,0.0,19.0,89:18,8:56,1.0,0.0,100.0,170.0,424.0,220.0,164.0,1218,6,166,F,Calgary Flames,8,446,115,110,225,189,2015,28.125
1098,0.0,Frederik Tiffels,0.0,0,0.0,0.0,0.0,0.0,0.0,0.0,0.0,0.0,0.0,0.0,0.0,0.0,0.0,0.0,0.0,0.0,0,0,0.0,0.0,0.0,0.0,0.0,0.0,0.0,1219,6,167,F,Pittsburgh Penguins,0,0,0,0,0,0,2015,0.0
1099,541.0,Mason Appleton,23.0,WPG,397.0,55.0,82.0,137.0,27.0,132.0,50.0,3.0,2.0,10.0,80.0,0.0,2.0,561.0,10.3,53.0,295:21,8:12,0.0,1.0,0.0,141.0,391.0,94.0,85.0,1220,6,168,F,Winnipeg Jets,7,361,53,77,130,104,2015,18.571428571428573
1100,0.0,David Cotton,0.0,0,0.0,0.0,0.0,0.0,0.0,0.0,0.0,0.0,0.0,0.0,0.0,0.0,0.0,0.0,0.0,0.0,0,0,0.0,0.0,0.0,0.0,0.0,0.0,0.0,1221,6,169,F,Carolina Hurricanes,0,0,0,0,0,0,2015,0.0
1105,0.0,Lukas Jasek,0.0,0,0.0,0.0,0.0,0.0,0.0,0.0,0.0,0.0,0.0,0.0,0.0,0.0,0.0,0.0,0.0,0.0,0,0,0.0,0.0,0.0,0.0,0.0,0.0,0.0,1226,6,174,F,Vancouver Canucks,0,0,0,0,0,0,2015,0.0
1106,0.0,Tyler Moy,0.0,0,0.0,0.0,0.0,0.0,0.0,0.0,0.0,0.0,0.0,0.0,0.0,0.0,0.0,0.0,0.0,0.0,0,0,0.0,0.0,0.0,0.0,0.0,0.0,0.0,1227,6,175,F,Nashville Predators,0,0,0,0,0,0,2015,0.0
1107,0.0,Liam Dunda,0.0,0,0.0,0.0,0.0,0.0,0.0,0.0,0.0,0.0,0.0,0.0,0.0,0.0,0.0,0.0,0.0,0.0,0,0,0.0,0.0,0.0,0.0,0.0,0.0,0.0,1228,6,176,F,St. Louis Blues,0,0,0,0,0,0,2015,0.0
1110,862.0,Bokondji Imama,25.0,ARI,15.0,1.0,0.0,1.0,-3.0,17.0,1.0,0.0,0.0,0.0,0.0,0.0,0.0,4.0,33.3,4.0,18:05,7:29,0.0,0.0,0.0,3.0,45.0,0.0,2.0,1232,6,180,F,Tampa Bay Lightning,3,15,1,0,1,17,2015,0.3333333333333333
1113,0.0,Nikita Korostelev,0.0,0,0.0,0.0,0.0,0.0,0.0,0.0,0.0,0.0,0.0,0.0,0.0,0.0,0.0,0.0,0.0,0.0,0,0,0.0,0.0,0.0,0.0,0.0,0.0,0.0,1237,7,185,F,Toronto Maple Leafs,0,0,0,0,0,0,2015,0.0
1114,528.0,Steven Lorentz,24.0,CAR,230.0,21.0,22.0,43.0,-26.0,42.0,19.0,1.0,1.0,3.0,21.0,0.0,1.0,261.0,5.0,76.0,469:45,8:47,158.0,151.0,51.1,89.0,317.0,94.0,48.0,1238,7,186,F,Carolina Hurricanes,5,261,24,24,48,42,2015,9.6
1117,0.0,Marcus Vela,0.0,0,0.0,0.0,0.0,0.0,0.0,0.0,0.0,0.0,0.0,0.0,0.0,0.0,0.0,0.0,0.0,0.0,0,0,0.0,0.0,0.0,0.0,0.0,0.0,0.0,1242,7,190,F,San Jose Sharks,0,0,0,0,0,0,2015,0.0
1118,0.0,Gustav Olhaver,0.0,0,0.0,0.0,0.0,0.0,0.0,0.0,0.0,0.0,0.0,0.0,0.0,0.0,0.0,0.0,0.0,0.0,0,0,0.0,0.0,0.0,0.0,0.0,0.0,0.0,1243,7,191,F,Colorado Avalanche,0,0,0,0,0,0,2015,0.0
1119,0.0,Patrick Shea,0.0,0,0.0,0.0,0.0,0.0,0.0,0.0,0.0,0.0,0.0,0.0,0.0,0.0,0.0,0.0,0.0,0.0,0,0,0.0,0.0,0.0,0.0,0.0,0.0,0.0,1244,7,192,F,Florida Panthers,0,0,0,0,0,0,2015,0.0
1121,0.0,Jack Becker,0.0,0,0.0,0.0,0.0,0.0,0.0,0.0,0.0,0.0,0.0,0.0,0.0,0.0,0.0,0.0,0.0,0.0,0,0,0.0,0.0,0.0,0.0,0.0,0.0,0.0,1247,7,195,F,Boston Bruins,0,0,0,0,0,0,2015,0.0
1123,0.0,Nikita Pavlychev,0.0,0,0.0,0.0,0.0,0.0,0.0,0.0,0.0,0.0,0.0,0.0,0.0,0.0,0.0,0.0,0.0,0.0,0,0,0.0,0.0,0.0,0.0,0.0,0.0,0.0,1249,7,197,F,Pittsburgh Penguins,0,0,0,0,0,0,2015,0.0
1125,0.0,Adam Marsh,0.0,0,0.0,0.0,0.0,0.0,0.0,0.0,0.0,0.0,0.0,0.0,0.0,0.0,0.0,0.0,0.0,0.0,0,0,0.0,0.0,0.0,0.0,0.0,0.0,0.0,1252,7,200,F,Detroit Red Wings,0,0,0,0,0,0,2015,0.0
1128,0.0,Matteo Gennaro,0.0,0,0.0,0.0,0.0,0.0,0.0,0.0,0.0,0.0,0.0,0.0,0.0,0.0,0.0,0.0,0.0,0.0,0,0,0.0,0.0,0.0,0.0,0.0,0.0,0.0,1255,7,203,F,Winnipeg Jets,0,0,0,0,0,0,2015,0.0
1130,0.0,Jeremiah Addison,0.0,0,0.0,0.0,0.0,0.0,0.0,0.0,0.0,0.0,0.0,0.0,0.0,0.0,0.0,0.0,0.0,0.0,0,0,0.0,0.0,0.0,0.0,0.0,0.0,0.0,1259,7,207,F,Montréal Canadiens,0,0,0,0,0,0,2015,0.0
1133,0.0,John Dahlström,0.0,0,0.0,0.0,0.0,0.0,0.0,0.0,0.0,0.0,0.0,0.0,0.0,0.0,0.0,0.0,0.0,0.0,0,0,0.0,0.0,0.0,0.0,0.0,0.0,0.0,1263,7,211,F,Chicago Blackhawks,0,0,0,0,0,0,2015,0.0
1134,22.0,Auston Matthews,19.0,TOR,562.0,368.0,281.0,649.0,140.0,114.0,274.0,94.0,0.0,61.0,196.0,84.0,1.0,2273.0,14.3,476.0,1445:45,21:33,530.0,600.0,46.9,536.0,397.0,562.0,428.0,1264,1,1,F,Toronto Maple Leafs,9,584,378,292,670,124,2016,74.44444444444444
1135,31.0,Patrik Laine,18.0,WPG,526.0,216.0,196.0,412.0,-86.0,210.0,142.0,74.0,0.0,27.0,140.0,56.0,0.0,1472.0,17.6,360.0,1307:37,19:25,0.0,3.0,0.0,239.0,459.0,219.0,397.0,1265,1,2,F,Winnipeg Jets,9,486,207,185,392,187,2016,43.55555555555556
1136,124.0,Pierre-Luc Dubois,19.0,CBJ,562.0,154.0,209.0,363.0,-4.0,491.0,110.0,44.0,0.0,30.0,157.0,52.0,0.0,1233.0,12.1,274.0,1364:02,18:55,461.0,591.0,43.8,327.0,724.0,229.0,268.0,1266,1,3,F,Columbus Blue Jackets,8,546,149,214,363,469,2016,45.375
1137,0.0,Jesse Puljujärvi,0.0,0,0.0,0.0,0.0,0.0,0.0,0.0,0.0,0.0,0.0,0.0,0.0,0.0,0.0,0.0,0.0,0.0,0,0,0.0,0.0,0.0,0.0,0.0,0.0,0.0,1267,1,4,F,Edmonton Oilers,8,377,57,69,126,122,2016,15.75
1139,111.0,Matthew Tkachuk,19.0,CGY,590.0,218.0,361.0,579.0,133.0,636.0,152.0,65.0,1.0,24.0,240.0,120.0,1.0,1731.0,9.2,232.0,1114:14,20:26,8.0,15.0,34.8,161.0,815.0,293.0,479.0,1269,1,6,F,Calgary Flames,9,617,229,381,610,658,2016,67.77777777777777
1140,708.0,Clayton Keller,18.0,ARI,520.0,166.0,252.0,418.0,-61.0,203.0,131.0,33.0,2.0,23.0,157.0,93.0,2.0,1348.0,0.0,0.0,38:00,20:45,0.0,0.0,0.0,171.0,118.0,308.0,299.0,1270,1,7,F,Arizona Coyotes,9,550,176,270,446,215,2016,49.55555555555556
1141,778.0,Alexander Nylander,18.0,BUF,149.0,36.0,28.0,64.0,-12.0,32.0,31.0,5.0,0.0,5.0,26.0,2.0,0.0,271.0,0.0,8.0,49:19,16:46,0.0,2.0,0.0,44.0,67.0,46.0,50.0,1271,1,8,F,Buffalo Sabres,8,126,25,24,49,30,2016,6.125
1143,755.0,Tyson Jost,18.0,COL,607.0,72.0,113.0,185.0,-25.0,232.0,62.0,10.0,0.0,9.0,103.0,8.0,2.0,881.0,11.1,15.0,94:03,15:41,28.0,42.0,40.0,259.0,463.0,230.0,81.0,1273,1,10,F,Colorado Avalanche,9,465,58,83,141,166,2016,15.666666666666666
1144,782.0,Logan Brown,19.0,OTT,99.0,7.0,19.0,26.0,-9.0,22.0,6.0,1.0,0.0,1.0,16.0,3.0,0.0,81.0,0.0,7.0,32:31,9:40,4.0,8.0,33.3,33.0,58.0,27.0,39.0,1274,1,11,F,Ottawa Senators,7,99,7,19,26,22,2016,3.7142857142857135
1145,712.0,Michael McLeod,20.0,NJD,287.0,29.0,56.0,85.0,-17.0,164.0,29.0,0.0,0.0,5.0,54.0,0.0,2.0,333.0,0.0,35.0,256:07,15:09,70.0,62.0,53.0,137.0,522.0,138.0,108.0,1275,1,12,F,New Jersey Devils,6,287,29,56,85,164,2016,14.166666666666666
1148,675.0,Luke Kunin,20.0,MIN,359.0,62.0,62.0,124.0,-69.0,332.0,56.0,4.0,2.0,5.0,52.0,10.0,0.0,600.0,6.3,54.0,246:35,15:53,24.0,30.0,44.4,254.0,700.0,85.0,81.0,1278,1,15,F,Minnesota Wild,8,392,70,66,136,359,2016,17.0
1152,672.0,Kieffer Bellows,21.0,NYI,123.0,17.0,14.0,31.0,-14.0,37.0,17.0,0.0,0.0,6.0,10.0,4.0,0.0,173.0,18.2,21.0,85:12,9:47,0.0,0.0,0.0,43.0,247.0,20.0,49.0,1282,1,19,F,New York Islanders,4,95,14,14,28,31,2016,7.0
1154,699.0,Julien Gauthier,22.0,2TM,254.0,28.0,30.0,58.0,-30.0,58.0,28.0,0.0,0.0,2.0,30.0,0.0,0.0,265.0,0.0,27.0,140:46,9:39,1.0,2.0,33.3,80.0,457.0,55.0,62.0,1284,1,21,F,Carolina Hurricanes,6,181,19,22,41,44,2016,6.833333333333333
1155,937.0,German Rubtsov,21.0,PHI,4.0,0.0,0.0,0.0,-1.0,0.0,0.0,0.0,0.0,0.0,0.0,0.0,0.0,1.0,0.0,1.0,27:13,6:48,6.0,8.0,42.9,4.0,4.0,1.0,1.0,1285,1,22,F,Philadelphia Flyers,1,4,0,0,0,0,2016,0.0
1156,0.0,Henrik Borgström,0.0,0,0.0,0.0,0.0,0.0,0.0,0.0,0.0,0.0,0.0,0.0,0.0,0.0,0.0,0.0,0.0,0.0,0,0,0.0,0.0,0.0,0.0,0.0,0.0,0.0,1286,1,23,F,Florida Panthers,5,111,13,13,26,28,2016,5.2
1157,654.0,Max Jones,20.0,ANA,258.0,31.0,31.0,62.0,-44.0,211.0,28.0,2.0,1.0,4.0,27.0,4.0,0.0,422.0,3.4,110.0,394:54,9:54,1.0,2.0,33.3,66.0,451.0,90.0,80.0,1287,1,24,F,Anaheim Ducks,7,262,31,31,62,219,2016,8.857142857142858
1158,904.0,Riley Tufte,23.0,DAL,18.0,2.0,1.0,3.0,-3.0,6.0,2.0,0.0,0.0,1.0,1.0,0.0,0.0,13.0,20.0,8.0,71:59,7:57,1.0,1.0,50.0,6.0,23.0,3.0,4.0,1288,1,25,F,Dallas Stars,4,21,2,1,3,10,2016,0.75
1159,580.0,Tage Thompson,20.0,STL,372.0,132.0,121.0,253.0,-54.0,168.0,85.0,42.0,5.0,14.0,92.0,29.0,0.0,1053.0,5.5,113.0,488:54,6:59,1.0,9.0,10.0,106.0,332.0,178.0,156.0,1289,1,26,F,St. Louis Blues,8,398,148,130,278,174,2016,34.75
1160,354.0,Brett Howden,20.0,NYR,351.0,39.0,62.0,101.0,-26.0,159.0,36.0,1.0,2.0,5.0,54.0,3.0,5.0,339.0,8.1,126.0,985:57,14:56,353.0,376.0,48.4,270.0,445.0,126.0,110.0,1290,1,27,F,Tampa Bay Lightning,7,382,50,63,113,173,2016,16.142857142857142
1162,898.0,Trent Frederic,20.0,BOS,280.0,47.0,47.0,94.0,34.0,263.0,45.0,2.0,0.0,11.0,46.0,0.0,1.0,407.0,0.0,24.0,141:00,9:24,41.0,40.0,50.6,128.0,515.0,78.0,69.0,1292,1,29,F,Boston Bruins,7,312,52,53,105,291,2016,15.0
1163,537.0,Sam Steel,20.0,ANA,339.0,43.0,74.0,117.0,-24.0,99.0,38.0,1.0,4.0,5.0,58.0,15.0,1.0,397.0,18.2,52.0,329:14,15:33,108.0,112.0,49.1,124.0,215.0,109.0,120.0,1293,1,30,F,Anaheim Ducks,7,368,46,83,129,111,2016,18.428571428571427
1164,0.0,Yegor Korshkov,0.0,0,0.0,0.0,0.0,0.0,0.0,0.0,0.0,0.0,0.0,0.0,0.0,0.0,0.0,0.0,0.0,0.0,0,0,0.0,0.0,0.0,0.0,0.0,0.0,0.0,1294,2,31,F,Toronto Maple Leafs,1,1,1,0,1,0,2016,1.0
1165,749.0,Tyler Benson,21.0,EDM,38.0,1.0,2.0,3.0,-6.0,18.0,1.0,0.0,0.0,0.0,2.0,0.0,0.0,23.0,0.0,13.0,72:39,8:33,1.0,0.0,100.0,4.0,50.0,5.0,9.0,1295,2,32,F,Edmonton Oilers,3,38,1,2,3,18,2016,1.0
1166,670.0,Rasmus Asplund,22.0,BUF,229.0,20.0,37.0,57.0,-20.0,24.0,15.0,2.0,3.0,3.0,34.0,2.0,1.0,308.0,2.8,44.0,314:11,14:17,49.0,65.0,43.0,46.0,111.0,56.0,41.0,1296,2,33,F,Buffalo Sabres,4,183,18,31,49,20,2016,12.25
1168,707.0,Jordan Kyrou,20.0,STL,334.0,114.0,148.0,262.0,-39.0,88.0,90.0,24.0,0.0,15.0,103.0,43.0,2.0,864.0,6.3,24.0,154:33,9:40,2.0,0.0,100.0,114.0,63.0,189.0,171.0,1298,2,35,F,St. Louis Blues,7,366,127,162,289,94,2016,41.285714285714285
1169,0.0,Pascal Laberge,0.0,0,0.0,0.0,0.0,0.0,0.0,0.0,0.0,0.0,0.0,0.0,0.0,0.0,0.0,0.0,0.0,0.0,0,0,0.0,0.0,0.0,0.0,0.0,0.0,0.0,1299,2,36,F,Philadelphia Flyers,0,0,0,0,0,0,2016,0.0
1171,0.0,Adam Mascherin,0.0,0,0.0,0.0,0.0,0.0,0.0,0.0,0.0,0.0,0.0,0.0,0.0,0.0,0.0,0.0,0.0,0.0,0,0,0.0,0.0,0.0,0.0,0.0,0.0,0.0,1301,2,38,F,Florida Panthers,0,0,0,0,0,0,2016,0.0
1172,102.0,Alex DeBrincat,20.0,CHI,532.0,214.0,226.0,440.0,-44.0,146.0,139.0,74.0,1.0,28.0,153.0,73.0,0.0,1533.0,15.5,358.0,1213:46,20:51,25.0,34.0,42.4,200.0,479.0,316.0,280.0,1302,2,39,F,Chicago Blackhawks,8,562,226,237,463,152,2016,57.875
1173,0.0,Cam Morrison,0.0,0,0.0,0.0,0.0,0.0,0.0,0.0,0.0,0.0,0.0,0.0,0.0,0.0,0.0,0.0,0.0,0.0,0,0,0.0,0.0,0.0,0.0,0.0,0.0,0.0,1303,2,40,F,Colorado Avalanche,0,0,0,0,0,0,2016,0.0
1174,697.0,Nathan Bastian,21.0,NJD,289.0,41.0,35.0,76.0,-27.0,224.0,35.0,6.0,0.0,4.0,33.0,2.0,0.0,372.0,23.1,18.0,88:46,9:14,3.0,0.0,100.0,171.0,822.0,57.0,47.0,1304,2,41,F,New Jersey Devils,6,232,31,32,63,180,2016,10.5
1175,0.0,Jonathan Dahlén,0.0,0,0.0,0.0,0.0,0.0,0.0,0.0,0.0,0.0,0.0,0.0,0.0,0.0,0.0,0.0,0.0,0.0,0,0,0.0,0.0,0.0,0.0,0.0,0.0,0.0,1305,2,42,F,Ottawa Senators,1,61,12,10,22,12,2016,22.0
1176,923.0,Janne Kuokkanen,19.0,CAR,119.0,14.0,28.0,42.0,-26.0,28.0,11.0,2.0,1.0,2.0,25.0,3.0,0.0,137.0,0.0,10.0,44:15,14:46,0.0,0.0,0.0,45.0,47.0,53.0,29.0,1306,2,43,F,Carolina Hurricanes,5,119,14,28,42,28,2016,8.4
1177,650.0,Boris Katchouk,23.0,2TM,294.0,25.0,31.0,56.0,-36.0,129.0,23.0,0.0,2.0,4.0,30.0,0.0,1.0,324.0,5.2,100.0,585:18,9:55,7.0,12.0,36.8,83.0,525.0,104.0,69.0,1307,2,44,F,Tampa Bay Lightning,3,176,15,21,36,78,2016,12.0
1179,692.0,Givani Smith,21.0,DET,191.0,10.0,16.0,26.0,-30.0,322.0,10.0,0.0,0.0,1.0,16.0,0.0,0.0,183.0,9.1,28.0,203:20,9:57,0.0,0.0,0.0,55.0,377.0,30.0,39.0,1309,2,46,F,Detroit Red Wings,6,164,9,13,22,266,2016,3.6666666666666665
1182,0.0,Artur Kayumov,0.0,0,0.0,0.0,0.0,0.0,0.0,0.0,0.0,0.0,0.0,0.0,0.0,0.0,0.0,0.0,0.0,0.0,0,0,0.0,0.0,0.0,0.0,0.0,0.0,0.0,1313,2,50,F,Chicago Blackhawks,0,0,0,0,0,0,2016,0.0
1184,538.0,Wade Allison,23.0,PHI,75.0,13.0,9.0,22.0,-3.0,40.0,12.0,1.0,0.0,3.0,9.0,0.0,0.0,115.0,16.7,39.0,181:03,8:16,0.0,1.0,0.0,72.0,219.0,27.0,11.0,1315,2,52,F,Philadelphia Flyers,3,75,13,9,22,40,2016,7.333333333333333
1186,0.0,Dillon Dubé,0.0,0,0.0,0.0,0.0,0.0,0.0,0.0,0.0,0.0,0.0,0.0,0.0,0.0,0.0,0.0,0.0,0.0,0,0,0.0,0.0,0.0,0.0,0.0,0.0,0.0,1319,2,56,F,Calgary Flames,6,325,57,70,127,105,2016,21.166666666666668
1187,0.0,Carl Grundström,0.0,0,0.0,0.0,0.0,0.0,0.0,0.0,0.0,0.0,0.0,0.0,0.0,0.0,0.0,0.0,0.0,0.0,0,0,0.0,0.0,0.0,0.0,0.0,0.0,0.0,1320,2,57,F,Toronto Maple Leafs,7,261,40,31,71,94,2016,10.142857142857142
1188,386.0,Taylor Raddysh,23.0,2TM,299.0,47.0,48.0,95.0,-45.0,58.0,30.0,14.0,3.0,3.0,36.0,12.0,0.0,457.0,10.6,163.0,912:51,16:34,6.0,10.0,37.5,108.0,372.0,122.0,88.0,1321,2,58,F,Tampa Bay Lightning,4,255,40,47,87,52,2016,21.75
1189,893.0,Dylan Gambrell,21.0,SJS,233.0,17.0,23.0,40.0,-28.0,79.0,15.0,0.0,2.0,2.0,20.0,1.0,2.0,202.0,0.0,3.0,31:40,8:38,9.0,9.0,50.0,170.0,293.0,50.0,60.0,1323,2,60,F,San Jose Sharks,6,233,17,23,40,79,2016,6.666666666666667
1190,0.0,Kasper Björkqvist,0.0,0,0.0,0.0,0.0,0.0,0.0,0.0,0.0,0.0,0.0,0.0,0.0,0.0,0.0,0.0,0.0,0.0,0,0,0.0,0.0,0.0,0.0,0.0,0.0,0.0,1324,2,61,F,Pittsburgh Penguins,1,6,1,0,1,2,2016,1.0
1192,0.0,Will Lockwood,0.0,0,0.0,0.0,0.0,0.0,0.0,0.0,0.0,0.0,0.0,0.0,0.0,0.0,0.0,0.0,0.0,0.0,0,0,0.0,0.0,0.0,0.0,0.0,0.0,0.0,1327,3,64,F,Vancouver Canucks,4,54,0,2,2,27,2016,0.5
1193,0.0,Vitali Abramov,0.0,0,0.0,0.0,0.0,0.0,0.0,0.0,0.0,0.0,0.0,0.0,0.0,0.0,0.0,0.0,0.0,0.0,0,0,0.0,0.0,0.0,0.0,0.0,0.0,0.0,1328,3,65,F,Columbus Blue Jackets,3,5,1,0,1,2,2016,0.3333333333333333
1195,0.0,Matt Filipe,0.0,0,0.0,0.0,0.0,0.0,0.0,0.0,0.0,0.0,0.0,0.0,0.0,0.0,0.0,0.0,0.0,0.0,0,0,0.0,0.0,0.0,0.0,0.0,0.0,0.0,1330,3,67,F,Carolina Hurricanes,0,0,0,0,0,0,2016,0.0
1197,0.0,Cliff Pu,0.0,0,0.0,0.0,0.0,0.0,0.0,0.0,0.0,0.0,0.0,0.0,0.0,0.0,0.0,0.0,0.0,0.0,0,0,0.0,0.0,0.0,0.0,0.0,0.0,0.0,1332,3,69,F,Buffalo Sabres,0,0,0,0,0,0,2016,0.0
1198,794.0,William Bitten,24.0,STL,4.0,0.0,1.0,1.0,1.0,0.0,0.0,0.0,0.0,0.0,1.0,0.0,0.0,0.0,0.0,0.0,26:35,6:39,0.0,0.0,0.0,0.0,10.0,1.0,1.0,1333,3,70,F,Montréal Canadiens,1,4,0,1,1,0,2016,1.0
1200,0.0,J.D. Greenway,0.0,0,0.0,0.0,0.0,0.0,0.0,0.0,0.0,0.0,0.0,0.0,0.0,0.0,0.0,0.0,0.0,0.0,0,0,0.0,0.0,0.0,0.0,0.0,0.0,0.0,1335,3,72,F,Toronto Maple Leafs,0,0,0,0,0,0,2016,0.0
1201,597.0,Joey Anderson,20.0,NJD,189.0,25.0,23.0,48.0,-16.0,18.0,24.0,0.0,1.0,3.0,23.0,0.0,0.0,219.0,8.2,72.0,438:39,9:36,9.0,8.0,52.9,72.0,181.0,88.0,53.0,1336,3,73,F,New Jersey Devils,7,165,19,21,40,18,2016,5.714285714285714
1202,0.0,Hudson Elynuik,0.0,0,0.0,0.0,0.0,0.0,0.0,0.0,0.0,0.0,0.0,0.0,0.0,0.0,0.0,0.0,0.0,0.0,0,0,0.0,0.0,0.0,0.0,0.0,0.0,0.0,1337,3,74,F,Carolina Hurricanes,0,0,0,0,0,0,2016,0.0
1203,965.0,Rem Pitlick,21.0,NSH,198.0,36.0,55.0,91.0,-35.0,78.0,33.0,1.0,2.0,3.0,52.0,2.0,1.0,184.0,0.0,0.0,9:43,9:43,0.0,0.0,0.0,81.0,90.0,77.0,118.0,1339,3,76,F,Nashville Predators,5,132,21,33,54,54,2016,10.8
1207,906.0,Brandon Gignac,21.0,NJD,8.0,1.0,0.0,1.0,-5.0,0.0,1.0,0.0,0.0,0.0,0.0,0.0,0.0,8.0,0.0,1.0,9:04,9:04,0.0,0.0,0.0,8.0,5.0,3.0,8.0,1343,3,80,F,New Jersey Devils,2,8,1,0,1,0,2016,0.5
1209,820.0,Carsen Twarynski,22.0,PHI,22.0,1.0,0.0,1.0,-5.0,6.0,1.0,0.0,0.0,0.0,0.0,0.0,0.0,18.0,7.1,18.0,160:09,8:51,0.0,2.0,0.0,10.0,57.0,6.0,0.0,1345,3,82,F,Philadelphia Flyers,2,22,1,0,1,6,2016,0.5
1213,958.0,Garrett Pilon,22.0,WSH,3.0,1.0,0.0,1.0,1.0,0.0,1.0,0.0,0.0,0.0,0.0,0.0,0.0,1.0,0.0,0.0,10:40,9:25,0.0,0.0,0.0,0.0,2.0,2.0,4.0,1350,3,87,F,Washington Capitals,2,3,1,0,1,0,2016,0.5
1215,0.0,Fredrik Karlström,0.0,0,0.0,0.0,0.0,0.0,0.0,0.0,0.0,0.0,0.0,0.0,0.0,0.0,0.0,0.0,0.0,0.0,0,0,0.0,0.0,0.0,0.0,0.0,0.0,0.0,1353,3,90,F,Dallas Stars,2,8,0,1,1,0,2016,0.5
1217,675.0,Adam Brooks,23.0,TOR,68.0,8.0,6.0,14.0,9.0,4.0,6.0,1.0,1.0,4.0,6.0,0.0,0.0,40.0,0.0,5.0,54:58,8:57,5.0,5.0,50.0,15.0,36.0,12.0,11.0,1355,4,92,F,Toronto Maple Leafs,3,43,6,5,11,2,2016,3.6666666666666665
1218,0.0,Jack Kopacka,0.0,0,0.0,0.0,0.0,0.0,0.0,0.0,0.0,0.0,0.0,0.0,0.0,0.0,0.0,0.0,0.0,0.0,0,0,0.0,0.0,0.0,0.0,0.0,0.0,0.0,1356,4,93,F,Anaheim Ducks,0,0,0,0,0,0,2016,0.0
1219,0.0,Jonathan Ang,0.0,0,0.0,0.0,0.0,0.0,0.0,0.0,0.0,0.0,0.0,0.0,0.0,0.0,0.0,0.0,0.0,0.0,0,0,0.0,0.0,0.0,0.0,0.0,0.0,0.0,1357,4,94,F,Florida Panthers,0,0,0,0,0,0,2016,0.0
1220,0.0,Anatoli Golyshev,0.0,0,0.0,0.0,0.0,0.0,0.0,0.0,0.0,0.0,0.0,0.0,0.0,0.0,0.0,0.0,0.0,0.0,0,0,0.0,0.0,0.0,0.0,0.0,0.0,0.0,1358,4,95,F,New York Islanders,0,0,0,0,0,0,2016,0.0
1221,0.0,Linus Lindström,0.0,0,0.0,0.0,0.0,0.0,0.0,0.0,0.0,0.0,0.0,0.0,0.0,0.0,0.0,0.0,0.0,0.0,0,0,0.0,0.0,0.0,0.0,0.0,0.0,0.0,1359,4,96,F,Calgary Flames,0,0,0,0,0,0,2016,0.0
1224,949.0,Brett Murray,22.0,BUF,23.0,2.0,4.0,6.0,-3.0,25.0,2.0,0.0,0.0,0.0,3.0,1.0,0.0,16.0,0.0,1.0,21:15,7:58,0.0,0.0,0.0,3.0,25.0,5.0,5.0,1362,4,99,F,Buffalo Sabres,3,23,2,4,6,25,2016,2.0
1227,502.0,Mikhail Maltsev,22.0,NJD,56.0,6.0,3.0,9.0,-9.0,6.0,6.0,0.0,0.0,0.0,3.0,0.0,0.0,82.0,10.9,110.0,377:45,8:04,74.0,86.0,46.3,12.0,61.0,33.0,12.0,1365,4,102,F,New Jersey Devils,3,56,6,3,9,6,2016,3.0
1228,0.0,Todd Burgess,0.0,0,0.0,0.0,0.0,0.0,0.0,0.0,0.0,0.0,0.0,0.0,0.0,0.0,0.0,0.0,0.0,0.0,0,0,0.0,0.0,0.0,0.0,0.0,0.0,0.0,1366,4,103,F,Ottawa Senators,0,0,0,0,0,0,2016,0.0
1229,0.0,Max Zimmer,0.0,0,0.0,0.0,0.0,0.0,0.0,0.0,0.0,0.0,0.0,0.0,0.0,0.0,0.0,0.0,0.0,0.0,0,0,0.0,0.0,0.0,0.0,0.0,0.0,0.0,1367,4,104,F,Carolina Hurricanes,0,0,0,0,0,0,2016,0.0
1230,458.0,Brandon Duhaime,24.0,MIN,291.0,25.0,28.0,53.0,-6.0,304.0,22.0,0.0,3.0,4.0,28.0,0.0,0.0,355.0,6.6,161.0,817:27,11:28,8.0,20.0,28.6,110.0,763.0,83.0,57.0,1369,4,106,F,Minnesota Wild,4,241,24,24,48,271,2016,12.0
1233,707.0,Connor Bunnaman,21.0,PHI,54.0,1.0,2.0,3.0,-6.0,8.0,1.0,0.0,0.0,0.0,2.0,0.0,0.0,43.0,5.6,22.0,194:55,9:17,36.0,60.0,37.5,10.0,77.0,6.0,6.0,1372,4,109,F,Philadelphia Flyers,3,54,1,2,3,8,2016,1.0
1235,621.0,Noah Gregor,21.0,SJS,241.0,32.0,31.0,63.0,-58.0,88.0,29.0,2.0,1.0,3.0,26.0,4.0,1.0,478.0,9.1,64.0,281:39,14:56,6.0,13.0,31.6,134.0,459.0,86.0,50.0,1374,4,111,F,San Jose Sharks,6,266,35,33,68,98,2016,11.333333333333334
1237,0.0,Nathan Noel,0.0,0,0.0,0.0,0.0,0.0,0.0,0.0,0.0,0.0,0.0,0.0,0.0,0.0,0.0,0.0,0.0,0.0,0,0,0.0,0.0,0.0,0.0,0.0,0.0,0.0,1376,4,113,F,Chicago Blackhawks,0,0,0,0,0,0,2016,0.0
1239,0.0,Alex Dostie,0.0,0,0.0,0.0,0.0,0.0,0.0,0.0,0.0,0.0,0.0,0.0,0.0,0.0,0.0,0.0,0.0,0.0,0,0,0.0,0.0,0.0,0.0,0.0,0.0,0.0,1378,4,115,F,Anaheim Ducks,0,0,0,0,0,0,2016,0.0
1240,872.0,Rhett Gardner,23.0,DAL,41.0,1.0,1.0,2.0,-10.0,10.0,1.0,0.0,0.0,0.0,1.0,0.0,0.0,31.0,0.0,11.0,81:05,9:58,25.0,28.0,47.2,15.0,66.0,10.0,8.0,1379,4,116,F,Dallas Stars,4,41,1,1,2,10,2016,0.5
1241,0.0,Damien Riat,0.0,0,0.0,0.0,0.0,0.0,0.0,0.0,0.0,0.0,0.0,0.0,0.0,0.0,0.0,0.0,0.0,0.0,0,0,0.0,0.0,0.0,0.0,0.0,0.0,0.0,1380,4,117,F,Washington Capitals,0,0,0,0,0,0,2016,0.0
1242,410.0,Ross Colton,24.0,TBL,270.0,64.0,59.0,123.0,-9.0,151.0,56.0,8.0,0.0,13.0,48.0,11.0,0.0,504.0,19.6,74.0,316:56,13:43,101.0,107.0,48.6,116.0,518.0,109.0,55.0,1381,4,118,F,Tampa Bay Lightning,5,285,74,60,134,151,2016,26.8
1243,0.0,Tanner Kaspick,0.0,0,0.0,0.0,0.0,0.0,0.0,0.0,0.0,0.0,0.0,0.0,0.0,0.0,0.0,0.0,0.0,0.0,0,0,0.0,0.0,0.0,0.0,0.0,0.0,0.0,1382,4,119,F,St. Louis Blues,0,0,0,0,0,0,2016,0.0
1244,896.0,Otto Koivula,21.0,NYI,28.0,0.0,4.0,4.0,-1.0,6.0,0.0,0.0,0.0,0.0,4.0,0.0,0.0,17.0,0.0,5.0,94:56,7:55,24.0,41.0,36.9,12.0,26.0,5.0,5.0,1383,4,120,F,New York Islanders,3,28,0,4,4,6,2016,1.3333333333333333
1246,0.0,Vladimir Bobylyov,0.0,0,0.0,0.0,0.0,0.0,0.0,0.0,0.0,0.0,0.0,0.0,0.0,0.0,0.0,0.0,0.0,0.0,0,0,0.0,0.0,0.0,0.0,0.0,0.0,0.0,1385,5,122,F,Toronto Maple Leafs,0,0,0,0,0,0,2016,0.0
1248,0.0,Nolan Stevens,0.0,0,0.0,0.0,0.0,0.0,0.0,0.0,0.0,0.0,0.0,0.0,0.0,0.0,0.0,0.0,0.0,0.0,0,0,0.0,0.0,0.0,0.0,0.0,0.0,0.0,1388,5,125,F,St. Louis Blues,0,0,0,0,0,0,2016,0.0
1249,0.0,Mitchell Mattson,0.0,0,0.0,0.0,0.0,0.0,0.0,0.0,0.0,0.0,0.0,0.0,0.0,0.0,0.0,0.0,0.0,0.0,0,0,0.0,0.0,0.0,0.0,0.0,0.0,0.0,1389,5,126,F,Calgary Flames,0,0,0,0,0,0,2016,0.0
1250,0.0,Jordan Stallard,0.0,0,0.0,0.0,0.0,0.0,0.0,0.0,0.0,0.0,0.0,0.0,0.0,0.0,0.0,0.0,0.0,0.0,0,0,0.0,0.0,0.0,0.0,0.0,0.0,0.0,1390,5,127,F,Winnipeg Jets,0,0,0,0,0,0,2016,0.0
1255,836.0,Joona Koppanen,24.0,BOS,9.0,0.0,1.0,1.0,0.0,4.0,0.0,0.0,0.0,0.0,1.0,0.0,0.0,6.0,0.0,4.0,54:08,7:49,25.0,19.0,56.8,4.0,11.0,4.0,3.0,1398,5,135,F,Boston Bruins,2,9,0,1,1,4,2016,0.5
1258,0.0,Patrick Harper,0.0,0,0.0,0.0,0.0,0.0,0.0,0.0,0.0,0.0,0.0,0.0,0.0,0.0,0.0,0.0,0.0,0.0,0,0,0.0,0.0,0.0,0.0,0.0,0.0,0.0,1401,5,138,F,Nashville Predators,0,0,0,0,0,0,2016,0.0
1261,0.0,Tim Gettinger,0.0,0,0.0,0.0,0.0,0.0,0.0,0.0,0.0,0.0,0.0,0.0,0.0,0.0,0.0,0.0,0.0,0.0,0,0,0.0,0.0,0.0,0.0,0.0,0.0,0.0,1404,5,141,F,New York Rangers,4,16,0,1,1,0,2016,0.25
1262,959.0,Michael Eyssimont,25.0,WPG,190.0,21.0,34.0,55.0,13.0,230.0,19.0,2.0,0.0,2.0,32.0,2.0,0.0,398.0,0.0,1.0,5:49,5:49,0.0,0.0,0.0,69.0,349.0,90.0,52.0,1405,5,142,F,Los Angeles Kings,4,163,19,26,45,193,2016,11.25
1263,0.0,Mathias From,0.0,0,0.0,0.0,0.0,0.0,0.0,0.0,0.0,0.0,0.0,0.0,0.0,0.0,0.0,0.0,0.0,0.0,0,0,0.0,0.0,0.0,0.0,0.0,0.0,0.0,1406,5,143,F,Chicago Blackhawks,0,0,0,0,0,0,2016,0.0
1264,0.0,Conner Bleackley,0.0,0,0.0,0.0,0.0,0.0,0.0,0.0,0.0,0.0,0.0,0.0,0.0,0.0,0.0,0.0,0.0,0.0,0,0,0.0,0.0,0.0,0.0,0.0,0.0,0.0,1407,5,144,F,St. Louis Blues,0,0,0,0,0,0,2016,0.0
1265,910.0,Beck Malenstyn,21.0,WSH,105.0,8.0,16.0,24.0,0.0,36.0,8.0,0.0,0.0,2.0,15.0,0.0,1.0,119.0,0.0,6.0,27:49,9:55,0.0,0.0,0.0,106.0,314.0,34.0,21.0,1408,5,145,F,Washington Capitals,6,136,10,20,30,49,2016,5.0
1266,0.0,Nick Caamano,0.0,0,0.0,0.0,0.0,0.0,0.0,0.0,0.0,0.0,0.0,0.0,0.0,0.0,0.0,0.0,0.0,0.0,0,0,0.0,0.0,0.0,0.0,0.0,0.0,0.0,1409,5,146,F,Dallas Stars,2,36,1,2,3,21,2016,1.5
1267,0.0,Axel Jonsson-Fjällby,0.0,0,0.0,0.0,0.0,0.0,0.0,0.0,0.0,0.0,0.0,0.0,0.0,0.0,0.0,0.0,0.0,0.0,0,0,0.0,0.0,0.0,0.0,0.0,0.0,0.0,1410,5,147,F,Washington Capitals,3,99,10,13,23,12,2016,7.666666666666667
1268,0.0,Christopher Paquette,0.0,0,0.0,0.0,0.0,0.0,0.0,0.0,0.0,0.0,0.0,0.0,0.0,0.0,0.0,0.0,0.0,0.0,0,0,0.0,0.0,0.0,0.0,0.0,0.0,0.0,1411,5,148,F,Tampa Bay Lightning,0,0,0,0,0,0,2016,0.0
1269,0.0,Graham McPhee,0.0,0,0.0,0.0,0.0,0.0,0.0,0.0,0.0,0.0,0.0,0.0,0.0,0.0,0.0,0.0,0.0,0.0,0,0,0.0,0.0,0.0,0.0,0.0,0.0,0.0,1412,5,149,F,Edmonton Oilers,0,0,0,0,0,0,2016,0.0
1270,0.0,Manuel Wiederer,0.0,0,0.0,0.0,0.0,0.0,0.0,0.0,0.0,0.0,0.0,0.0,0.0,0.0,0.0,0.0,0.0,0.0,0,0,0.0,0.0,0.0,0.0,0.0,0.0,0.0,1413,5,150,F,San Jose Sharks,0,0,0,0,0,0,2016,0.0
1272,0.0,Jack Walker,0.0,0,0.0,0.0,0.0,0.0,0.0,0.0,0.0,0.0,0.0,0.0,0.0,0.0,0.0,0.0,0.0,0.0,0,0,0.0,0.0,0.0,0.0,0.0,0.0,0.0,1415,6,152,F,Toronto Maple Leafs,0,0,0,0,0,0,2016,0.0
1273,0.0,Aapeli Räsänen,0.0,0,0.0,0.0,0.0,0.0,0.0,0.0,0.0,0.0,0.0,0.0,0.0,0.0,0.0,0.0,0.0,0.0,0,0,0.0,0.0,0.0,0.0,0.0,0.0,0.0,1416,6,153,F,Edmonton Oilers,0,0,0,0,0,0,2016,0.0
1274,0.0,Jakob Stukel,0.0,0,0.0,0.0,0.0,0.0,0.0,0.0,0.0,0.0,0.0,0.0,0.0,0.0,0.0,0.0,0.0,0.0,0,0,0.0,0.0,0.0,0.0,0.0,0.0,0.0,1417,6,154,F,Vancouver Canucks,0,0,0,0,0,0,2016,0.0
1275,0.0,Eetu Tuulola,0.0,0,0.0,0.0,0.0,0.0,0.0,0.0,0.0,0.0,0.0,0.0,0.0,0.0,0.0,0.0,0.0,0.0,0,0,0.0,0.0,0.0,0.0,0.0,0.0,0.0,1419,6,156,F,Calgary Flames,0,0,0,0,0,0,2016,0.0
1277,880.0,Brandon Hagel,21.0,CHI,370.0,115.0,136.0,251.0,-19.0,206.0,95.0,17.0,3.0,14.0,109.0,18.0,9.0,707.0,0.0,5.0,11:48,19:15,0.0,0.0,0.0,196.0,309.0,284.0,164.0,1422,6,159,F,Buffalo Sabres,6,321,105,137,242,199,2016,40.333333333333336
1278,568.0,Michael Pezzetta,23.0,MTL,175.0,15.0,23.0,38.0,-7.0,217.0,15.0,0.0,0.0,1.0,22.0,1.0,0.0,161.0,10.2,77.0,399:38,9:19,6.0,5.0,54.5,65.0,637.0,10.0,58.0,1423,6,160,F,Montréal Canadiens,4,178,15,23,38,221,2016,9.5
1280,207.0,Jesper Bratt,19.0,NJD,471.0,129.0,230.0,359.0,-18.0,72.0,102.0,26.0,1.0,22.0,152.0,75.0,3.0,1050.0,13.0,175.0,1128:36,19:18,7.0,4.0,63.6,170.0,256.0,186.0,235.0,1425,6,162,F,New Jersey Devils,8,504,142,258,400,84,2016,50.0
1281,0.0,Markus Nurmi,0.0,0,0.0,0.0,0.0,0.0,0.0,0.0,0.0,0.0,0.0,0.0,0.0,0.0,0.0,0.0,0.0,0.0,0,0,0.0,0.0,0.0,0.0,0.0,0.0,0.0,1426,6,163,F,Ottawa Senators,0,0,0,0,0,0,2016,0.0
1283,988.0,Oskar Steen,22.0,BOS,60.0,4.0,4.0,8.0,-4.0,12.0,4.0,0.0,0.0,0.0,4.0,0.0,0.0,60.0,0.0,10.0,40:13,9:09,0.0,0.0,0.0,28.0,125.0,13.0,8.0,1428,6,165,F,Boston Bruins,4,60,4,4,8,12,2016,2.0
1284,956.0,Matthew Phillips,22.0,CGY,65.0,2.0,8.0,10.0,-6.0,2.0,2.0,0.0,0.0,0.0,8.0,0.0,0.0,45.0,0.0,3.0,14:19,9:02,0.0,0.0,0.0,30.0,16.0,10.0,8.0,1429,6,166,F,Calgary Flames,3,34,1,4,5,2,2016,1.6666666666666667
1285,924.0,Tanner Laczynski,23.0,PHI,38.0,2.0,2.0,4.0,-5.0,2.0,2.0,0.0,0.0,0.0,2.0,0.0,0.0,29.0,0.0,9.0,49:53,9:59,11.0,16.0,40.7,12.0,38.0,13.0,4.0,1432,6,169,F,Philadelphia Flyers,3,38,2,2,4,2,2016,1.3333333333333333
1286,0.0,Collin Adams,0.0,0,0.0,0.0,0.0,0.0,0.0,0.0,0.0,0.0,0.0,0.0,0.0,0.0,0.0,0.0,0.0,0.0,0,0,0.0,0.0,0.0,0.0,0.0,0.0,0.0,1433,6,170,F,New York Islanders,0,0,0,0,0,0,2016,0.0
1287,0.0,Gabriel Fontaine,0.0,0,0.0,0.0,0.0,0.0,0.0,0.0,0.0,0.0,0.0,0.0,0.0,0.0,0.0,0.0,0.0,0.0,0,0,0.0,0.0,0.0,0.0,0.0,0.0,0.0,1434,6,171,F,New York Rangers,0,0,0,0,0,0,2016,0.0
1288,0.0,Anthony Salinitri,0.0,0,0.0,0.0,0.0,0.0,0.0,0.0,0.0,0.0,0.0,0.0,0.0,0.0,0.0,0.0,0.0,0.0,0,0,0.0,0.0,0.0,0.0,0.0,0.0,0.0,1435,6,172,F,Philadelphia Flyers,0,0,0,0,0,0,2016,0.0
1290,680.0,Maxim Mamin,23.0,FLA,73.0,10.0,8.0,18.0,8.0,25.0,10.0,0.0,0.0,1.0,8.0,0.0,0.0,85.0,10.7,47.0,273:32,7:21,0.0,1.0,0.0,27.0,120.0,24.0,31.0,1438,6,175,F,Florida Panthers,3,73,10,8,18,25,2016,6.0
1297,0.0,Nikolai Chebykin,0.0,0,0.0,0.0,0.0,0.0,0.0,0.0,0.0,0.0,0.0,0.0,0.0,0.0,0.0,0.0,0.0,0.0,0,0,0.0,0.0,0.0,0.0,0.0,0.0,0.0,1445,7,182,F,Toronto Maple Leafs,0,0,0,0,0,0,2016,0.0
1299,0.0,Rodrigo Abols,0.0,0,0.0,0.0,0.0,0.0,0.0,0.0,0.0,0.0,0.0,0.0,0.0,0.0,0.0,0.0,0.0,0.0,0,0,0.0,0.0,0.0,0.0,0.0,0.0,0.0,1447,7,184,F,Vancouver Canucks,0,0,0,0,0,0,2016,0.0
1300,0.0,Calvin Thürkauf,0.0,0,0.0,0.0,0.0,0.0,0.0,0.0,0.0,0.0,0.0,0.0,0.0,0.0,0.0,0.0,0.0,0.0,0,0,0.0,0.0,0.0,0.0,0.0,0.0,0.0,1448,7,185,F,Columbus Blue Jackets,1,3,0,0,0,0,2016,0.0
1305,0.0,Vasili Glotov,0.0,0,0.0,0.0,0.0,0.0,0.0,0.0,0.0,0.0,0.0,0.0,0.0,0.0,0.0,0.0,0.0,0.0,0,0,0.0,0.0,0.0,0.0,0.0,0.0,0.0,1453,7,190,F,Buffalo Sabres,0,0,0,0,0,0,2016,0.0
1306,0.0,Travis Barron,0.0,0,0.0,0.0,0.0,0.0,0.0,0.0,0.0,0.0,0.0,0.0,0.0,0.0,0.0,0.0,0.0,0.0,0,0,0.0,0.0,0.0,0.0,0.0,0.0,0.0,1454,7,191,F,Colorado Avalanche,0,0,0,0,0,0,2016,0.0
1308,0.0,Nick Pastujov,0.0,0,0.0,0.0,0.0,0.0,0.0,0.0,0.0,0.0,0.0,0.0,0.0,0.0,0.0,0.0,0.0,0.0,0,0,0.0,0.0,0.0,0.0,0.0,0.0,0.0,1456,7,193,F,New York Islanders,0,0,0,0,0,0,2016,0.0
1309,0.0,Brett McKenzie,0.0,0,0.0,0.0,0.0,0.0,0.0,0.0,0.0,0.0,0.0,0.0,0.0,0.0,0.0,0.0,0.0,0.0,0,0,0.0,0.0,0.0,0.0,0.0,0.0,0.0,1457,7,194,F,Vancouver Canucks,0,0,0,0,0,0,2016,0.0
1311,0.0,Dmitri Sokolov,0.0,0,0.0,0.0,0.0,0.0,0.0,0.0,0.0,0.0,0.0,0.0,0.0,0.0,0.0,0.0,0.0,0.0,0,0,0.0,0.0,0.0,0.0,0.0,0.0,0.0,1459,7,196,F,Minnesota Wild,0,0,0,0,0,0,2016,0.0
1312,0.0,Mattias Elfström,0.0,0,0.0,0.0,0.0,0.0,0.0,0.0,0.0,0.0,0.0,0.0,0.0,0.0,0.0,0.0,0.0,0.0,0,0,0.0,0.0,0.0,0.0,0.0,0.0,0.0,1460,7,197,F,Detroit Red Wings,0,0,0,0,0,0,2016,0.0
1316,0.0,Ty Ronning,0.0,0,0.0,0.0,0.0,0.0,0.0,0.0,0.0,0.0,0.0,0.0,0.0,0.0,0.0,0.0,0.0,0.0,0,0,0.0,0.0,0.0,0.0,0.0,0.0,0.0,1464,7,201,F,New York Rangers,0,0,0,0,0,0,2016,0.0
1320,0.0,Tyler Soy,0.0,0,0.0,0.0,0.0,0.0,0.0,0.0,0.0,0.0,0.0,0.0,0.0,0.0,0.0,0.0,0.0,0.0,0,0,0.0,0.0,0.0,0.0,0.0,0.0,0.0,1468,7,205,F,Anaheim Ducks,0,0,0,0,0,0,2016,0.0
1321,0.0,Otto Somppi,0.0,0,0.0,0.0,0.0,0.0,0.0,0.0,0.0,0.0,0.0,0.0,0.0,0.0,0.0,0.0,0.0,0.0,0,0,0.0,0.0,0.0,0.0,0.0,0.0,0.0,1469,7,206,F,Tampa Bay Lightning,0,0,0,0,0,0,2016,0.0
1323,0.0,Ryan Lohin,0.0,0,0.0,0.0,0.0,0.0,0.0,0.0,0.0,0.0,0.0,0.0,0.0,0.0,0.0,0.0,0.0,0.0,0,0,0.0,0.0,0.0,0.0,0.0,0.0,0.0,1471,7,208,F,Tampa Bay Lightning,0,0,0,0,0,0,2016,0.0
1324,0.0,Nikolaj Krag Christensen,0.0,0,0.0,0.0,0.0,0.0,0.0,0.0,0.0,0.0,0.0,0.0,0.0,0.0,0.0,0.0,0.0,0.0,0,0,0.0,0.0,0.0,0.0,0.0,0.0,0.0,1472,7,209,F,St. Louis Blues,0,0,0,0,0,0,2016,0.0
1325,836.0,Joachim Blichfeld,21.0,SJS,8.0,1.0,0.0,1.0,-4.0,14.0,1.0,0.0,0.0,0.0,0.0,0.0,0.0,6.0,0.0,6.0,38:19,8:41,0.0,0.0,0.0,6.0,5.0,2.0,1.0,1473,7,210,F,San Jose Sharks,2,8,1,0,1,14,2016,0.5
1326,0.0,Filip Helt,0.0,0,0.0,0.0,0.0,0.0,0.0,0.0,0.0,0.0,0.0,0.0,0.0,0.0,0.0,0.0,0.0,0.0,0,0,0.0,0.0,0.0,0.0,0.0,0.0,0.0,1474,7,211,F,St. Louis Blues,0,0,0,0,0,0,2016,0.0
1327,104.0,Nico Hischier,19.0,NJD,452.0,136.0,217.0,353.0,12.0,105.0,104.0,26.0,6.0,21.0,160.0,53.0,4.0,1098.0,11.1,289.0,1337:22,19:29,422.0,561.0,42.9,291.0,296.0,312.0,193.0,1475,1,1,F,New Jersey Devils,8,485,152,229,381,107,2017,47.625
1328,269.0,Nolan Patrick,19.0,PHI,222.0,32.0,45.0,77.0,-36.0,83.0,24.0,8.0,0.0,5.0,39.0,6.0,0.0,325.0,10.2,204.0,1001:55,15:05,376.0,367.0,50.6,66.0,191.0,96.0,86.0,1476,1,2,F,Philadelphia Flyers,6,222,32,45,77,83,2017,12.833333333333334
1331,61.0,Elias Pettersson,20.0,VAN,407.0,170.0,242.0,412.0,56.0,74.0,112.0,51.0,7.0,32.0,152.0,83.0,7.0,1025.0,19.4,266.0,1294:04,20:33,257.0,370.0,41.0,302.0,364.0,250.0,214.0,1479,1,5,F,Vancouver Canucks,7,436,178,260,438,84,2017,62.57142857142857
1332,464.0,Cody Glass,20.0,VEG,187.0,29.0,42.0,71.0,-1.0,54.0,18.0,11.0,0.0,4.0,32.0,10.0,0.0,301.0,9.8,84.0,521:03,14:46,60.0,83.0,42.0,70.0,131.0,80.0,66.0,1480,1,6,F,Vegas Golden Knights,6,206,30,48,78,56,2017,13.0
1333,733.0,Lias Andersson,19.0,NYR,110.0,7.0,10.0,17.0,-32.0,57.0,6.0,0.0,1.0,1.0,9.0,1.0,0.0,112.0,20.0,10.0,83:37,9:33,19.0,28.0,40.4,31.0,122.0,31.0,26.0,1481,1,7,F,New York Rangers,6,110,7,10,17,57,2017,2.833333333333333
1334,650.0,Casey Mittelstadt,19.0,BUF,437.0,84.0,169.0,253.0,-35.0,114.0,63.0,19.0,2.0,9.0,127.0,41.0,1.0,690.0,11.1,15.0,84:07,18:16,17.0,19.0,47.2,128.0,151.0,208.0,214.0,1482,1,8,F,Buffalo Sabres,8,389,73,145,218,92,2017,27.25
1335,430.0,Michael Rasmussen,19.0,DET,313.0,49.0,70.0,119.0,-28.0,211.0,44.0,4.0,1.0,6.0,62.0,5.0,3.0,453.0,10.8,131.0,748:43,15:11,23.0,41.0,35.9,245.0,541.0,84.0,75.0,1483,1,9,F,Detroit Red Wings,6,342,54,74,128,218,2017,21.33333333333333
1336,842.0,Owen Tippett,18.0,FLA,333.0,83.0,80.0,163.0,-37.0,58.0,66.0,17.0,0.0,12.0,68.0,12.0,0.0,875.0,5.9,31.0,77:49,17:26,0.0,2.0,0.0,157.0,531.0,169.0,120.0,1484,1,10,F,Florida Panthers,6,301,82,76,158,50,2017,26.33333333333333
1337,593.0,Gabriel Vilardi,20.0,LAK,199.0,63.0,51.0,114.0,8.0,50.0,43.0,20.0,0.0,15.0,40.0,11.0,0.0,364.0,15.8,29.0,128:30,17:00,49.0,43.0,53.3,89.0,80.0,64.0,48.0,1485,1,11,F,Los Angeles Kings,6,231,76,62,138,56,2017,23.0
1338,0.0,Martin Nečas,0.0,0,0.0,0.0,0.0,0.0,0.0,0.0,0.0,0.0,0.0,0.0,0.0,0.0,0.0,0.0,0.0,0.0,0,0,0.0,0.0,0.0,0.0,0.0,0.0,0.0,1486,1,12,F,Carolina Hurricanes,8,392,111,176,287,146,2017,35.875
1339,131.0,Nick Suzuki,20.0,MTL,373.0,108.0,178.0,286.0,-76.0,131.0,65.0,38.0,5.0,9.0,118.0,57.0,3.0,781.0,9.4,222.0,1135:16,21:16,305.0,354.0,46.3,236.0,342.0,194.0,264.0,1487,1,13,F,Vegas Golden Knights,6,403,119,197,316,135,2017,52.66666666666666
1345,0.0,Josh Norris,0.0,0,0.0,0.0,0.0,0.0,0.0,0.0,0.0,0.0,0.0,0.0,0.0,0.0,0.0,0.0,0.0,0.0,0,0,0.0,0.0,0.0,0.0,0.0,0.0,0.0,1493,1,19,F,San Jose Sharks,6,213,82,61,143,81,2017,23.83333333333333
1346,236.0,Robert Thomas,19.0,STL,396.0,86.0,229.0,315.0,26.0,128.0,62.0,20.0,4.0,14.0,169.0,57.0,3.0,580.0,11.3,126.0,915:05,20:58,97.0,123.0,44.1,147.0,75.0,289.0,222.0,1494,1,20,F,St. Louis Blues,7,416,92,246,338,138,2017,48.285714285714285
1347,699.0,Filip Chytil,18.0,NYR,337.0,64.0,80.0,144.0,-11.0,80.0,57.0,7.0,0.0,9.0,70.0,10.0,0.0,678.0,4.8,31.0,122:29,15:56,28.0,48.0,36.8,141.0,124.0,138.0,172.0,1495,1,21,F,New York Rangers,8,360,70,86,156,88,2017,19.5
1348,732.0,Kailer Yamamoto,19.0,EDM,303.0,58.0,76.0,134.0,20.0,124.0,48.0,8.0,2.0,9.0,63.0,10.0,3.0,421.0,0.0,41.0,136:26,17:23,0.0,1.0,0.0,145.0,343.0,163.0,106.0,1496,1,22,F,Edmonton Oilers,8,306,58,76,134,124,2017,16.75
1350,847.0,Kristian Vesalainen,19.0,WPG,70.0,2.0,3.0,5.0,-8.0,6.0,2.0,0.0,0.0,0.0,3.0,0.0,0.0,49.0,0.0,2.0,34:12,8:41,0.0,0.0,0.0,20.0,81.0,7.0,12.0,1498,1,24,F,Winnipeg Jets,3,70,2,3,5,6,2017,1.6666666666666667
1351,714.0,Ryan Poehling,20.0,MTL,215.0,31.0,33.0,64.0,-35.0,24.0,23.0,3.0,5.0,2.0,30.0,1.0,2.0,295.0,100.0,5.0,11:22,14:60,4.0,3.0,57.1,180.0,198.0,80.0,47.0,1499,1,25,F,Montréal Canadiens,6,243,32,41,73,34,2017,12.166666666666666
1352,577.0,Morgan Frost,20.0,PHI,229.0,39.0,71.0,110.0,-22.0,64.0,33.0,5.0,1.0,4.0,58.0,13.0,0.0,406.0,6.5,57.0,273:40,16:21,44.0,49.0,47.3,141.0,190.0,98.0,84.0,1501,1,27,F,Philadelphia Flyers,6,256,43,79,122,74,2017,20.33333333333333
1353,900.0,Shane Bowers,23.0,COL,9.0,0.0,0.0,0.0,1.0,0.0,0.0,0.0,0.0,0.0,0.0,0.0,0.0,8.0,0.0,1.0,1:46,9:27,0.0,2.0,0.0,3.0,3.0,0.0,0.0,1502,1,28,F,Ottawa Senators,3,13,0,0,0,0,2017,0.0
1355,975.0,Eeli Tolvanen,18.0,NSH,325.0,75.0,75.0,150.0,-14.0,72.0,59.0,16.0,0.0,16.0,48.0,27.0,0.0,606.0,0.0,6.0,36:20,15:39,0.0,0.0,0.0,241.0,652.0,99.0,76.0,1504,1,30,F,Nashville Predators,7,296,65,69,134,60,2017,19.142857142857142
1356,785.0,Klim Kostin,20.0,STL,207.0,32.0,28.0,60.0,-15.0,195.0,32.0,0.0,0.0,3.0,26.0,2.0,0.0,178.0,20.0,7.0,34:09,9:01,0.0,0.0,0.0,56.0,478.0,40.0,65.0,1505,1,31,F,St. Louis Blues,6,175,25,25,50,167,2017,8.333333333333334
1358,929.0,Kole Lind,22.0,VAN,31.0,2.0,6.0,8.0,-5.0,12.0,2.0,0.0,0.0,0.0,6.0,0.0,0.0,35.0,0.0,12.0,92:03,5:59,0.0,0.0,0.0,13.0,28.0,9.0,5.0,1507,2,33,F,Vancouver Canucks,3,31,2,6,8,12,2017,2.6666666666666665
1360,728.0,Isaac Ratcliffe,22.0,PHI,10.0,1.0,3.0,4.0,-1.0,10.0,1.0,0.0,0.0,0.0,1.0,2.0,0.0,14.0,7.1,22.0,107:28,10:45,0.0,1.0,0.0,8.0,16.0,2.0,1.0,1509,2,35,F,Philadelphia Flyers,1,10,1,3,4,10,2017,4.0
1361,640.0,Jesper Boqvist,21.0,NJD,236.0,34.0,35.0,69.0,-5.0,30.0,33.0,1.0,0.0,5.0,34.0,1.0,0.0,267.0,9.8,70.0,383:14,13:08,5.0,11.0,31.3,77.0,204.0,75.0,83.0,1510,2,36,F,New Jersey Devils,6,268,39,40,79,38,2017,13.166666666666666
1362,0.0,Marcus Davidsson,0.0,0,0.0,0.0,0.0,0.0,0.0,0.0,0.0,0.0,0.0,0.0,0.0,0.0,0.0,0.0,0.0,0.0,0,0,0.0,0.0,0.0,0.0,0.0,0.0,0.0,1511,2,37,F,Buffalo Sabres,0,0,0,0,0,0,2017,0.0
1364,809.0,Jason Robertson,20.0,DAL,292.0,133.0,181.0,314.0,85.0,80.0,97.0,36.0,0.0,25.0,120.0,61.0,0.0,895.0,0.0,6.0,36:58,18:50,0.0,0.0,0.0,87.0,213.0,190.0,189.0,1513,2,39,F,Dallas Stars,6,322,140,195,335,86,2017,55.833333333333336
1365,704.0,Aleksi Heponiemi,22.0,FLA,25.0,2.0,4.0,6.0,-6.0,6.0,2.0,0.0,0.0,1.0,3.0,1.0,0.0,28.0,6.7,21.0,110:08,8:35,0.0,0.0,0.0,3.0,2.0,10.0,7.0,1514,2,40,F,Florida Panthers,3,25,2,4,6,6,2017,2.0
1366,767.0,Jaret Anderson-Dolan,19.0,LAK,158.0,16.0,16.0,32.0,-36.0,24.0,13.0,1.0,2.0,4.0,15.0,1.0,0.0,166.0,0.0,10.0,58:01,13:47,4.0,5.0,44.4,98.0,245.0,16.0,36.0,1515,2,41,F,Los Angeles Kings,6,127,15,13,28,18,2017,4.666666666666667
1367,795.0,Eetu Luostarinen,21.0,CAR,294.0,41.0,64.0,105.0,8.0,78.0,35.0,4.0,2.0,8.0,57.0,4.0,3.0,378.0,0.0,12.0,79:51,9:59,33.0,30.0,52.4,180.0,360.0,163.0,109.0,1516,2,42,F,Carolina Hurricanes,6,326,44,73,117,88,2017,19.5
1370,843.0,Alexandre Texier,19.0,CBJ,201.0,34.0,45.0,79.0,-12.0,82.0,31.0,0.0,3.0,2.0,41.0,3.0,1.0,298.0,16.7,8.0,25:32,15:50,0.0,1.0,0.0,75.0,141.0,77.0,48.0,1519,2,45,F,Columbus Blue Jackets,6,216,35,47,82,86,2017,13.666666666666666
1372,891.0,Alex Formenton,18.0,OTT,109.0,23.0,16.0,39.0,-9.0,71.0,17.0,0.0,6.0,1.0,15.0,0.0,1.0,205.0,0.0,0.0,4:54,4:54,0.0,0.0,0.0,40.0,136.0,59.0,37.0,1521,2,47,F,Ottawa Senators,4,109,23,16,39,71,2017,9.75
1373,823.0,Alexander Volkov,22.0,TBL,83.0,14.0,13.0,27.0,-4.0,18.0,14.0,0.0,0.0,0.0,11.0,2.0,0.0,77.0,0.0,13.0,92:21,9:32,1.0,3.0,25.0,54.0,82.0,26.0,12.0,1522,2,48,F,Tampa Bay Lightning,2,46,7,7,14,12,2017,7.0
1375,0.0,Maxime Comtois,0.0,0,0.0,0.0,0.0,0.0,0.0,0.0,0.0,0.0,0.0,0.0,0.0,0.0,0.0,0.0,0.0,0.0,0,0,0.0,0.0,0.0,0.0,0.0,0.0,0.0,1524,2,50,F,Anaheim Ducks,6,211,38,49,87,193,2017,14.5
1378,819.0,Jack Studnicka,20.0,BOS,177.0,11.0,14.0,25.0,-54.0,50.0,11.0,0.0,0.0,2.0,14.0,0.0,0.0,222.0,0.0,4.0,24:15,8:01,9.0,6.0,60.0,75.0,220.0,58.0,45.0,1527,2,53,F,Boston Bruins,5,107,6,10,16,28,2017,3.2
1379,884.0,Jonah Gadjovich,22.0,VAN,118.0,6.0,8.0,14.0,-13.0,252.0,6.0,0.0,0.0,0.0,8.0,0.0,0.0,97.0,0.0,0.0,4:55,8:59,0.0,0.0,0.0,33.0,279.0,18.0,32.0,1529,2,55,F,Vancouver Canucks,5,134,7,8,15,262,2017,3.0
1382,0.0,Joni Ikonen,0.0,0,0.0,0.0,0.0,0.0,0.0,0.0,0.0,0.0,0.0,0.0,0.0,0.0,0.0,0.0,0.0,0.0,0,0,0.0,0.0,0.0,0.0,0.0,0.0,0.0,1532,2,58,F,Montréal Canadiens,0,0,0,0,0,0,2017,0.0
1384,0.0,Antoine Morand,0.0,0,0.0,0.0,0.0,0.0,0.0,0.0,0.0,0.0,0.0,0.0,0.0,0.0,0.0,0.0,0.0,0.0,0,0,0.0,0.0,0.0,0.0,0.0,0.0,0.0,1534,2,60,F,Anaheim Ducks,0,0,0,0,0,0,2017,0.0
1385,0.0,Grant Mismash,0.0,0,0.0,0.0,0.0,0.0,0.0,0.0,0.0,0.0,0.0,0.0,0.0,0.0,0.0,0.0,0.0,0.0,0,0,0.0,0.0,0.0,0.0,0.0,0.0,0.0,1535,2,61,F,Nashville Predators,0,0,0,0,0,0,2017,0.0
1386,664.0,Jake Leschyshyn,22.0,VEG,112.0,2.0,4.0,6.0,-23.0,24.0,2.0,0.0,0.0,0.0,4.0,0.0,0.0,97.0,5.7,61.0,463:21,9:36,122.0,143.0,46.0,46.0,155.0,21.0,12.0,1536,2,62,F,Vegas Golden Knights,4,77,2,4,6,16,2017,1.5
1387,625.0,Fabian Zetterlund,22.0,NJD,230.0,39.0,59.0,98.0,-41.0,61.0,30.0,8.0,1.0,2.0,45.0,14.0,0.0,476.0,8.3,50.0,186:48,18:51,2.0,1.0,66.7,118.0,242.0,88.0,79.0,1537,3,63,F,New Jersey Devils,4,196,43,54,97,53,2017,24.25
1388,0.0,Jonas Røndbjerg,0.0,0,0.0,0.0,0.0,0.0,0.0,0.0,0.0,0.0,0.0,0.0,0.0,0.0,0.0,0.0,0.0,0.0,0,0,0.0,0.0,0.0,0.0,0.0,0.0,0.0,1539,3,65,F,Vegas Golden Knights,4,65,3,7,10,8,2017,2.5
1390,648.0,Morgan Geekie,21.0,CAR,256.0,39.0,63.0,102.0,8.0,82.0,32.0,7.0,0.0,4.0,51.0,12.0,0.0,342.0,75.0,5.0,23:34,9:47,12.0,10.0,54.5,116.0,274.0,91.0,77.0,1541,3,67,F,Carolina Hurricanes,6,283,44,69,113,86,2017,18.83333333333333
1392,698.0,MacKenzie Entwistle,21.0,CHI,193.0,15.0,20.0,35.0,-55.0,86.0,14.0,0.0,1.0,1.0,19.0,1.0,0.0,156.0,16.7,8.0,49:05,9:49,6.0,21.0,22.2,84.0,404.0,54.0,43.0,1543,3,69,F,Arizona Coyotes,4,193,15,20,35,86,2017,8.75
1393,0.0,Andrei Altybarmakyan,0.0,0,0.0,0.0,0.0,0.0,0.0,0.0,0.0,0.0,0.0,0.0,0.0,0.0,0.0,0.0,0.0,0.0,0,0,0.0,0.0,0.0,0.0,0.0,0.0,0.0,1544,3,70,F,Chicago Blackhawks,0,0,0,0,0,0,2017,0.0
1395,0.0,Stelio Mattheos,0.0,0,0.0,0.0,0.0,0.0,0.0,0.0,0.0,0.0,0.0,0.0,0.0,0.0,0.0,0.0,0.0,0.0,0,0,0.0,0.0,0.0,0.0,0.0,0.0,0.0,1547,3,73,F,Carolina Hurricanes,0,0,0,0,0,0,2017,0.0
1397,0.0,Nate Schnarr,0.0,0,0.0,0.0,0.0,0.0,0.0,0.0,0.0,0.0,0.0,0.0,0.0,0.0,0.0,0.0,0.0,0.0,0,0,0.0,0.0,0.0,0.0,0.0,0.0,0.0,1549,3,75,F,Arizona Coyotes,0,0,0,0,0,0,2017,0.0
1398,0.0,Alexei Lipanov,0.0,0,0.0,0.0,0.0,0.0,0.0,0.0,0.0,0.0,0.0,0.0,0.0,0.0,0.0,0.0,0.0,0.0,0,0,0.0,0.0,0.0,0.0,0.0,0.0,0.0,1550,3,76,F,Tampa Bay Lightning,0,0,0,0,0,0,2017,0.0
1400,0.0,Lane Zablocki,0.0,0,0.0,0.0,0.0,0.0,0.0,0.0,0.0,0.0,0.0,0.0,0.0,0.0,0.0,0.0,0.0,0.0,0,0,0.0,0.0,0.0,0.0,0.0,0.0,0.0,1553,3,79,F,Detroit Red Wings,0,0,0,0,0,0,2017,0.0
1403,0.0,Zach Gallant,0.0,0,0.0,0.0,0.0,0.0,0.0,0.0,0.0,0.0,0.0,0.0,0.0,0.0,0.0,0.0,0.0,0.0,0,0,0.0,0.0,0.0,0.0,0.0,0.0,0.0,1557,3,83,F,Detroit Red Wings,0,0,0,0,0,0,2017,0.0
1405,0.0,Ivan Lodnia,0.0,0,0.0,0.0,0.0,0.0,0.0,0.0,0.0,0.0,0.0,0.0,0.0,0.0,0.0,0.0,0.0,0.0,0,0,0.0,0.0,0.0,0.0,0.0,0.0,0.0,1559,3,85,F,Minnesota Wild,0,0,0,0,0,0,2017,0.0
1408,0.0,Evan Barratt,0.0,0,0.0,0.0,0.0,0.0,0.0,0.0,0.0,0.0,0.0,0.0,0.0,0.0,0.0,0.0,0.0,0.0,0,0,0.0,0.0,0.0,0.0,0.0,0.0,0.0,1564,3,90,F,Chicago Blackhawks,0,0,0,0,0,0,2017,0.0
1409,0.0,Jack Badini,0.0,0,0.0,0.0,0.0,0.0,0.0,0.0,0.0,0.0,0.0,0.0,0.0,0.0,0.0,0.0,0.0,0.0,0,0,0.0,0.0,0.0,0.0,0.0,0.0,0.0,1565,3,91,F,Anaheim Ducks,0,0,0,0,0,0,2017,0.0
1412,0.0,Nick Henry,0.0,0,0.0,0.0,0.0,0.0,0.0,0.0,0.0,0.0,0.0,0.0,0.0,0.0,0.0,0.0,0.0,0.0,0,0,0.0,0.0,0.0,0.0,0.0,0.0,0.0,1568,4,94,F,Colorado Avalanche,0,0,0,0,0,0,2017,0.0
1414,1088.0,Mason Shaw,23.0,MIN,82.0,8.0,12.0,20.0,-3.0,118.0,8.0,0.0,0.0,0.0,10.0,0.0,2.0,120.0,0.0,10.0,26:58,8:59,1.0,2.0,33.3,34.0,122.0,23.0,20.0,1571,4,97,F,Minnesota Wild,3,82,8,12,20,118,2017,6.666666666666667
1415,0.0,Nikita Popugayev,0.0,0,0.0,0.0,0.0,0.0,0.0,0.0,0.0,0.0,0.0,0.0,0.0,0.0,0.0,0.0,0.0,0.0,0,0,0.0,0.0,0.0,0.0,0.0,0.0,0.0,1572,4,98,F,New Jersey Devils,0,0,0,0,0,0,2017,0.0
1418,0.0,Liam Hawel,0.0,0,0.0,0.0,0.0,0.0,0.0,0.0,0.0,0.0,0.0,0.0,0.0,0.0,0.0,0.0,0.0,0.0,0,0,0.0,0.0,0.0,0.0,0.0,0.0,0.0,1575,4,101,F,Dallas Stars,0,0,0,0,0,0,2017,0.0
1419,602.0,Scott Reedy,22.0,SJS,35.0,7.0,2.0,9.0,-8.0,10.0,4.0,3.0,0.0,2.0,2.0,0.0,0.0,33.0,21.2,54.0,391:31,11:11,53.0,79.0,40.2,26.0,14.0,6.0,5.0,1576,4,102,F,San Jose Sharks,1,35,7,2,9,10,2017,9.0
1421,0.0,Santeri Virtanen,0.0,0,0.0,0.0,0.0,0.0,0.0,0.0,0.0,0.0,0.0,0.0,0.0,0.0,0.0,0.0,0.0,0.0,0,0,0.0,0.0,0.0,0.0,0.0,0.0,0.0,1579,4,105,F,Winnipeg Jets,0,0,0,0,0,0,2017,0.0
1422,0.0,Matthew Strome,0.0,0,0.0,0.0,0.0,0.0,0.0,0.0,0.0,0.0,0.0,0.0,0.0,0.0,0.0,0.0,0.0,0.0,0,0,0.0,0.0,0.0,0.0,0.0,0.0,0.0,1580,4,106,F,Philadelphia Flyers,0,0,0,0,0,0,2017,0.0
1423,0.0,Maxim Sushko,0.0,0,0.0,0.0,0.0,0.0,0.0,0.0,0.0,0.0,0.0,0.0,0.0,0.0,0.0,0.0,0.0,0.0,0,0,0.0,0.0,0.0,0.0,0.0,0.0,0.0,1581,4,107,F,Philadelphia Flyers,1,2,0,0,0,0,2017,0.0
1425,0.0,Adam Ruzicka,0.0,0,0.0,0.0,0.0,0.0,0.0,0.0,0.0,0.0,0.0,0.0,0.0,0.0,0.0,0.0,0.0,0.0,0,0,0.0,0.0,0.0,0.0,0.0,0.0,0.0,1583,4,109,F,Calgary Flames,4,117,14,26,40,32,2017,10.0
1426,0.0,Tim Söderlund,0.0,0,0.0,0.0,0.0,0.0,0.0,0.0,0.0,0.0,0.0,0.0,0.0,0.0,0.0,0.0,0.0,0.0,0,0,0.0,0.0,0.0,0.0,0.0,0.0,0.0,1586,4,112,F,Chicago Blackhawks,0,0,0,0,0,0,2017,0.0
1427,0.0,Alexei Toropchenko,0.0,0,0.0,0.0,0.0,0.0,0.0,0.0,0.0,0.0,0.0,0.0,0.0,0.0,0.0,0.0,0.0,0.0,0,0,0.0,0.0,0.0,0.0,0.0,0.0,0.0,1587,4,113,F,St. Louis Blues,4,209,27,20,47,72,2017,11.75
1428,0.0,Ostap Safin,0.0,0,0.0,0.0,0.0,0.0,0.0,0.0,0.0,0.0,0.0,0.0,0.0,0.0,0.0,0.0,0.0,0.0,0,0,0.0,0.0,0.0,0.0,0.0,0.0,0.0,1589,4,115,F,Edmonton Oilers,0,0,0,0,0,0,2017,0.0
1429,0.0,Bryce Misley,0.0,0,0.0,0.0,0.0,0.0,0.0,0.0,0.0,0.0,0.0,0.0,0.0,0.0,0.0,0.0,0.0,0.0,0,0,0.0,0.0,0.0,0.0,0.0,0.0,0.0,1590,4,116,F,Minnesota Wild,0,0,0,0,0,0,2017,0.0
1430,0.0,Emil Bemström,0.0,0,0.0,0.0,0.0,0.0,0.0,0.0,0.0,0.0,0.0,0.0,0.0,0.0,0.0,0.0,0.0,0.0,0,0,0.0,0.0,0.0,0.0,0.0,0.0,0.0,1591,4,117,F,Columbus Blue Jackets,5,228,34,40,74,30,2017,14.8
1434,561.0,Drake Batherson,20.0,OTT,309.0,90.0,135.0,225.0,-71.0,134.0,58.0,32.0,0.0,14.0,78.0,57.0,0.0,716.0,16.7,27.0,268:18,18:56,3.0,1.0,75.0,144.0,472.0,132.0,150.0,1595,4,121,F,Ottawa Senators,7,339,103,155,258,144,2017,36.85714285714285
1435,0.0,Kyle Olson,0.0,0,0.0,0.0,0.0,0.0,0.0,0.0,0.0,0.0,0.0,0.0,0.0,0.0,0.0,0.0,0.0,0.0,0,0,0.0,0.0,0.0,0.0,0.0,0.0,0.0,1596,4,122,F,Anaheim Ducks,0,0,0,0,0,0,2017,0.0
1437,0.0,Vladislav Kara,0.0,0,0.0,0.0,0.0,0.0,0.0,0.0,0.0,0.0,0.0,0.0,0.0,0.0,0.0,0.0,0.0,0.0,0,0,0.0,0.0,0.0,0.0,0.0,0.0,0.0,1598,4,124,F,Toronto Maple Leafs,0,0,0,0,0,0,2017,0.0
1438,0.0,Igor Shvyryov,0.0,0,0.0,0.0,0.0,0.0,0.0,0.0,0.0,0.0,0.0,0.0,0.0,0.0,0.0,0.0,0.0,0.0,0,0,0.0,0.0,0.0,0.0,0.0,0.0,0.0,1599,5,125,F,Colorado Avalanche,0,0,0,0,0,0,2017,0.0
1440,0.0,Lucas Elvenes,0.0,0,0.0,0.0,0.0,0.0,0.0,0.0,0.0,0.0,0.0,0.0,0.0,0.0,0.0,0.0,0.0,0.0,0,0,0.0,0.0,0.0,0.0,0.0,0.0,0.0,1601,5,127,F,Vegas Golden Knights,0,0,0,0,0,0,2017,0.0
1441,0.0,Tyler Steenbergen,0.0,0,0.0,0.0,0.0,0.0,0.0,0.0,0.0,0.0,0.0,0.0,0.0,0.0,0.0,0.0,0.0,0.0,0,0,0.0,0.0,0.0,0.0,0.0,0.0,0.0,1602,5,128,F,Arizona Coyotes,0,0,0,0,0,0,2017,0.0
1444,467.0,Jacob Peterson,22.0,DAL,95.0,16.0,17.0,33.0,-28.0,22.0,12.0,4.0,0.0,5.0,16.0,1.0,0.0,130.0,14.1,146.0,719:06,17:54,59.0,56.0,51.3,38.0,52.0,13.0,23.0,1606,5,132,F,Dallas Stars,3,83,14,11,25,18,2017,8.333333333333334
1449,595.0,Noah Cates,22.0,PHI,157.0,24.0,41.0,65.0,-1.0,16.0,19.0,4.0,1.0,7.0,33.0,5.0,3.0,208.0,21.7,43.0,211:56,17:46,0.0,7.0,0.0,106.0,159.0,103.0,21.0,1611,5,137,F,Philadelphia Flyers,4,184,26,46,72,18,2017,18.0
1450,975.0,Drake Rymsha,22.0,LAK,1.0,0.0,0.0,0.0,1.0,0.0,0.0,0.0,0.0,0.0,0.0,0.0,0.0,0.0,0.0,0.0,13:16,13:16,0.0,0.0,0.0,0.0,0.0,0.0,0.0,1612,5,138,F,Los Angeles Kings,1,1,0,0,0,0,2017,0.0
1452,0.0,Zach Fischer,0.0,0,0.0,0.0,0.0,0.0,0.0,0.0,0.0,0.0,0.0,0.0,0.0,0.0,0.0,0.0,0.0,0.0,0,0,0.0,0.0,0.0,0.0,0.0,0.0,0.0,1614,5,140,F,Calgary Flames,0,0,0,0,0,0,2017,0.0
1454,0.0,Jack Dugan,0.0,0,0.0,0.0,0.0,0.0,0.0,0.0,0.0,0.0,0.0,0.0,0.0,0.0,0.0,0.0,0.0,0.0,0,0,0.0,0.0,0.0,0.0,0.0,0.0,0.0,1616,5,142,F,Vegas Golden Knights,0,0,0,0,0,0,2017,0.0
1455,0.0,Marian Studenic,0.0,0,0.0,0.0,0.0,0.0,0.0,0.0,0.0,0.0,0.0,0.0,0.0,0.0,0.0,0.0,0.0,0.0,0,0,0.0,0.0,0.0,0.0,0.0,0.0,0.0,1617,5,143,F,New Jersey Devils,4,46,3,3,6,12,2017,1.5
1456,0.0,Parker Foo,0.0,0,0.0,0.0,0.0,0.0,0.0,0.0,0.0,0.0,0.0,0.0,0.0,0.0,0.0,0.0,0.0,0.0,0,0,0.0,0.0,0.0,0.0,0.0,0.0,0.0,1618,5,144,F,Chicago Blackhawks,0,0,0,0,0,0,2017,0.0
1458,0.0,Kirill Maximov,0.0,0,0.0,0.0,0.0,0.0,0.0,0.0,0.0,0.0,0.0,0.0,0.0,0.0,0.0,0.0,0.0,0.0,0,0,0.0,0.0,0.0,0.0,0.0,0.0,0.0,1620,5,146,F,Edmonton Oilers,0,0,0,0,0,0,2017,0.0
1460,0.0,Kale Howarth,0.0,0,0.0,0.0,0.0,0.0,0.0,0.0,0.0,0.0,0.0,0.0,0.0,0.0,0.0,0.0,0.0,0.0,0,0,0.0,0.0,0.0,0.0,0.0,0.0,0.0,1622,5,148,F,Columbus Blue Jackets,0,0,0,0,0,0,2017,0.0
1464,0.0,Jan Drozg,0.0,0,0.0,0.0,0.0,0.0,0.0,0.0,0.0,0.0,0.0,0.0,0.0,0.0,0.0,0.0,0.0,0.0,0,0,0.0,0.0,0.0,0.0,0.0,0.0,0.0,1626,5,152,F,Pittsburgh Penguins,0,0,0,0,0,0,2017,0.0
1465,0.0,Linus Ölund,0.0,0,0.0,0.0,0.0,0.0,0.0,0.0,0.0,0.0,0.0,0.0,0.0,0.0,0.0,0.0,0.0,0.0,0,0,0.0,0.0,0.0,0.0,0.0,0.0,0.0,1629,5,155,F,Pittsburgh Penguins,0,0,0,0,0,0,2017,0.0
1466,0.0,Denis Smirnov,0.0,0,0.0,0.0,0.0,0.0,0.0,0.0,0.0,0.0,0.0,0.0,0.0,0.0,0.0,0.0,0.0,0.0,0,0,0.0,0.0,0.0,0.0,0.0,0.0,0.0,1630,6,156,F,Colorado Avalanche,0,0,0,0,0,0,2017,0.0
1467,0.0,Dominik Lakatos,0.0,0,0.0,0.0,0.0,0.0,0.0,0.0,0.0,0.0,0.0,0.0,0.0,0.0,0.0,0.0,0.0,0.0,0,0,0.0,0.0,0.0,0.0,0.0,0.0,0.0,1631,6,157,F,New York Rangers,0,0,0,0,0,0,2017,0.0
1468,0.0,Nick Campoli,0.0,0,0.0,0.0,0.0,0.0,0.0,0.0,0.0,0.0,0.0,0.0,0.0,0.0,0.0,0.0,0.0,0.0,0,0,0.0,0.0,0.0,0.0,0.0,0.0,0.0,1632,6,158,F,Vegas Golden Knights,0,0,0,0,0,0,2017,0.0
1469,0.0,Jake McGrew,0.0,0,0.0,0.0,0.0,0.0,0.0,0.0,0.0,0.0,0.0,0.0,0.0,0.0,0.0,0.0,0.0,0.0,0,0,0.0,0.0,0.0,0.0,0.0,0.0,0.0,1633,6,159,F,San Jose Sharks,0,0,0,0,0,0,2017,0.0
1470,0.0,Aarne Talvitie,0.0,0,0.0,0.0,0.0,0.0,0.0,0.0,0.0,0.0,0.0,0.0,0.0,0.0,0.0,0.0,0.0,0.0,0,0,0.0,0.0,0.0,0.0,0.0,0.0,0.0,1634,6,160,F,New Jersey Devils,0,0,0,0,0,0,2017,0.0
1471,0.0,Jack Adams,0.0,0,0.0,0.0,0.0,0.0,0.0,0.0,0.0,0.0,0.0,0.0,0.0,0.0,0.0,0.0,0.0,0.0,0,0,0.0,0.0,0.0,0.0,0.0,0.0,0.0,1636,6,162,F,Detroit Red Wings,0,0,0,0,0,0,2017,0.0
1472,0.0,Brett Davis,0.0,0,0.0,0.0,0.0,0.0,0.0,0.0,0.0,0.0,0.0,0.0,0.0,0.0,0.0,0.0,0.0,0.0,0,0,0.0,0.0,0.0,0.0,0.0,0.0,0.0,1637,6,163,F,Dallas Stars,0,0,0,0,0,0,2017,0.0
1474,924.0,Arnaud Durandeau,24.0,NYI,4.0,0.0,0.0,0.0,1.0,2.0,0.0,0.0,0.0,0.0,0.0,0.0,0.0,9.0,0.0,11.0,52:00,13:00,0.0,1.0,0.0,2.0,3.0,1.0,0.0,1639,6,165,F,New York Islanders,1,4,0,0,0,2,2017,0.0
1476,844.0,Olle Lycksell,23.0,PHI,26.0,1.0,5.0,6.0,-3.0,14.0,1.0,0.0,0.0,0.0,5.0,0.0,0.0,34.0,0.0,6.0,84:29,9:57,0.0,0.0,0.0,11.0,5.0,2.0,5.0,1642,6,168,F,Philadelphia Flyers,2,26,1,5,6,14,2017,3.0
1478,764.0,Jonathan Davidsson,22.0,OTT,6.0,0.0,1.0,1.0,0.0,0.0,0.0,0.0,0.0,0.0,1.0,0.0,0.0,3.0,0.0,6.0,33:08,5:31,0.0,0.0,0.0,1.0,5.0,0.0,0.0,1644,6,170,F,Columbus Blue Jackets,1,6,0,1,1,0,2017,1.0
1479,0.0,D'Artagnan Joly,0.0,0,0.0,0.0,0.0,0.0,0.0,0.0,0.0,0.0,0.0,0.0,0.0,0.0,0.0,0.0,0.0,0.0,0,0,0.0,0.0,0.0,0.0,0.0,0.0,0.0,1645,6,171,F,Calgary Flames,0,0,0,0,0,0,2017,0.0
1480,0.0,Ryan McGregor,0.0,0,0.0,0.0,0.0,0.0,0.0,0.0,0.0,0.0,0.0,0.0,0.0,0.0,0.0,0.0,0.0,0.0,0,0,0.0,0.0,0.0,0.0,0.0,0.0,0.0,1646,6,172,F,Toronto Maple Leafs,0,0,0,0,0,0,2017,0.0
1481,0.0,Cédric Paré,0.0,0,0.0,0.0,0.0,0.0,0.0,0.0,0.0,0.0,0.0,0.0,0.0,0.0,0.0,0.0,0.0,0.0,0,0,0.0,0.0,0.0,0.0,0.0,0.0,0.0,1647,6,173,F,Boston Bruins,0,0,0,0,0,0,2017,0.0
1482,740.0,Morgan Barron,22.0,NYR,209.0,24.0,26.0,50.0,5.0,72.0,23.0,0.0,1.0,5.0,22.0,2.0,2.0,275.0,33.3,7.0,68:27,9:48,9.0,9.0,50.0,107.0,350.0,57.0,36.0,1648,6,174,F,New York Rangers,5,214,24,24,48,72,2017,9.6
1484,0.0,Pavel Koltygin,0.0,0,0.0,0.0,0.0,0.0,0.0,0.0,0.0,0.0,0.0,0.0,0.0,0.0,0.0,0.0,0.0,0.0,0,0,0.0,0.0,0.0,0.0,0.0,0.0,0.0,1650,6,176,F,Nashville Predators,0,0,0,0,0,0,2017,0.0
1485,0.0,Skyler Brind'Amour,0.0,0,0.0,0.0,0.0,0.0,0.0,0.0,0.0,0.0,0.0,0.0,0.0,0.0,0.0,0.0,0.0,0.0,0,0,0.0,0.0,0.0,0.0,0.0,0.0,0.0,1651,6,177,F,Edmonton Oilers,0,0,0,0,0,0,2017,0.0
1486,0.0,Andrei Svetlakov,0.0,0,0.0,0.0,0.0,0.0,0.0,0.0,0.0,0.0,0.0,0.0,0.0,0.0,0.0,0.0,0.0,0.0,0,0,0.0,0.0,0.0,0.0,0.0,0.0,0.0,1652,6,178,F,Minnesota Wild,0,0,0,0,0,0,2017,0.0
1487,759.0,Carson Meyer,24.0,CBJ,41.0,2.0,4.0,6.0,-4.0,14.0,2.0,0.0,0.0,0.0,4.0,0.0,0.0,40.0,7.7,25.0,106:57,9:43,0.0,0.0,0.0,10.0,90.0,11.0,3.0,1653,6,179,F,Columbus Blue Jackets,3,41,2,4,6,14,2017,2.0
1488,652.0,Cole Guttman,23.0,CHI,41.0,8.0,6.0,14.0,-16.0,9.0,6.0,2.0,0.0,1.0,5.0,1.0,0.0,76.0,15.4,42.0,203:51,14:34,88.0,81.0,52.1,22.0,15.0,26.0,21.0,1654,6,180,F,Tampa Bay Lightning,2,41,8,6,14,9,2017,7.0
1489,0.0,Petrus Palmu,0.0,0,0.0,0.0,0.0,0.0,0.0,0.0,0.0,0.0,0.0,0.0,0.0,0.0,0.0,0.0,0.0,0.0,0,0,0.0,0.0,0.0,0.0,0.0,0.0,0.0,1655,6,181,F,Vancouver Canucks,0,0,0,0,0,0,2017,0.0
1491,0.0,Sebastian Repo,0.0,0,0.0,0.0,0.0,0.0,0.0,0.0,0.0,0.0,0.0,0.0,0.0,0.0,0.0,0.0,0.0,0.0,0,0,0.0,0.0,0.0,0.0,0.0,0.0,0.0,1658,6,184,F,Florida Panthers,0,0,0,0,0,0,2017,0.0
1492,0.0,Alexander Chmelevski,0.0,0,0.0,0.0,0.0,0.0,0.0,0.0,0.0,0.0,0.0,0.0,0.0,0.0,0.0,0.0,0.0,0.0,0,0,0.0,0.0,0.0,0.0,0.0,0.0,0.0,1659,6,185,F,San Jose Sharks,2,24,0,10,10,6,2017,5.0
1496,1001.0,Ben Jones,22.0,VEG,2.0,0.0,0.0,0.0,0.0,2.0,0.0,0.0,0.0,0.0,0.0,0.0,0.0,1.0,0.0,3.0,16:05,8:03,0.0,0.0,0.0,1.0,4.0,0.0,0.0,1663,7,189,F,Vegas Golden Knights,2,15,0,0,0,2,2017,0.0
1497,0.0,Erik Walli Walterholm,0.0,0,0.0,0.0,0.0,0.0,0.0,0.0,0.0,0.0,0.0,0.0,0.0,0.0,0.0,0.0,0.0,0.0,0,0,0.0,0.0,0.0,0.0,0.0,0.0,0.0,1664,7,190,F,Arizona Coyotes,0,0,0,0,0,0,2017,0.0
1499,0.0,Linus Weissbach,0.0,0,0.0,0.0,0.0,0.0,0.0,0.0,0.0,0.0,0.0,0.0,0.0,0.0,0.0,0.0,0.0,0.0,0,0,0.0,0.0,0.0,0.0,0.0,0.0,0.0,1666,7,192,F,Buffalo Sabres,0,0,0,0,0,0,2017,0.0
1500,0.0,Brady Gilmour,0.0,0,0.0,0.0,0.0,0.0,0.0,0.0,0.0,0.0,0.0,0.0,0.0,0.0,0.0,0.0,0.0,0.0,0,0,0.0,0.0,0.0,0.0,0.0,0.0,0.0,1667,7,193,F,Detroit Red Wings,0,0,0,0,0,0,2017,0.0
1504,0.0,Skyler McKenzie,0.0,0,0.0,0.0,0.0,0.0,0.0,0.0,0.0,0.0,0.0,0.0,0.0,0.0,0.0,0.0,0.0,0.0,0,0,0.0,0.0,0.0,0.0,0.0,0.0,0.0,1672,7,198,F,Winnipeg Jets,0,0,0,0,0,0,2017,0.0
1505,0.0,Sammy Walker,0.0,0,0.0,0.0,0.0,0.0,0.0,0.0,0.0,0.0,0.0,0.0,0.0,0.0,0.0,0.0,0.0,0.0,0,0,0.0,0.0,0.0,0.0,0.0,0.0,0.0,1674,7,200,F,Tampa Bay Lightning,2,13,1,1,2,0,2017,1.0
1506,0.0,Logan Cockerill,0.0,0,0.0,0.0,0.0,0.0,0.0,0.0,0.0,0.0,0.0,0.0,0.0,0.0,0.0,0.0,0.0,0.0,0,0,0.0,0.0,0.0,0.0,0.0,0.0,0.0,1675,7,201,F,New York Islanders,0,0,0,0,0,0,2017,0.0
1507,0.0,Filip Sveningsson,0.0,0,0.0,0.0,0.0,0.0,0.0,0.0,0.0,0.0,0.0,0.0,0.0,0.0,0.0,0.0,0.0,0.0,0,0,0.0,0.0,0.0,0.0,0.0,0.0,0.0,1676,7,202,F,Calgary Flames,0,0,0,0,0,0,2017,0.0
1512,0.0,Patrik Virta,0.0,0,0.0,0.0,0.0,0.0,0.0,0.0,0.0,0.0,0.0,0.0,0.0,0.0,0.0,0.0,0.0,0.0,0,0,0.0,0.0,0.0,0.0,0.0,0.0,0.0,1681,7,207,F,New York Rangers,0,0,0,0,0,0,2017,0.0
1514,1040.0,Nick Swaney,25.0,MIN,1.0,0.0,0.0,0.0,0.0,0.0,0.0,0.0,0.0,0.0,0.0,0.0,0.0,0.0,0.0,0.0,9:33,9:33,0.0,0.0,0.0,0.0,3.0,1.0,0.0,1683,7,209,F,Minnesota Wild,1,1,0,0,0,0,2017,0.0
1517,759.0,Ivan Chekhovich,22.0,SJS,4.0,0.0,1.0,1.0,-3.0,0.0,0.0,0.0,0.0,0.0,1.0,0.0,0.0,5.0,0.0,6.0,41:57,10:29,0.0,0.0,0.0,2.0,0.0,1.0,2.0,1686,7,212,F,San Jose Sharks,1,4,0,1,1,0,2017,1.0
1518,0.0,Kristian Røykås Marthinsen,0.0,0,0.0,0.0,0.0,0.0,0.0,0.0,0.0,0.0,0.0,0.0,0.0,0.0,0.0,0.0,0.0,0.0,0,0,0.0,0.0,0.0,0.0,0.0,0.0,0.0,1687,7,213,F,Washington Capitals,0,0,0,0,0,0,2017,0.0
1524,196.0,Andrei Svechnikov,18.0,CAR,406.0,131.0,185.0,316.0,48.0,368.0,102.0,29.0,0.0,26.0,117.0,68.0,0.0,1117.0,10.6,310.0,1201:02,18:03,1.0,6.0,14.3,125.0,824.0,190.0,338.0,1693,1,2,F,Carolina Hurricanes,7,436,142,198,340,398,2018,48.57142857142857
1525,221.0,Jesperi Kotkaniemi,18.0,MTL,398.0,64.0,97.0,161.0,-2.0,184.0,57.0,6.0,1.0,8.0,74.0,22.0,1.0,614.0,8.2,261.0,1085:35,14:48,359.0,426.0,45.7,153.0,436.0,159.0,198.0,1694,1,3,F,Montréal Canadiens,7,428,69,107,176,210,2018,25.142857142857142
1526,141.0,Brady Tkachuk,19.0,OTT,440.0,162.0,187.0,349.0,-57.0,627.0,119.0,43.0,0.0,20.0,134.0,53.0,0.0,1685.0,10.3,335.0,1137:46,19:09,73.0,76.0,49.0,160.0,1531.0,209.0,284.0,1695,1,4,F,Ottawa Senators,7,470,177,204,381,677,2018,54.42857142857143
1527,652.0,Barrett Hayton,19.0,ARI,209.0,35.0,49.0,84.0,-25.0,102.0,28.0,7.0,0.0,6.0,38.0,10.0,1.0,363.0,3.7,44.0,222:51,17:30,23.0,38.0,37.7,87.0,213.0,74.0,75.0,1696,1,5,F,Arizona Coyotes,6,239,40,56,96,104,2018,16.0
1528,721.0,Filip Zadina,19.0,DET,262.0,41.0,50.0,91.0,-95.0,40.0,26.0,15.0,0.0,8.0,38.0,12.0,0.0,517.0,5.6,38.0,138:28,16:48,3.0,3.0,50.0,112.0,173.0,103.0,102.0,1697,1,6,F,Detroit Red Wings,6,262,41,50,91,40,2018,15.166666666666666
1531,629.0,Vitali Kravtsov,21.0,NYR,108.0,10.0,10.0,20.0,0.0,24.0,8.0,2.0,0.0,0.0,6.0,4.0,0.0,109.0,8.7,42.0,247:56,12:24,0.0,2.0,0.0,36.0,63.0,31.0,27.0,1700,1,9,F,New York Rangers,2,64,6,6,12,14,2018,6.0
1533,963.0,Oliver Wahlstrom,19.0,NYI,193.0,34.0,33.0,67.0,-7.0,139.0,23.0,11.0,0.0,4.0,23.0,10.0,0.0,371.0,0.0,16.0,92:36,12:23,0.0,3.0,0.0,74.0,253.0,54.0,55.0,1702,1,11,F,New York Islanders,6,220,36,35,71,148,2018,11.833333333333334
1535,588.0,Ty Dellandrea,20.0,DAL,151.0,14.0,28.0,42.0,-2.0,100.0,12.0,2.0,0.0,2.0,24.0,1.0,3.0,177.0,9.7,59.0,324:38,14:12,45.0,55.0,45.0,66.0,238.0,36.0,38.0,1704,1,13,F,Dallas Stars,5,180,15,31,46,113,2018,9.2
1536,334.0,Joel Farabee,19.0,PHI,334.0,82.0,100.0,182.0,-19.0,195.0,74.0,7.0,1.0,6.0,86.0,14.0,0.0,649.0,9.9,142.0,733:29,17:35,3.0,7.0,30.0,172.0,290.0,125.0,136.0,1705,1,14,F,Philadelphia Flyers,6,365,86,107,193,212,2018,32.166666666666664
1537,622.0,Grigori Denisenko,20.0,FLA,32.0,0.0,7.0,7.0,-7.0,10.0,0.0,0.0,0.0,0.0,7.0,0.0,0.0,30.0,0.0,11.0,83:35,9:53,1.0,1.0,50.0,14.0,50.0,5.0,1.0,1706,1,15,F,Florida Panthers,5,33,0,7,7,12,2018,1.4
1538,682.0,Martin Kaut,20.0,COL,92.0,10.0,9.0,19.0,-8.0,14.0,7.0,3.0,0.0,2.0,9.0,0.0,0.0,104.0,15.4,25.0,91:14,9:08,1.0,0.0,100.0,14.0,67.0,27.0,8.0,1707,1,16,F,Colorado Avalanche,4,56,6,5,11,10,2018,2.75
1540,769.0,Liam Foudy,19.0,CBJ,115.0,7.0,18.0,25.0,-30.0,18.0,7.0,0.0,0.0,0.0,18.0,0.0,0.0,125.0,0.0,6.0,28:26,9:59,0.0,0.0,0.0,31.0,93.0,36.0,14.0,1709,1,18,F,Columbus Blue Jackets,6,104,7,15,22,16,2018,3.6666666666666665
1541,0.0,Jay O'Brien,0.0,0,0.0,0.0,0.0,0.0,0.0,0.0,0.0,0.0,0.0,0.0,0.0,0.0,0.0,0.0,0.0,0.0,0,0,0.0,0.0,0.0,0.0,0.0,0.0,0.0,1710,1,19,F,Philadelphia Flyers,0,0,0,0,0,0,2018,0.0
1542,788.0,Rasmus Kupari,20.0,LAK,158.0,9.0,21.0,30.0,-20.0,36.0,7.0,1.0,1.0,1.0,18.0,2.0,1.0,140.0,12.5,10.0,80:18,9:08,35.0,30.0,53.8,64.0,179.0,32.0,36.0,1711,1,20,F,Los Angeles Kings,5,188,11,22,33,44,2018,6.6
1545,0.0,Isac Lundeström,0.0,0,0.0,0.0,0.0,0.0,0.0,0.0,0.0,0.0,0.0,0.0,0.0,0.0,0.0,0.0,0.0,0.0,0,0,0.0,0.0,0.0,0.0,0.0,0.0,0.0,1714,1,23,F,Anaheim Ducks,7,285,34,40,74,30,2018,10.571428571428571
1547,0.0,Dominik Bokk,0.0,0,0.0,0.0,0.0,0.0,0.0,0.0,0.0,0.0,0.0,0.0,0.0,0.0,0.0,0.0,0.0,0.0,0,0,0.0,0.0,0.0,0.0,0.0,0.0,0.0,1716,1,25,F,St. Louis Blues,0,0,0,0,0,0,2018,0.0
1552,828.0,Joe Veleno,21.0,DET,232.0,30.0,34.0,64.0,-42.0,81.0,25.0,5.0,0.0,2.0,28.0,5.0,1.0,252.0,12.5,16.0,75:31,15:06,17.0,17.0,50.0,108.0,390.0,73.0,42.0,1721,1,30,F,Detroit Red Wings,5,258,31,36,67,90,2018,13.4
1555,301.0,Jonatan Berggren,22.0,DET,79.0,17.0,17.0,34.0,-15.0,18.0,12.0,5.0,0.0,0.0,13.0,4.0,0.0,112.0,15.3,158.0,901:48,13:28,3.0,3.0,50.0,35.0,22.0,19.0,26.0,1724,2,33,F,Detroit Red Wings,3,109,21,19,40,28,2018,13.333333333333334
1556,0.0,Serron Noel,0.0,0,0.0,0.0,0.0,0.0,0.0,0.0,0.0,0.0,0.0,0.0,0.0,0.0,0.0,0.0,0.0,0.0,0,0,0.0,0.0,0.0,0.0,0.0,0.0,0.0,1725,2,34,F,Florida Panthers,0,0,0,0,0,0,2018,0.0
1557,0.0,Jesse Ylönen,0.0,0,0.0,0.0,0.0,0.0,0.0,0.0,0.0,0.0,0.0,0.0,0.0,0.0,0.0,0.0,0.0,0.0,0,0,0.0,0.0,0.0,0.0,0.0,0.0,0.0,1726,2,35,F,Montréal Canadiens,4,111,12,17,29,14,2018,7.25
1561,797.0,Ryan McLeod,21.0,EDM,219.0,32.0,43.0,75.0,10.0,40.0,28.0,2.0,2.0,4.0,36.0,4.0,3.0,269.0,0.0,12.0,127:53,14:15,41.0,40.0,50.6,84.0,136.0,129.0,136.0,1731,2,40,F,Edmonton Oilers,5,250,38,52,90,44,2018,18.0
1563,784.0,Jack Drury,21.0,CAR,114.0,12.0,25.0,37.0,10.0,49.0,10.0,2.0,0.0,1.0,19.0,6.0,0.0,181.0,33.3,8.0,31:55,15:58,12.0,3.0,80.0,53.0,46.0,33.0,25.0,1733,2,42,F,Carolina Hurricanes,4,142,15,31,46,57,2018,11.5
1564,826.0,Ruslan Iskhakov,23.0,NYI,1.0,0.0,1.0,1.0,0.0,0.0,0.0,0.0,0.0,0.0,0.0,1.0,0.0,2.0,0.0,3.0,14:11,14:11,0.0,0.0,0.0,0.0,0.0,0.0,1.0,1734,2,43,F,New York Islanders,1,1,0,1,1,0,2018,1.0
1565,0.0,Albin Eriksson,0.0,0,0.0,0.0,0.0,0.0,0.0,0.0,0.0,0.0,0.0,0.0,0.0,0.0,0.0,0.0,0.0,0.0,0,0,0.0,0.0,0.0,0.0,0.0,0.0,0.0,1735,2,44,F,Dallas Stars,0,0,0,0,0,0,2018,0.0
1568,0.0,Kody Clark,0.0,0,0.0,0.0,0.0,0.0,0.0,0.0,0.0,0.0,0.0,0.0,0.0,0.0,0.0,0.0,0.0,0.0,0,0,0.0,0.0,0.0,0.0,0.0,0.0,0.0,1738,2,47,F,Washington Capitals,0,0,0,0,0,0,2018,0.0
1570,345.0,Kirill Marchenko,22.0,CBJ,137.0,44.0,23.0,67.0,-28.0,30.0,28.0,16.0,0.0,2.0,18.0,5.0,0.0,324.0,16.0,253.0,955:10,16:25,9.0,7.0,56.3,78.0,89.0,80.0,47.0,1740,2,49,F,Columbus Blue Jackets,3,168,55,41,96,40,2018,32.0
1572,711.0,Akil Thomas,24.0,LAK,7.0,3.0,1.0,4.0,0.0,2.0,3.0,0.0,0.0,1.0,1.0,0.0,0.0,9.0,33.3,16.0,61:06,8:44,4.0,6.0,40.0,3.0,8.0,2.0,0.0,1742,2,51,F,Los Angeles Kings,2,18,4,3,7,4,2018,3.5
1575,745.0,Benoit-Olivier Groulx,21.0,ANA,65.0,1.0,4.0,5.0,-9.0,24.0,1.0,0.0,0.0,0.0,4.0,0.0,0.0,51.0,5.9,31.0,197:54,16:21,38.0,45.0,45.8,36.0,120.0,16.0,16.0,1745,2,54,F,Anaheim Ducks,3,65,1,4,5,24,2018,1.6666666666666667
1577,0.0,Jacob Olofsson,0.0,0,0.0,0.0,0.0,0.0,0.0,0.0,0.0,0.0,0.0,0.0,0.0,0.0,0.0,0.0,0.0,0.0,0,0,0.0,0.0,0.0,0.0,0.0,0.0,0.0,1747,2,56,F,Montréal Canadiens,0,0,0,0,0,0,2018,0.0
1579,0.0,Filip Hållander,0.0,0,0.0,0.0,0.0,0.0,0.0,0.0,0.0,0.0,0.0,0.0,0.0,0.0,0.0,0.0,0.0,0.0,0,0,0.0,0.0,0.0,0.0,0.0,0.0,0.0,1749,2,58,F,Pittsburgh Penguins,2,3,0,0,0,0,2018,0.0
1580,845.0,Gabriel Fortier,21.0,TBL,11.0,1.0,0.0,1.0,-2.0,4.0,1.0,0.0,0.0,0.0,0.0,0.0,0.0,14.0,7.1,21.0,92:49,9:17,1.0,0.0,100.0,5.0,25.0,1.0,3.0,1750,2,59,F,Tampa Bay Lightning,2,11,1,0,1,4,2018,0.5
1581,775.0,David Gustafsson,19.0,WPG,113.0,4.0,10.0,14.0,0.0,6.0,4.0,0.0,0.0,1.0,9.0,0.0,1.0,77.0,25.0,10.0,135:08,9:16,34.0,29.0,54.0,47.0,60.0,24.0,14.0,1751,2,60,F,Winnipeg Jets,6,116,4,10,14,11,2018,2.333333333333333
1582,0.0,Ivan Morozov,0.0,0,0.0,0.0,0.0,0.0,0.0,0.0,0.0,0.0,0.0,0.0,0.0,0.0,0.0,0.0,0.0,0.0,0,0,0.0,0.0,0.0,0.0,0.0,0.0,0.0,1752,2,61,F,Vegas Golden Knights,0,0,0,0,0,0,2018,0.0
1583,754.0,Jack McBain,22.0,ARI,159.0,22.0,33.0,55.0,-6.0,120.0,22.0,0.0,0.0,4.0,33.0,0.0,0.0,154.0,15.4,24.0,141:45,14:11,35.0,68.0,34.0,102.0,541.0,40.0,51.0,1754,3,63,F,Minnesota Wild,4,189,31,37,68,161,2018,17.0
1584,0.0,Jan Jeník,0.0,0,0.0,0.0,0.0,0.0,0.0,0.0,0.0,0.0,0.0,0.0,0.0,0.0,0.0,0.0,0.0,0.0,0,0,0.0,0.0,0.0,0.0,0.0,0.0,0.0,1756,3,65,F,Arizona Coyotes,4,22,4,2,6,20,2018,1.5
1585,990.0,Cameron Hillis,21.0,MTL,1.0,0.0,0.0,0.0,0.0,0.0,0.0,0.0,0.0,0.0,0.0,0.0,0.0,2.0,0.0,2.0,10:15,10:15,2.0,2.0,50.0,0.0,0.0,0.0,0.0,1757,3,66,F,Montréal Canadiens,1,1,0,0,0,0,2018,0.0
1587,0.0,Tyler Madden,0.0,0,0.0,0.0,0.0,0.0,0.0,0.0,0.0,0.0,0.0,0.0,0.0,0.0,0.0,0.0,0.0,0.0,0,0,0.0,0.0,0.0,0.0,0.0,0.0,0.0,1759,3,68,F,Vancouver Canucks,0,0,0,0,0,0,2018,0.0
1588,0.0,Jake Wise,0.0,0,0.0,0.0,0.0,0.0,0.0,0.0,0.0,0.0,0.0,0.0,0.0,0.0,0.0,0.0,0.0,0.0,0,0,0.0,0.0,0.0,0.0,0.0,0.0,0.0,1760,3,69,F,Chicago Blackhawks,0,0,0,0,0,0,2018,0.0
1592,0.0,Niklas Nordgren,0.0,0,0.0,0.0,0.0,0.0,0.0,0.0,0.0,0.0,0.0,0.0,0.0,0.0,0.0,0.0,0.0,0.0,0,0,0.0,0.0,0.0,0.0,0.0,0.0,0.0,1765,3,74,F,Chicago Blackhawks,0,0,0,0,0,0,2018,0.0
1593,0.0,Oskar Bäck,0.0,0,0.0,0.0,0.0,0.0,0.0,0.0,0.0,0.0,0.0,0.0,0.0,0.0,0.0,0.0,0.0,0.0,0,0,0.0,0.0,0.0,0.0,0.0,0.0,0.0,1766,3,75,F,Dallas Stars,1,25,1,6,7,2,2018,7.0
1594,916.0,Semyon Der-Arguchintsev,22.0,TOR,1.0,0.0,0.0,0.0,1.0,0.0,0.0,0.0,0.0,0.0,0.0,0.0,0.0,0.0,0.0,0.0,7:16,7:16,0.0,0.0,0.0,0.0,0.0,0.0,1.0,1767,3,76,F,Toronto Maple Leafs,1,1,0,0,0,0,2018,0.0
1595,640.0,Jakub Lauko,22.0,BOS,83.0,6.0,11.0,17.0,-1.0,43.0,6.0,0.0,0.0,1.0,11.0,0.0,0.0,60.0,23.5,33.0,203:53,9:49,0.0,4.0,0.0,30.0,220.0,21.0,14.0,1768,3,77,F,Boston Bruins,3,107,8,13,21,59,2018,7.0
1596,1063.0,Sampo Ranta,21.0,COL,16.0,0.0,0.0,0.0,-4.0,6.0,0.0,0.0,0.0,0.0,0.0,0.0,0.0,14.0,0.0,20.0,108:56,7:21,2.0,2.0,50.0,9.0,19.0,4.0,3.0,1769,3,78,F,Colorado Avalanche,3,16,0,0,0,6,2018,0.0
1597,0.0,Blake McLaughlin,0.0,0,0.0,0.0,0.0,0.0,0.0,0.0,0.0,0.0,0.0,0.0,0.0,0.0,0.0,0.0,0.0,0.0,0,0,0.0,0.0,0.0,0.0,0.0,0.0,0.0,1770,3,79,F,Anaheim Ducks,0,0,0,0,0,0,2018,0.0
1598,0.0,Marcus Karlberg,0.0,0,0.0,0.0,0.0,0.0,0.0,0.0,0.0,0.0,0.0,0.0,0.0,0.0,0.0,0.0,0.0,0.0,0,0,0.0,0.0,0.0,0.0,0.0,0.0,0.0,1771,3,80,F,Columbus Blue Jackets,0,0,0,0,0,0,2018,0.0
1600,0.0,Bulat Shafigullin,0.0,0,0.0,0.0,0.0,0.0,0.0,0.0,0.0,0.0,0.0,0.0,0.0,0.0,0.0,0.0,0.0,0.0,0,0,0.0,0.0,0.0,0.0,0.0,0.0,0.0,1773,3,82,F,Los Angeles Kings,0,0,0,0,0,0,2018,0.0
1601,0.0,Riley Stotts,0.0,0,0.0,0.0,0.0,0.0,0.0,0.0,0.0,0.0,0.0,0.0,0.0,0.0,0.0,0.0,0.0,0.0,0,0,0.0,0.0,0.0,0.0,0.0,0.0,0.0,1774,3,83,F,Toronto Maple Leafs,0,0,0,0,0,0,2018,0.0
1602,0.0,Alexander Khovanov,0.0,0,0.0,0.0,0.0,0.0,0.0,0.0,0.0,0.0,0.0,0.0,0.0,0.0,0.0,0.0,0.0,0.0,0,0,0.0,0.0,0.0,0.0,0.0,0.0,0.0,1777,3,86,F,Minnesota Wild,0,0,0,0,0,0,2018,0.0
1603,929.0,Linus Karlsson,24.0,VAN,4.0,0.0,0.0,0.0,0.0,0.0,0.0,0.0,0.0,0.0,0.0,0.0,0.0,4.0,0.0,8.0,40:35,10:09,2.0,7.0,22.2,2.0,3.0,1.0,0.0,1778,3,87,F,San Jose Sharks,1,4,0,0,0,0,2018,0.0
1605,0.0,Logan Hutsko,0.0,0,0.0,0.0,0.0,0.0,0.0,0.0,0.0,0.0,0.0,0.0,0.0,0.0,0.0,0.0,0.0,0.0,0,0,0.0,0.0,0.0,0.0,0.0,0.0,0.0,1780,3,89,F,Florida Panthers,0,0,0,0,0,0,2018,0.0
1607,733.0,Nathan Smith,23.0,ARI,14.0,2.0,2.0,4.0,-2.0,6.0,2.0,0.0,0.0,0.0,2.0,0.0,0.0,16.0,14.3,22.0,141:30,7:27,38.0,58.0,39.6,9.0,32.0,4.0,13.0,1782,3,91,F,Winnipeg Jets,2,14,2,2,4,6,2018,2.0
1608,657.0,Connor Dewar,22.0,MIN,264.0,30.0,32.0,62.0,-25.0,131.0,25.0,0.0,5.0,1.0,30.0,1.0,1.0,285.0,4.5,81.0,346:22,9:54,62.0,71.0,46.6,148.0,418.0,69.0,28.0,1783,3,92,F,Minnesota Wild,4,205,19,25,44,103,2018,11.0
1609,0.0,Riley Sutter,0.0,0,0.0,0.0,0.0,0.0,0.0,0.0,0.0,0.0,0.0,0.0,0.0,0.0,0.0,0.0,0.0,0.0,0,0,0.0,0.0,0.0,0.0,0.0,0.0,0.0,1784,3,93,F,Washington Capitals,0,0,0,0,0,0,2018,0.0
1610,0.0,Matej Pekar,0.0,0,0.0,0.0,0.0,0.0,0.0,0.0,0.0,0.0,0.0,0.0,0.0,0.0,0.0,0.0,0.0,0.0,0,0,0.0,0.0,0.0,0.0,0.0,0.0,0.0,1785,4,94,F,Buffalo Sabres,0,0,0,0,0,0,2018,0.0
1611,941.0,Jonathan Gruden,22.0,PIT,16.0,1.0,0.0,1.0,-2.0,5.0,1.0,0.0,0.0,0.0,0.0,0.0,0.0,9.0,0.0,1.0,15:59,8:40,5.0,9.0,35.7,6.0,39.0,4.0,3.0,1786,4,95,F,Ottawa Senators,2,16,1,0,1,5,2018,0.5
1612,0.0,Luke Henman,0.0,0,0.0,0.0,0.0,0.0,0.0,0.0,0.0,0.0,0.0,0.0,0.0,0.0,0.0,0.0,0.0,0.0,0,0,0.0,0.0,0.0,0.0,0.0,0.0,0.0,1787,4,96,F,Carolina Hurricanes,0,0,0,0,0,0,2018,0.0
1613,0.0,Allan McShane,0.0,0,0.0,0.0,0.0,0.0,0.0,0.0,0.0,0.0,0.0,0.0,0.0,0.0,0.0,0.0,0.0,0.0,0,0,0.0,0.0,0.0,0.0,0.0,0.0,0.0,1788,4,97,F,Montréal Canadiens,0,0,0,0,0,0,2018,0.0
1614,66.0,Ryan O'Reilly,23.0,COL,781.0,225.0,385.0,610.0,-11.0,134.0,146.0,70.0,9.0,30.0,259.0,117.0,9.0,1780.0,9.9,273.0,1617:06,21:44,713.0,621.0,53.4,428.0,271.0,680.0,275.0,1789,4,98,F,Detroit Red Wings,0,0,0,0,0,0,2018,0.0
1616,0.0,Adam Mascherin,0.0,0,0.0,0.0,0.0,0.0,0.0,0.0,0.0,0.0,0.0,0.0,0.0,0.0,0.0,0.0,0.0,0.0,0,0,0.0,0.0,0.0,0.0,0.0,0.0,0.0,1791,4,100,F,Dallas Stars,0,0,0,0,0,0,2018,0.0
1618,571.0,Jasper Weatherby,24.0,SJS,50.0,5.0,6.0,11.0,-14.0,18.0,4.0,1.0,0.0,0.0,5.0,1.0,0.0,45.0,11.1,82.0,562:02,11:14,173.0,168.0,50.7,24.0,52.0,18.0,14.0,1793,4,102,F,San Jose Sharks,1,50,5,6,11,18,2018,11.0
1619,0.0,Jacob Pivonka,0.0,0,0.0,0.0,0.0,0.0,0.0,0.0,0.0,0.0,0.0,0.0,0.0,0.0,0.0,0.0,0.0,0.0,0,0,0.0,0.0,0.0,0.0,0.0,0.0,0.0,1794,4,103,F,New York Islanders,0,0,0,0,0,0,2018,0.0
1620,0.0,Lenni Killinen,0.0,0,0.0,0.0,0.0,0.0,0.0,0.0,0.0,0.0,0.0,0.0,0.0,0.0,0.0,0.0,0.0,0.0,0,0,0.0,0.0,0.0,0.0,0.0,0.0,0.0,1795,4,104,F,Carolina Hurricanes,0,0,0,0,0,0,2018,0.0
1621,350.0,Martin Pospisil,24.0,CGY,63.0,8.0,16.0,24.0,14.0,109.0,8.0,0.0,0.0,1.0,16.0,0.0,0.0,117.0,6.8,202.0,801:20,12:43,23.0,28.0,45.1,22.0,238.0,26.0,23.0,1796,4,105,F,Calgary Flames,2,94,10,24,34,144,2018,17.0
1622,0.0,Curtis Douglas,0.0,0,0.0,0.0,0.0,0.0,0.0,0.0,0.0,0.0,0.0,0.0,0.0,0.0,0.0,0.0,0.0,0.0,0,0,0.0,0.0,0.0,0.0,0.0,0.0,0.0,1797,4,106,F,Dallas Stars,0,0,0,0,0,0,2018,0.0
1623,0.0,Demetrios Koumontzis,0.0,0,0.0,0.0,0.0,0.0,0.0,0.0,0.0,0.0,0.0,0.0,0.0,0.0,0.0,0.0,0.0,0.0,0,0,0.0,0.0,0.0,0.0,0.0,0.0,0.0,1799,4,108,F,Calgary Flames,0,0,0,0,0,0,2018,0.0
1624,0.0,Tyler Weiss,0.0,0,0.0,0.0,0.0,0.0,0.0,0.0,0.0,0.0,0.0,0.0,0.0,0.0,0.0,0.0,0.0,0.0,0,0,0.0,0.0,0.0,0.0,0.0,0.0,0.0,1800,4,109,F,Colorado Avalanche,0,0,0,0,0,0,2018,0.0
1626,0.0,Jáchym Kondelík,0.0,0,0.0,0.0,0.0,0.0,0.0,0.0,0.0,0.0,0.0,0.0,0.0,0.0,0.0,0.0,0.0,0.0,0,0,0.0,0.0,0.0,0.0,0.0,0.0,0.0,1802,4,111,F,Nashville Predators,0,0,0,0,0,0,2018,0.0
1628,0.0,Aidan Dudas,0.0,0,0.0,0.0,0.0,0.0,0.0,0.0,0.0,0.0,0.0,0.0,0.0,0.0,0.0,0.0,0.0,0.0,0,0,0.0,0.0,0.0,0.0,0.0,0.0,0.0,1804,4,113,F,Los Angeles Kings,0,0,0,0,0,0,2018,0.0
1629,778.0,Paul Cotter,22.0,VEG,138.0,22.0,23.0,45.0,-15.0,62.0,20.0,2.0,0.0,1.0,21.0,2.0,0.0,187.0,18.2,17.0,61:41,8:49,0.0,1.0,0.0,47.0,418.0,53.0,30.0,1806,4,115,F,Vegas Golden Knights,4,171,29,28,57,88,2018,14.25
1630,0.0,Jack Perbix,0.0,0,0.0,0.0,0.0,0.0,0.0,0.0,0.0,0.0,0.0,0.0,0.0,0.0,0.0,0.0,0.0,0.0,0,0,0.0,0.0,0.0,0.0,0.0,0.0,0.0,1807,4,116,F,Anaheim Ducks,0,0,0,0,0,0,2018,0.0
1633,0.0,Curtis Hall,0.0,0,0.0,0.0,0.0,0.0,0.0,0.0,0.0,0.0,0.0,0.0,0.0,0.0,0.0,0.0,0.0,0.0,0,0,0.0,0.0,0.0,0.0,0.0,0.0,0.0,1810,4,119,F,Boston Bruins,0,0,0,0,0,0,2018,0.0
1634,327.0,Philipp Kurashev,21.0,CHI,266.0,41.0,75.0,116.0,-101.0,61.0,31.0,10.0,0.0,7.0,52.0,23.0,0.0,395.0,12.3,106.0,706:13,19:01,102.0,146.0,41.1,130.0,128.0,127.0,78.0,1811,4,120,F,Chicago Blackhawks,5,294,44,77,121,73,2018,24.2
1636,0.0,Milos Roman,0.0,0,0.0,0.0,0.0,0.0,0.0,0.0,0.0,0.0,0.0,0.0,0.0,0.0,0.0,0.0,0.0,0.0,0,0,0.0,0.0,0.0,0.0,0.0,0.0,0.0,1813,4,122,F,Calgary Flames,0,0,0,0,0,0,2018,0.0
1637,0.0,Jack Gorniak,0.0,0,0.0,0.0,0.0,0.0,0.0,0.0,0.0,0.0,0.0,0.0,0.0,0.0,0.0,0.0,0.0,0.0,0,0,0.0,0.0,0.0,0.0,0.0,0.0,0.0,1814,4,123,F,Montréal Canadiens,0,0,0,0,0,0,2018,0.0
1639,720.0,Angus Crookshank,24.0,OTT,13.0,2.0,1.0,3.0,-3.0,4.0,2.0,0.0,0.0,1.0,1.0,0.0,0.0,20.0,10.0,33.0,131:28,10:07,0.0,0.0,0.0,8.0,20.0,2.0,3.0,1817,5,126,F,Ottawa Senators,1,13,2,1,3,4,2018,3.0
1641,0.0,Cole Fonstad,0.0,0,0.0,0.0,0.0,0.0,0.0,0.0,0.0,0.0,0.0,0.0,0.0,0.0,0.0,0.0,0.0,0.0,0,0,0.0,0.0,0.0,0.0,0.0,0.0,0.0,1819,5,128,F,Montréal Canadiens,0,0,0,0,0,0,2018,0.0
1642,0.0,Justin Almeida,0.0,0,0.0,0.0,0.0,0.0,0.0,0.0,0.0,0.0,0.0,0.0,0.0,0.0,0.0,0.0,0.0,0.0,0,0,0.0,0.0,0.0,0.0,0.0,0.0,0.0,1820,5,129,F,Pittsburgh Penguins,0,0,0,0,0,0,2018,0.0
1645,0.0,Lauri Pajuniemi,0.0,0,0.0,0.0,0.0,0.0,0.0,0.0,0.0,0.0,0.0,0.0,0.0,0.0,0.0,0.0,0.0,0.0,0,0,0.0,0.0,0.0,0.0,0.0,0.0,0.0,1823,5,132,F,New York Rangers,0,0,0,0,0,0,2018,0.0
1646,0.0,Samuel Houde,0.0,0,0.0,0.0,0.0,0.0,0.0,0.0,0.0,0.0,0.0,0.0,0.0,0.0,0.0,0.0,0.0,0.0,0,0,0.0,0.0,0.0,0.0,0.0,0.0,0.0,1824,5,133,F,Montréal Canadiens,0,0,0,0,0,0,2018,0.0
1647,0.0,Blade Jenkins,0.0,0,0.0,0.0,0.0,0.0,0.0,0.0,0.0,0.0,0.0,0.0,0.0,0.0,0.0,0.0,0.0,0.0,0,0,0.0,0.0,0.0,0.0,0.0,0.0,0.0,1825,5,134,F,New York Islanders,0,0,0,0,0,0,2018,0.0
1648,0.0,Brandon Kruse,0.0,0,0.0,0.0,0.0,0.0,0.0,0.0,0.0,0.0,0.0,0.0,0.0,0.0,0.0,0.0,0.0,0.0,0,0,0.0,0.0,0.0,0.0,0.0,0.0,0.0,1826,5,135,F,Vegas Golden Knights,0,0,0,0,0,0,2018,0.0
1649,781.0,Riley Damiani,21.0,DAL,7.0,1.0,1.0,2.0,0.0,2.0,1.0,0.0,0.0,0.0,1.0,0.0,0.0,10.0,10.0,18.0,59:45,8:32,7.0,7.0,50.0,0.0,4.0,3.0,1.0,1828,5,137,F,Dallas Stars,1,7,1,1,2,2,2018,2.0
1650,995.0,Hugh McGing,24.0,STL,6.0,0.0,0.0,0.0,-5.0,0.0,0.0,0.0,0.0,0.0,0.0,0.0,0.0,4.0,0.0,0.0,9:37,9:37,0.0,0.0,0.0,3.0,7.0,4.0,2.0,1829,5,138,F,St. Louis Blues,2,6,0,0,0,0,2018,0.0
1651,0.0,Mikael Hakkarainen,0.0,0,0.0,0.0,0.0,0.0,0.0,0.0,0.0,0.0,0.0,0.0,0.0,0.0,0.0,0.0,0.0,0.0,0,0,0.0,0.0,0.0,0.0,0.0,0.0,0.0,1830,5,139,F,Chicago Blackhawks,0,0,0,0,0,0,2018,0.0
1652,0.0,Brandon Saigeon,0.0,0,0.0,0.0,0.0,0.0,0.0,0.0,0.0,0.0,0.0,0.0,0.0,0.0,0.0,0.0,0.0,0.0,0,0,0.0,0.0,0.0,0.0,0.0,0.0,0.0,1831,5,140,F,Colorado Avalanche,0,0,0,0,0,0,2018,0.0
1653,155.0,Yegor Sharangovich,22.0,NJD,287.0,84.0,81.0,165.0,-50.0,51.0,66.0,10.0,8.0,12.0,63.0,12.0,6.0,592.0,14.0,212.0,907:36,17:19,26.0,66.0,28.3,131.0,85.0,161.0,150.0,1832,5,141,F,New Jersey Devils,5,311,90,83,173,55,2018,34.6
1663,819.0,Damien Giroux,22.0,MIN,1.0,0.0,1.0,1.0,0.0,2.0,0.0,0.0,0.0,0.0,1.0,0.0,0.0,0.0,0.0,0.0,13:57,13:57,2.0,3.0,40.0,1.0,2.0,0.0,0.0,1846,5,155,F,Minnesota Wild,1,1,0,1,1,2,2018,1.0
1664,537.0,Pontus Holmberg,23.0,TOR,91.0,12.0,18.0,30.0,11.0,36.0,11.0,1.0,0.0,3.0,18.0,0.0,0.0,81.0,18.5,49.0,385:32,11:34,93.0,126.0,42.5,60.0,75.0,21.0,23.0,1847,6,156,F,Toronto Maple Leafs,3,119,14,22,36,53,2018,12.0
1669,0.0,Johan Södergran,0.0,0,0.0,0.0,0.0,0.0,0.0,0.0,0.0,0.0,0.0,0.0,0.0,0.0,0.0,0.0,0.0,0.0,0,0,0.0,0.0,0.0,0.0,0.0,0.0,0.0,1856,6,165,F,Los Angeles Kings,0,0,0,0,0,0,2018,0.0
1671,0.0,Mathias Emilio Pettersen,0.0,0,0.0,0.0,0.0,0.0,0.0,0.0,0.0,0.0,0.0,0.0,0.0,0.0,0.0,0.0,0.0,0.0,0,0,0.0,0.0,0.0,0.0,0.0,0.0,0.0,1858,6,167,F,Calgary Flames,0,0,0,0,0,0,2018,0.0
1673,0.0,Mathias Laferrière,0.0,0,0.0,0.0,0.0,0.0,0.0,0.0,0.0,0.0,0.0,0.0,0.0,0.0,0.0,0.0,0.0,0.0,0,0,0.0,0.0,0.0,0.0,0.0,0.0,0.0,1860,6,169,F,St. Louis Blues,0,0,0,0,0,0,2018,0.0
1674,0.0,Justin Schütz,0.0,0,0.0,0.0,0.0,0.0,0.0,0.0,0.0,0.0,0.0,0.0,0.0,0.0,0.0,0.0,0.0,0.0,0,0,0.0,0.0,0.0,0.0,0.0,0.0,0.0,1861,6,170,F,Florida Panthers,0,0,0,0,0,0,2018,0.0
1675,0.0,Nikolai Kovalenko,0.0,0,0.0,0.0,0.0,0.0,0.0,0.0,0.0,0.0,0.0,0.0,0.0,0.0,0.0,0.0,0.0,0.0,0,0,0.0,0.0,0.0,0.0,0.0,0.0,0.0,1862,6,171,F,Colorado Avalanche,2,31,4,8,12,10,2018,6.0
1676,0.0,Mitchell Hoelscher,0.0,0,0.0,0.0,0.0,0.0,0.0,0.0,0.0,0.0,0.0,0.0,0.0,0.0,0.0,0.0,0.0,0.0,0,0,0.0,0.0,0.0,0.0,0.0,0.0,0.0,1863,6,172,F,New Jersey Devils,0,0,0,0,0,0,2018,0.0
1677,0.0,Gavin Hain,0.0,0,0.0,0.0,0.0,0.0,0.0,0.0,0.0,0.0,0.0,0.0,0.0,0.0,0.0,0.0,0.0,0.0,0,0,0.0,0.0,0.0,0.0,0.0,0.0,0.0,1865,6,174,F,Philadelphia Flyers,0,0,0,0,0,0,2018,0.0
1678,0.0,Liam Gorman,0.0,0,0.0,0.0,0.0,0.0,0.0,0.0,0.0,0.0,0.0,0.0,0.0,0.0,0.0,0.0,0.0,0.0,0,0,0.0,0.0,0.0,0.0,0.0,0.0,0.0,1868,6,177,F,Pittsburgh Penguins,0,0,0,0,0,0,2018,0.0
1679,953.0,Hunter Drew,23.0,ANA,2.0,0.0,0.0,0.0,0.0,5.0,0.0,0.0,0.0,0.0,0.0,0.0,0.0,0.0,0.0,1.0,19:43,9:52,0.0,0.0,0.0,0.0,5.0,0.0,0.0,1869,6,178,F,Anaheim Ducks,1,2,0,0,0,5,2018,0.0
1680,0.0,Shawn Boudrias,0.0,0,0.0,0.0,0.0,0.0,0.0,0.0,0.0,0.0,0.0,0.0,0.0,0.0,0.0,0.0,0.0,0.0,0,0,0.0,0.0,0.0,0.0,0.0,0.0,0.0,1870,6,179,F,Minnesota Wild,0,0,0,0,0,0,2018,0.0
1683,393.0,John Leonard,22.0,SJS,70.0,6.0,11.0,17.0,-13.0,4.0,5.0,1.0,0.0,1.0,10.0,1.0,0.0,93.0,5.1,103.0,494:51,6:52,0.0,1.0,0.0,34.0,43.0,18.0,19.0,1873,6,182,F,San Jose Sharks,4,70,6,11,17,4,2018,4.25
1684,835.0,Cole Koepke,24.0,TBL,26.0,1.0,2.0,3.0,-5.0,2.0,1.0,0.0,0.0,0.0,2.0,0.0,0.0,21.0,8.3,32.0,154:43,9:06,0.0,0.0,0.0,6.0,55.0,6.0,7.0,1874,6,183,F,Tampa Bay Lightning,3,57,6,7,13,10,2018,4.333333333333333
1686,0.0,Artyom Manukyan,0.0,0,0.0,0.0,0.0,0.0,0.0,0.0,0.0,0.0,0.0,0.0,0.0,0.0,0.0,0.0,0.0,0.0,0,0,0.0,0.0,0.0,0.0,0.0,0.0,0.0,1877,6,186,F,Vancouver Canucks,0,0,0,0,0,0,2018,0.0
1688,0.0,Jakov Novak,0.0,0,0.0,0.0,0.0,0.0,0.0,0.0,0.0,0.0,0.0,0.0,0.0,0.0,0.0,0.0,0.0,0.0,0,0,0.0,0.0,0.0,0.0,0.0,0.0,0.0,1879,7,188,F,Ottawa Senators,0,0,0,0,0,0,2018,0.0
1689,0.0,Liam Kirk,0.0,0,0.0,0.0,0.0,0.0,0.0,0.0,0.0,0.0,0.0,0.0,0.0,0.0,0.0,0.0,0.0,0.0,0,0,0.0,0.0,0.0,0.0,0.0,0.0,0.0,1880,7,189,F,Arizona Coyotes,0,0,0,0,0,0,2018,0.0
1690,0.0,Brett Stapley,0.0,0,0.0,0.0,0.0,0.0,0.0,0.0,0.0,0.0,0.0,0.0,0.0,0.0,0.0,0.0,0.0,0.0,0,0,0.0,0.0,0.0,0.0,0.0,0.0,0.0,1881,7,190,F,Montréal Canadiens,0,0,0,0,0,0,2018,0.0
1691,0.0,Otto Kivenmäki,0.0,0,0.0,0.0,0.0,0.0,0.0,0.0,0.0,0.0,0.0,0.0,0.0,0.0,0.0,0.0,0.0,0.0,0,0,0.0,0.0,0.0,0.0,0.0,0.0,0.0,1882,7,191,F,Detroit Red Wings,0,0,0,0,0,0,2018,0.0
1692,897.0,Josiah Slavin,23.0,CHI,15.0,0.0,1.0,1.0,0.0,4.0,0.0,0.0,0.0,0.0,1.0,0.0,0.0,13.0,0.0,23.0,180:27,12:02,29.0,38.0,43.3,4.0,12.0,4.0,3.0,1884,7,193,F,Chicago Blackhawks,1,15,0,1,1,4,2018,1.0
1693,0.0,Luke Loheit,0.0,0,0.0,0.0,0.0,0.0,0.0,0.0,0.0,0.0,0.0,0.0,0.0,0.0,0.0,0.0,0.0,0.0,0,0,0.0,0.0,0.0,0.0,0.0,0.0,0.0,1885,7,194,F,Ottawa Senators,0,0,0,0,0,0,2018,0.0
1694,0.0,Patrik Siikanen,0.0,0,0.0,0.0,0.0,0.0,0.0,0.0,0.0,0.0,0.0,0.0,0.0,0.0,0.0,0.0,0.0,0.0,0,0,0.0,0.0,0.0,0.0,0.0,0.0,0.0,1886,7,195,F,Edmonton Oilers,0,0,0,0,0,0,2018,0.0
1696,0.0,Dmitri Zavgorodny,0.0,0,0.0,0.0,0.0,0.0,0.0,0.0,0.0,0.0,0.0,0.0,0.0,0.0,0.0,0.0,0.0,0.0,0,0,0.0,0.0,0.0,0.0,0.0,0.0,0.0,1889,7,198,F,Calgary Flames,0,0,0,0,0,0,2018,0.0
1697,0.0,Jermaine Loewen,0.0,0,0.0,0.0,0.0,0.0,0.0,0.0,0.0,0.0,0.0,0.0,0.0,0.0,0.0,0.0,0.0,0.0,0,0,0.0,0.0,0.0,0.0,0.0,0.0,0.0,1890,7,199,F,Dallas Stars,0,0,0,0,0,0,2018,0.0
1700,0.0,Eetu Päkkilä,0.0,0,0.0,0.0,0.0,0.0,0.0,0.0,0.0,0.0,0.0,0.0,0.0,0.0,0.0,0.0,0.0,0.0,0,0,0.0,0.0,0.0,0.0,0.0,0.0,0.0,1894,7,203,F,New Jersey Devils,0,0,0,0,0,0,2018,0.0
1701,785.0,Trey Fix-Wolansky,22.0,CBJ,26.0,4.0,2.0,6.0,-6.0,2.0,4.0,0.0,0.0,0.0,2.0,0.0,0.0,41.0,20.0,9.0,37:43,6:17,0.0,0.0,0.0,18.0,29.0,6.0,7.0,1895,7,204,F,Columbus Blue Jackets,3,26,4,2,6,2,2018,2.0
1702,0.0,Marcus Westfält,0.0,0,0.0,0.0,0.0,0.0,0.0,0.0,0.0,0.0,0.0,0.0,0.0,0.0,0.0,0.0,0.0,0.0,0,0,0.0,0.0,0.0,0.0,0.0,0.0,0.0,1896,7,205,F,Philadelphia Flyers,0,0,0,0,0,0,2018,0.0
1705,0.0,Sam Hentges,0.0,0,0.0,0.0,0.0,0.0,0.0,0.0,0.0,0.0,0.0,0.0,0.0,0.0,0.0,0.0,0.0,0.0,0,0,0.0,0.0,0.0,0.0,0.0,0.0,0.0,1901,7,210,F,Minnesota Wild,0,0,0,0,0,0,2018,0.0
1706,0.0,Semyon Kizimov,0.0,0,0.0,0.0,0.0,0.0,0.0,0.0,0.0,0.0,0.0,0.0,0.0,0.0,0.0,0.0,0.0,0.0,0,0,0.0,0.0,0.0,0.0,0.0,0.0,0.0,1902,7,211,F,Toronto Maple Leafs,0,0,0,0,0,0,2018,0.0
1707,0.0,Pavel Shen,0.0,0,0.0,0.0,0.0,0.0,0.0,0.0,0.0,0.0,0.0,0.0,0.0,0.0,0.0,0.0,0.0,0.0,0,0,0.0,0.0,0.0,0.0,0.0,0.0,0.0,1903,7,212,F,Boston Bruins,0,0,0,0,0,0,2018,0.0
1708,0.0,Austin Wong,0.0,0,0.0,0.0,0.0,0.0,0.0,0.0,0.0,0.0,0.0,0.0,0.0,0.0,0.0,0.0,0.0,0.0,0,0,0.0,0.0,0.0,0.0,0.0,0.0,0.0,1906,7,215,F,Winnipeg Jets,0,0,0,0,0,0,2018,0.0
1709,0.0,Riley Hughes,0.0,0,0.0,0.0,0.0,0.0,0.0,0.0,0.0,0.0,0.0,0.0,0.0,0.0,0.0,0.0,0.0,0.0,0,0,0.0,0.0,0.0,0.0,0.0,0.0,0.0,1907,7,216,F,New York Rangers,0,0,0,0,0,0,2018,0.0
1710,0.0,Eric Florchuk,0.0,0,0.0,0.0,0.0,0.0,0.0,0.0,0.0,0.0,0.0,0.0,0.0,0.0,0.0,0.0,0.0,0.0,0,0,0.0,0.0,0.0,0.0,0.0,0.0,0.0,1908,7,217,F,Washington Capitals,0,0,0,0,0,0,2018,0.0
1711,337.0,Jack Hughes,18.0,NJD,306.0,114.0,167.0,281.0,-47.0,44.0,85.0,29.0,0.0,15.0,104.0,63.0,0.0,1040.0,5.7,208.0,967:47,20:58,167.0,295.0,36.1,105.0,55.0,271.0,343.0,1909,1,1,F,New Jersey Devils,6,339,127,193,320,48,2019,53.333333333333336
1712,303.0,Kaapo Kakko,18.0,NYR,300.0,57.0,60.0,117.0,4.0,66.0,51.0,6.0,0.0,9.0,44.0,16.0,0.0,468.0,9.2,196.0,942:24,15:27,2.0,4.0,33.3,87.0,94.0,142.0,93.0,1910,1,2,F,New York Rangers,6,329,61,70,131,80,2019,21.83333333333333
1713,299.0,Kirby Dach,19.0,CHI,212.0,33.0,66.0,99.0,-22.0,114.0,24.0,9.0,0.0,4.0,46.0,17.0,3.0,353.0,7.9,162.0,913:00,18:34,75.0,147.0,33.8,117.0,145.0,126.0,68.0,1911,1,3,F,Chicago Blackhawks,6,242,35,73,108,136,2019,18.0
1715,1112.0,Alex Turcotte,20.0,LAK,32.0,1.0,3.0,4.0,3.0,13.0,1.0,0.0,0.0,0.0,3.0,0.0,0.0,29.0,0.0,19.0,90:11,9:17,12.0,17.0,41.4,12.0,16.0,10.0,6.0,1913,1,5,F,Los Angeles Kings,4,57,4,11,15,17,2019,3.75
1717,384.0,Dylan Cozens,19.0,BUF,280.0,66.0,100.0,166.0,-41.0,154.0,51.0,10.0,5.0,3.0,70.0,28.0,2.0,633.0,6.5,102.0,588:36,17:14,96.0,106.0,47.5,90.0,228.0,110.0,106.0,1915,1,7,F,Buffalo Sabres,5,311,72,107,179,189,2019,35.8
1719,400.0,Trevor Zegras,19.0,ANA,211.0,55.0,99.0,154.0,-40.0,180.0,41.0,14.0,0.0,9.0,78.0,21.0,0.0,491.0,5.7,101.0,369:32,18:50,42.0,54.0,43.8,75.0,125.0,92.0,174.0,1917,1,9,F,Anaheim Ducks,5,235,59,105,164,190,2019,32.8
1720,0.0,Vasili Podkolzin,0.0,0,0.0,0.0,0.0,0.0,0.0,0.0,0.0,0.0,0.0,0.0,0.0,0.0,0.0,0.0,0.0,0.0,0,0,0.0,0.0,0.0,0.0,0.0,0.0,0.0,1918,1,10,F,Vancouver Canucks,4,168,21,25,46,59,2019,11.5
1722,195.0,Matt Boldy,20.0,MIN,203.0,75.0,96.0,171.0,23.0,97.0,54.0,21.0,0.0,14.0,56.0,40.0,0.0,595.0,13.3,197.0,723:02,18:55,9.0,15.0,37.5,82.0,121.0,139.0,113.0,1920,1,12,F,Minnesota Wild,4,234,88,112,200,126,2019,50.0
1724,587.0,Cole Caufield,20.0,MTL,205.0,81.0,68.0,149.0,-39.0,30.0,60.0,21.0,0.0,15.0,45.0,23.0,0.0,690.0,13.3,56.0,139:36,19:25,0.0,0.0,0.0,41.0,95.0,87.0,95.0,1923,1,15,F,Montréal Canadiens,5,235,98,78,176,38,2019,35.2
1725,674.0,Alex Newhook,20.0,COL,214.0,42.0,58.0,100.0,5.0,54.0,36.0,6.0,0.0,10.0,48.0,10.0,0.0,322.0,0.0,21.0,82:04,16:56,16.0,21.0,43.2,94.0,139.0,69.0,63.0,1924,1,16,F,Colorado Avalanche,5,244,48,58,106,62,2019,21.2
1726,787.0,Peyton Krebs,20.0,VEG,272.0,27.0,61.0,88.0,-57.0,161.0,25.0,1.0,1.0,6.0,39.0,22.0,0.0,265.0,0.0,5.0,45:44,14:45,6.0,3.0,66.7,60.0,255.0,63.0,112.0,1925,1,17,F,Vegas Golden Knights,5,245,23,53,76,154,2019,15.2
1730,857.0,Samuel Poulin,21.0,PIT,6.0,0.0,1.0,1.0,-4.0,4.0,0.0,0.0,0.0,0.0,0.0,1.0,0.0,4.0,0.0,5.0,29:54,9:58,8.0,9.0,47.1,4.0,8.0,0.0,2.0,1929,1,21,F,Pittsburgh Penguins,3,12,0,2,2,6,2019,0.6666666666666666
1732,0.0,Simon Holmström,0.0,0,0.0,0.0,0.0,0.0,0.0,0.0,0.0,0.0,0.0,0.0,0.0,0.0,0.0,0.0,0.0,0.0,0,0,0.0,0.0,0.0,0.0,0.0,0.0,0.0,1931,1,23,F,New York Islanders,3,157,30,23,53,20,2019,17.666666666666668
1733,264.0,Philip Tomasino,20.0,NSH,148.0,23.0,47.0,70.0,1.0,41.0,16.0,7.0,0.0,5.0,35.0,12.0,0.0,227.0,9.9,189.0,876:46,15:36,21.0,33.0,38.9,62.0,90.0,43.0,66.0,1932,1,24,F,Nashville Predators,4,167,26,49,75,41,2019,18.75
1734,939.0,Connor McMichael,20.0,WSH,155.0,27.0,24.0,51.0,-23.0,51.0,24.0,2.0,1.0,3.0,19.0,4.0,1.0,243.0,0.0,2.0,9:54,9:54,1.0,0.0,100.0,64.0,93.0,55.0,36.0,1933,1,25,F,Washington Capitals,5,185,42,36,78,63,2019,15.6
1735,641.0,Jakob Pelletier,21.0,CGY,37.0,4.0,6.0,10.0,-4.0,4.0,2.0,2.0,0.0,2.0,5.0,1.0,0.0,57.0,6.3,84.0,340:26,9:16,2.0,6.0,25.0,17.0,25.0,17.0,13.0,1934,1,26,F,Calgary Flames,3,42,5,7,12,4,2019,4.0
1736,699.0,Nolan Foote,20.0,NJD,23.0,6.0,2.0,8.0,3.0,0.0,6.0,0.0,0.0,0.0,2.0,0.0,0.0,25.0,20.0,6.0,58:07,9:41,0.0,2.0,0.0,7.0,21.0,4.0,4.0,1935,1,27,F,Tampa Bay Lightning,5,25,6,2,8,0,2019,1.6
1737,0.0,Ryan Suzuki,0.0,0,0.0,0.0,0.0,0.0,0.0,0.0,0.0,0.0,0.0,0.0,0.0,0.0,0.0,0.0,0.0,0.0,0,0,0.0,0.0,0.0,0.0,0.0,0.0,0.0,1936,1,28,F,Carolina Hurricanes,0,0,0,0,0,0,2019,0.0
1738,1110.0,Brayden Tracey,20.0,ANA,1.0,0.0,0.0,0.0,-1.0,0.0,0.0,0.0,0.0,0.0,0.0,0.0,0.0,1.0,0.0,1.0,9:21,9:21,0.0,0.0,0.0,0.0,0.0,0.0,0.0,1937,1,29,F,Anaheim Ducks,1,1,0,0,0,0,2019,0.0
1739,554.0,John Beecher,22.0,BOS,52.0,7.0,3.0,10.0,-6.0,24.0,7.0,0.0,0.0,1.0,3.0,0.0,0.0,38.0,18.4,57.0,552:26,10:37,273.0,227.0,54.6,34.0,112.0,13.0,8.0,1938,1,30,F,Boston Bruins,2,83,9,8,17,32,2019,8.5
1741,554.0,Shane Pinto,20.0,OTT,140.0,30.0,40.0,70.0,-6.0,44.0,21.0,9.0,0.0,3.0,33.0,7.0,0.0,284.0,9.1,31.0,150:15,18:07,45.0,65.0,40.9,90.0,121.0,71.0,59.0,1940,2,32,F,Ottawa Senators,5,162,33,42,75,56,2019,15.0
1742,782.0,Arthur Kaliyev,19.0,LAK,188.0,35.0,36.0,71.0,-12.0,63.0,18.0,17.0,0.0,3.0,28.0,8.0,0.0,418.0,100.0,2.0,14:42,14:42,0.0,0.0,0.0,37.0,104.0,39.0,49.0,1941,2,33,F,Los Angeles Kings,5,188,35,36,71,63,2019,14.2
1743,711.0,Bobby Brink,20.0,PHI,67.0,11.0,16.0,27.0,-4.0,10.0,8.0,3.0,0.0,2.0,13.0,3.0,0.0,99.0,0.0,31.0,154:29,15:27,3.0,1.0,75.0,26.0,51.0,11.0,16.0,1942,2,34,F,Philadelphia Flyers,3,95,15,25,40,20,2019,13.333333333333334
1745,0.0,Raphaël Lavoie,0.0,0,0.0,0.0,0.0,0.0,0.0,0.0,0.0,0.0,0.0,0.0,0.0,0.0,0.0,0.0,0.0,0.0,0,0,0.0,0.0,0.0,0.0,0.0,0.0,0.0,1946,2,38,F,Edmonton Oilers,1,7,0,0,0,2,2019,0.0
1747,0.0,Nils Höglander,0.0,0,0.0,0.0,0.0,0.0,0.0,0.0,0.0,0.0,0.0,0.0,0.0,0.0,0.0,0.0,0.0,0.0,0,0,0.0,0.0,0.0,0.0,0.0,0.0,0.0,1948,2,40,F,Vancouver Canucks,5,250,52,43,95,117,2019,19.0
1749,0.0,Vladislav Firstov,0.0,0,0.0,0.0,0.0,0.0,0.0,0.0,0.0,0.0,0.0,0.0,0.0,0.0,0.0,0.0,0.0,0.0,0,0,0.0,0.0,0.0,0.0,0.0,0.0,0.0,1950,2,42,F,Minnesota Wild,0,0,0,0,0,0,2019,0.0
1751,0.0,Jamieson Rees,0.0,0,0.0,0.0,0.0,0.0,0.0,0.0,0.0,0.0,0.0,0.0,0.0,0.0,0.0,0.0,0.0,0.0,0,0,0.0,0.0,0.0,0.0,0.0,0.0,0.0,1952,2,44,F,Carolina Hurricanes,0,0,0,0,0,0,2019,0.0
1752,0.0,Yegor Afanasyev,0.0,0,0.0,0.0,0.0,0.0,0.0,0.0,0.0,0.0,0.0,0.0,0.0,0.0,0.0,0.0,0.0,0.0,0,0,0.0,0.0,0.0,0.0,0.0,0.0,0.0,1953,2,45,F,Nashville Predators,2,19,1,0,1,2,2019,0.5
1757,960.0,Samuel Fagemo,21.0,LAK,29.0,4.0,1.0,5.0,-8.0,0.0,2.0,2.0,0.0,0.0,1.0,0.0,0.0,36.0,0.0,11.0,54:53,9:49,0.0,0.0,0.0,15.0,17.0,3.0,10.0,1958,2,50,F,Los Angeles Kings,3,21,3,1,4,0,2019,1.3333333333333333
1760,0.0,Nick Robertson,0.0,0,0.0,0.0,0.0,0.0,0.0,0.0,0.0,0.0,0.0,0.0,0.0,0.0,0.0,0.0,0.0,0.0,0,0,0.0,0.0,0.0,0.0,0.0,0.0,0.0,1961,2,53,F,Toronto Maple Leafs,6,111,20,18,38,14,2019,6.333333333333333
1761,0.0,Robert Mastrosimone,0.0,0,0.0,0.0,0.0,0.0,0.0,0.0,0.0,0.0,0.0,0.0,0.0,0.0,0.0,0.0,0.0,0.0,0,0,0.0,0.0,0.0,0.0,0.0,0.0,0.0,1962,2,54,F,Detroit Red Wings,0,0,0,0,0,0,2019,0.0
1762,0.0,Dillon Hamaliuk,0.0,0,0.0,0.0,0.0,0.0,0.0,0.0,0.0,0.0,0.0,0.0,0.0,0.0,0.0,0.0,0.0,0.0,0,0,0.0,0.0,0.0,0.0,0.0,0.0,0.0,1963,2,55,F,San Jose Sharks,0,0,0,0,0,0,2019,0.0
1763,663.0,Brett Leason,22.0,WSH,158.0,20.0,17.0,37.0,-27.0,32.0,18.0,0.0,2.0,1.0,17.0,0.0,0.0,187.0,6.7,67.0,322:24,8:57,3.0,5.0,37.5,97.0,131.0,38.0,29.0,1964,2,56,F,Washington Capitals,4,182,23,24,47,42,2019,11.75
1765,0.0,Karl Henriksson,0.0,0,0.0,0.0,0.0,0.0,0.0,0.0,0.0,0.0,0.0,0.0,0.0,0.0,0.0,0.0,0.0,0.0,0,0,0.0,0.0,0.0,0.0,0.0,0.0,0.0,1966,2,58,F,New York Rangers,0,0,0,0,0,0,2019,0.0
1768,634.0,Nikita Alexandrov,22.0,STL,51.0,3.0,6.0,9.0,-4.0,12.0,3.0,0.0,0.0,0.0,6.0,0.0,0.0,43.0,10.7,43.0,274:46,9:49,53.0,97.0,35.3,20.0,57.0,8.0,9.0,1970,2,62,F,St. Louis Blues,2,51,3,6,9,12,2019,4.5
1769,0.0,Matt Stienburg,0.0,0,0.0,0.0,0.0,0.0,0.0,0.0,0.0,0.0,0.0,0.0,0.0,0.0,0.0,0.0,0.0,0.0,0,0,0.0,0.0,0.0,0.0,0.0,0.0,0.0,1971,3,63,F,Colorado Avalanche,1,8,0,0,0,22,2019,0.0
1771,0.0,Alexander Campbell,0.0,0,0.0,0.0,0.0,0.0,0.0,0.0,0.0,0.0,0.0,0.0,0.0,0.0,0.0,0.0,0.0,0.0,0,0,0.0,0.0,0.0,0.0,0.0,0.0,0.0,1973,3,65,F,Nashville Predators,0,0,0,0,0,0,2019,0.0
1772,0.0,Albin Grewe,0.0,0,0.0,0.0,0.0,0.0,0.0,0.0,0.0,0.0,0.0,0.0,0.0,0.0,0.0,0.0,0.0,0.0,0,0,0.0,0.0,0.0,0.0,0.0,0.0,0.0,1974,3,66,F,Detroit Red Wings,0,0,0,0,0,0,2019,0.0
1777,0.0,Patrik Puistola,0.0,0,0.0,0.0,0.0,0.0,0.0,0.0,0.0,0.0,0.0,0.0,0.0,0.0,0.0,0.0,0.0,0.0,0,0,0.0,0.0,0.0,0.0,0.0,0.0,0.0,1981,3,73,F,Carolina Hurricanes,0,0,0,0,0,0,2019,0.0
1778,0.0,Nathan Légaré,0.0,0,0.0,0.0,0.0,0.0,0.0,0.0,0.0,0.0,0.0,0.0,0.0,0.0,0.0,0.0,0.0,0.0,0,0,0.0,0.0,0.0,0.0,0.0,0.0,0.0,1982,3,74,F,Pittsburgh Penguins,1,3,0,0,0,0,2019,0.0
1779,833.0,Adam Beckman,20.0,MIN,23.0,0.0,3.0,3.0,-5.0,14.0,0.0,0.0,0.0,0.0,3.0,0.0,0.0,26.0,0.0,6.0,31:14,9:24,0.0,0.0,0.0,6.0,17.0,5.0,2.0,1983,3,75,F,Minnesota Wild,3,23,0,3,3,14,2019,1.0
1780,0.0,John Farinacci,0.0,0,0.0,0.0,0.0,0.0,0.0,0.0,0.0,0.0,0.0,0.0,0.0,0.0,0.0,0.0,0.0,0.0,0,0,0.0,0.0,0.0,0.0,0.0,0.0,0.0,1984,3,76,F,Arizona Coyotes,0,0,0,0,0,0,2019,0.0
1782,0.0,Alex Beaucage,0.0,0,0.0,0.0,0.0,0.0,0.0,0.0,0.0,0.0,0.0,0.0,0.0,0.0,0.0,0.0,0.0,0.0,0,0,0.0,0.0,0.0,0.0,0.0,0.0,0.0,1986,3,78,F,Colorado Avalanche,0,0,0,0,0,0,2019,0.0
1783,951.0,Pavel Dorofeyev,21.0,VEG,67.0,20.0,13.0,33.0,12.0,20.0,18.0,2.0,0.0,4.0,11.0,2.0,0.0,138.0,0.0,2.0,13:00,6:30,0.0,0.0,0.0,33.0,21.0,26.0,20.0,1987,3,79,F,Vegas Golden Knights,4,98,32,19,51,28,2019,12.75
1784,890.0,Graeme Clarke,22.0,NJD,3.0,0.0,0.0,0.0,-2.0,2.0,0.0,0.0,0.0,0.0,0.0,0.0,0.0,2.0,0.0,9.0,34:09,11:23,0.0,1.0,0.0,0.0,6.0,1.0,0.0,1988,3,80,F,New Jersey Devils,1,3,0,0,0,2,2019,0.0
1785,1084.0,Cole Schwindt,20.0,FLA,7.0,0.0,0.0,0.0,-5.0,2.0,0.0,0.0,0.0,0.0,0.0,0.0,0.0,4.0,0.0,10.0,42:24,6:48,15.0,16.0,48.4,3.0,10.0,1.0,3.0,1989,3,81,F,Florida Panthers,3,31,0,6,6,2,2019,2.0
1790,0.0,Ilya Nikolayev,0.0,0,0.0,0.0,0.0,0.0,0.0,0.0,0.0,0.0,0.0,0.0,0.0,0.0,0.0,0.0,0.0,0.0,0,0,0.0,0.0,0.0,0.0,0.0,0.0,0.0,1996,3,88,F,Calgary Flames,0,0,0,0,0,0,2019,0.0
1791,0.0,Maxim Cajkovic,0.0,0,0.0,0.0,0.0,0.0,0.0,0.0,0.0,0.0,0.0,0.0,0.0,0.0,0.0,0.0,0.0,0.0,0,0,0.0,0.0,0.0,0.0,0.0,0.0,0.0,1997,3,89,F,Tampa Bay Lightning,0,0,0,0,0,0,2019,0.0
1793,0.0,Alexei Protas,0.0,0,0.0,0.0,0.0,0.0,0.0,0.0,0.0,0.0,0.0,0.0,0.0,0.0,0.0,0.0,0.0,0.0,0,0,0.0,0.0,0.0,0.0,0.0,0.0,0.0,1999,3,91,F,Washington Capitals,4,199,24,55,79,26,2019,19.75
1794,0.0,Quinn Olson,0.0,0,0.0,0.0,0.0,0.0,0.0,0.0,0.0,0.0,0.0,0.0,0.0,0.0,0.0,0.0,0.0,0.0,0,0,0.0,0.0,0.0,0.0,0.0,0.0,0.0,2000,3,92,F,Boston Bruins,0,0,0,0,0,0,2019,0.0
1795,1032.0,Viktor Lodin,22.0,OTT,1.0,0.0,0.0,0.0,0.0,0.0,0.0,0.0,0.0,0.0,0.0,0.0,0.0,3.0,0.0,3.0,10:25,10:25,0.0,0.0,0.0,0.0,0.0,0.0,0.0,2002,4,94,F,Ottawa Senators,1,1,0,0,0,0,2019,0.0
1797,822.0,Tyce Thompson,21.0,NJD,11.0,0.0,1.0,1.0,-4.0,0.0,0.0,0.0,0.0,0.0,1.0,0.0,0.0,8.0,0.0,6.0,61:03,8:43,0.0,9.0,0.0,4.0,7.0,4.0,3.0,2004,4,96,F,New Jersey Devils,3,11,0,1,1,0,2019,0.3333333333333333
1798,0.0,Ethan Phillips,0.0,0,0.0,0.0,0.0,0.0,0.0,0.0,0.0,0.0,0.0,0.0,0.0,0.0,0.0,0.0,0.0,0.0,0,0,0.0,0.0,0.0,0.0,0.0,0.0,0.0,2005,4,97,F,Detroit Red Wings,0,0,0,0,0,0,2019,0.0
1799,666.0,Matias Maccelli,21.0,ARI,169.0,29.0,83.0,112.0,-14.0,30.0,26.0,3.0,0.0,3.0,59.0,23.0,1.0,231.0,4.8,42.0,326:32,16:14,2.0,0.0,100.0,48.0,61.0,55.0,121.0,2006,4,98,F,Arizona Coyotes,4,199,32,90,122,30,2019,30.5
1801,0.0,Matej Blümel,0.0,0,0.0,0.0,0.0,0.0,0.0,0.0,0.0,0.0,0.0,0.0,0.0,0.0,0.0,0.0,0.0,0.0,0,0,0.0,0.0,0.0,0.0,0.0,0.0,0.0,2008,4,100,F,Edmonton Oilers,2,7,1,0,1,0,2019,0.5
1803,0.0,Aaron Huglen,0.0,0,0.0,0.0,0.0,0.0,0.0,0.0,0.0,0.0,0.0,0.0,0.0,0.0,0.0,0.0,0.0,0.0,0,0,0.0,0.0,0.0,0.0,0.0,0.0,0.0,2010,4,102,F,Buffalo Sabres,0,0,0,0,0,0,2019,0.0
1806,0.0,Michal Teplý,0.0,0,0.0,0.0,0.0,0.0,0.0,0.0,0.0,0.0,0.0,0.0,0.0,0.0,0.0,0.0,0.0,0.0,0,0,0.0,0.0,0.0,0.0,0.0,0.0,0.0,2013,4,105,F,Chicago Blackhawks,0,0,0,0,0,0,2019,0.0
1808,0.0,Alexander Daryin,0.0,0,0.0,0.0,0.0,0.0,0.0,0.0,0.0,0.0,0.0,0.0,0.0,0.0,0.0,0.0,0.0,0.0,0,0,0.0,0.0,0.0,0.0,0.0,0.0,0.0,2015,4,107,F,Arizona Coyotes,0,0,0,0,0,0,2019,0.0
1809,0.0,Yegor Spiridonov,0.0,0,0.0,0.0,0.0,0.0,0.0,0.0,0.0,0.0,0.0,0.0,0.0,0.0,0.0,0.0,0.0,0.0,0,0,0.0,0.0,0.0,0.0,0.0,0.0,0.0,2016,4,108,F,San Jose Sharks,0,0,0,0,0,0,2019,0.0
1811,0.0,Ryder Donovan,0.0,0,0.0,0.0,0.0,0.0,0.0,0.0,0.0,0.0,0.0,0.0,0.0,0.0,0.0,0.0,0.0,0.0,0,0,0.0,0.0,0.0,0.0,0.0,0.0,0.0,2018,4,110,F,Vegas Golden Knights,0,0,0,0,0,0,2019,0.0
1814,0.0,Henri Nikkanen,0.0,0,0.0,0.0,0.0,0.0,0.0,0.0,0.0,0.0,0.0,0.0,0.0,0.0,0.0,0.0,0.0,0.0,0,0,0.0,0.0,0.0,0.0,0.0,0.0,0.0,2021,4,113,F,Winnipeg Jets,0,0,0,0,0,0,2019,0.0
1815,239.0,Dmitri Voronkov,23.0,CBJ,75.0,18.0,16.0,34.0,-6.0,52.0,12.0,6.0,0.0,2.0,14.0,2.0,0.0,142.0,12.7,238.0,1009:16,13:27,277.0,380.0,42.2,48.0,83.0,15.0,16.0,2022,4,114,F,Columbus Blue Jackets,2,97,26,21,47,77,2019,23.5
1816,0.0,Mikhail Abramov,0.0,0,0.0,0.0,0.0,0.0,0.0,0.0,0.0,0.0,0.0,0.0,0.0,0.0,0.0,0.0,0.0,0.0,0,0,0.0,0.0,0.0,0.0,0.0,0.0,0.0,2023,4,115,F,Toronto Maple Leafs,0,0,0,0,0,0,2019,0.0
1817,0.0,Lucas Feuk,0.0,0,0.0,0.0,0.0,0.0,0.0,0.0,0.0,0.0,0.0,0.0,0.0,0.0,0.0,0.0,0.0,0.0,0,0,0.0,0.0,0.0,0.0,0.0,0.0,0.0,2024,4,116,F,Calgary Flames,0,0,0,0,0,0,2019,0.0
1822,0.0,Tuukka Tieksola,0.0,0,0.0,0.0,0.0,0.0,0.0,0.0,0.0,0.0,0.0,0.0,0.0,0.0,0.0,0.0,0.0,0.0,0,0,0.0,0.0,0.0,0.0,0.0,0.0,0.0,2029,4,121,F,Carolina Hurricanes,0,0,0,0,0,0,2019,0.0
1823,0.0,Ethan Keppen,0.0,0,0.0,0.0,0.0,0.0,0.0,0.0,0.0,0.0,0.0,0.0,0.0,0.0,0.0,0.0,0.0,0.0,0,0,0.0,0.0,0.0,0.0,0.0,0.0,0.0,2030,4,122,F,Vancouver Canucks,0,0,0,0,0,0,2019,0.0
1824,0.0,Antti Saarela,0.0,0,0.0,0.0,0.0,0.0,0.0,0.0,0.0,0.0,0.0,0.0,0.0,0.0,0.0,0.0,0.0,0.0,0,0,0.0,0.0,0.0,0.0,0.0,0.0,0.0,2031,4,123,F,Chicago Blackhawks,0,0,0,0,0,0,2019,0.0
1825,0.0,Nick Abruzzese,0.0,0,0.0,0.0,0.0,0.0,0.0,0.0,0.0,0.0,0.0,0.0,0.0,0.0,0.0,0.0,0.0,0.0,0,0,0.0,0.0,0.0,0.0,0.0,0.0,0.0,2032,4,124,F,Toronto Maple Leafs,2,11,1,2,3,2,2019,1.5
1826,721.0,Mark Kastelic,22.0,OTT,144.0,14.0,11.0,25.0,-12.0,179.0,14.0,0.0,0.0,3.0,11.0,0.0,0.0,144.0,18.2,22.0,146:56,9:11,70.0,50.0,58.3,78.0,331.0,41.0,35.0,2033,5,125,F,Ottawa Senators,4,175,17,18,35,244,2019,8.75
1829,0.0,Arseni Gritsyuk,0.0,0,0.0,0.0,0.0,0.0,0.0,0.0,0.0,0.0,0.0,0.0,0.0,0.0,0.0,0.0,0.0,0.0,0,0,0.0,0.0,0.0,0.0,0.0,0.0,0.0,2037,5,129,F,New Jersey Devils,0,0,0,0,0,0,2019,0.0
1830,0.0,Leevi Aaltonen,0.0,0,0.0,0.0,0.0,0.0,0.0,0.0,0.0,0.0,0.0,0.0,0.0,0.0,0.0,0.0,0.0,0.0,0,0,0.0,0.0,0.0,0.0,0.0,0.0,0.0,2038,5,130,F,New York Rangers,0,0,0,0,0,0,2019,0.0
1831,0.0,Rhett Pitlick,0.0,0,0.0,0.0,0.0,0.0,0.0,0.0,0.0,0.0,0.0,0.0,0.0,0.0,0.0,0.0,0.0,0.0,0,0,0.0,0.0,0.0,0.0,0.0,0.0,0.0,2039,5,131,F,Montréal Canadiens,0,0,0,0,0,0,2019,0.0
1832,0.0,Trevor Janicke,0.0,0,0.0,0.0,0.0,0.0,0.0,0.0,0.0,0.0,0.0,0.0,0.0,0.0,0.0,0.0,0.0,0.0,0,0,0.0,0.0,0.0,0.0,0.0,0.0,0.0,2040,5,132,F,Anaheim Ducks,0,0,0,0,0,0,2019,0.0
1833,0.0,Carson Focht,0.0,0,0.0,0.0,0.0,0.0,0.0,0.0,0.0,0.0,0.0,0.0,0.0,0.0,0.0,0.0,0.0,0.0,0,0,0.0,0.0,0.0,0.0,0.0,0.0,0.0,2041,5,133,F,Vancouver Canucks,0,0,0,0,0,0,2019,0.0
1834,0.0,Harrison Blaisdell,0.0,0,0.0,0.0,0.0,0.0,0.0,0.0,0.0,0.0,0.0,0.0,0.0,0.0,0.0,0.0,0.0,0.0,0,0,0.0,0.0,0.0,0.0,0.0,0.0,0.0,2042,5,134,F,Winnipeg Jets,0,0,0,0,0,0,2019,0.0
1835,0.0,Henrik Rybinski,0.0,0,0.0,0.0,0.0,0.0,0.0,0.0,0.0,0.0,0.0,0.0,0.0,0.0,0.0,0.0,0.0,0.0,0,0,0.0,0.0,0.0,0.0,0.0,0.0,0.0,2044,5,136,F,Florida Panthers,0,0,0,0,0,0,2019,0.0
1836,0.0,Owen Lindmark,0.0,0,0.0,0.0,0.0,0.0,0.0,0.0,0.0,0.0,0.0,0.0,0.0,0.0,0.0,0.0,0.0,0.0,0,0,0.0,0.0,0.0,0.0,0.0,0.0,0.0,2045,5,137,F,Florida Panthers,0,0,0,0,0,0,2019,0.0
1837,0.0,Marcus Kallionkieli,0.0,0,0.0,0.0,0.0,0.0,0.0,0.0,0.0,0.0,0.0,0.0,0.0,0.0,0.0,0.0,0.0,0.0,0,0,0.0,0.0,0.0,0.0,0.0,0.0,0.0,2047,5,139,F,Vegas Golden Knights,0,0,0,0,0,0,2019,0.0
1838,0.0,Sasha Mutala,0.0,0,0.0,0.0,0.0,0.0,0.0,0.0,0.0,0.0,0.0,0.0,0.0,0.0,0.0,0.0,0.0,0.0,0,0,0.0,0.0,0.0,0.0,0.0,0.0,0.0,2048,5,140,F,Colorado Avalanche,0,0,0,0,0,0,2019,0.0
1839,0.0,Mason Primeau,0.0,0,0.0,0.0,0.0,0.0,0.0,0.0,0.0,0.0,0.0,0.0,0.0,0.0,0.0,0.0,0.0,0.0,0,0,0.0,0.0,0.0,0.0,0.0,0.0,0.0,2049,5,141,F,Vegas Golden Knights,0,0,0,0,0,0,2019,0.0
1840,0.0,Nicholas Porco,0.0,0,0.0,0.0,0.0,0.0,0.0,0.0,0.0,0.0,0.0,0.0,0.0,0.0,0.0,0.0,0.0,0.0,0,0,0.0,0.0,0.0,0.0,0.0,0.0,0.0,2050,5,142,F,Dallas Stars,0,0,0,0,0,0,2019,0.0
1841,0.0,Filip Cederqvist,0.0,0,0.0,0.0,0.0,0.0,0.0,0.0,0.0,0.0,0.0,0.0,0.0,0.0,0.0,0.0,0.0,0.0,0,0,0.0,0.0,0.0,0.0,0.0,0.0,0.0,2051,5,143,F,Buffalo Sabres,0,0,0,0,0,0,2019,0.0
1842,0.0,Judd Caulfield,0.0,0,0.0,0.0,0.0,0.0,0.0,0.0,0.0,0.0,0.0,0.0,0.0,0.0,0.0,0.0,0.0,0.0,0,0,0.0,0.0,0.0,0.0,0.0,0.0,0.0,2053,5,145,F,Pittsburgh Penguins,0,0,0,0,0,0,2019,0.0
1844,0.0,Reece Newkirk,0.0,0,0.0,0.0,0.0,0.0,0.0,0.0,0.0,0.0,0.0,0.0,0.0,0.0,0.0,0.0,0.0,0.0,0,0,0.0,0.0,0.0,0.0,0.0,0.0,0.0,2055,5,147,F,New York Islanders,0,0,0,0,0,0,2019,0.0
1845,0.0,Matvei Guskov,0.0,0,0.0,0.0,0.0,0.0,0.0,0.0,0.0,0.0,0.0,0.0,0.0,0.0,0.0,0.0,0.0,0.0,0,0,0.0,0.0,0.0,0.0,0.0,0.0,0.0,2057,5,149,F,Minnesota Wild,0,0,0,0,0,0,2019,0.0
1846,0.0,Josh Nodler,0.0,0,0.0,0.0,0.0,0.0,0.0,0.0,0.0,0.0,0.0,0.0,0.0,0.0,0.0,0.0,0.0,0.0,0,0,0.0,0.0,0.0,0.0,0.0,0.0,0.0,2058,5,150,F,Calgary Flames,0,0,0,0,0,0,2019,0.0
1847,0.0,Aku Räty,0.0,0,0.0,0.0,0.0,0.0,0.0,0.0,0.0,0.0,0.0,0.0,0.0,0.0,0.0,0.0,0.0,0.0,0,0,0.0,0.0,0.0,0.0,0.0,0.0,0.0,2059,5,151,F,Arizona Coyotes,1,1,0,1,1,0,2019,1.0
1848,0.0,Kirill Slepets,0.0,0,0.0,0.0,0.0,0.0,0.0,0.0,0.0,0.0,0.0,0.0,0.0,0.0,0.0,0.0,0.0,0.0,0,0,0.0,0.0,0.0,0.0,0.0,0.0,0.0,2060,5,152,F,Carolina Hurricanes,0,0,0,0,0,0,2019,0.0
1851,0.0,Keean Washkurak,0.0,0,0.0,0.0,0.0,0.0,0.0,0.0,0.0,0.0,0.0,0.0,0.0,0.0,0.0,0.0,0.0,0.0,0,0,0.0,0.0,0.0,0.0,0.0,0.0,0.0,2063,5,155,F,St. Louis Blues,0,0,0,0,0,0,2019,0.0
1853,0.0,Patrick Moynihan,0.0,0,0.0,0.0,0.0,0.0,0.0,0.0,0.0,0.0,0.0,0.0,0.0,0.0,0.0,0.0,0.0,0.0,0,0,0.0,0.0,0.0,0.0,0.0,0.0,0.0,2066,6,158,F,New Jersey Devils,0,0,0,0,0,0,2019,0.0
1854,0.0,Elmer Söderblom,0.0,0,0.0,0.0,0.0,0.0,0.0,0.0,0.0,0.0,0.0,0.0,0.0,0.0,0.0,0.0,0.0,0.0,0,0,0.0,0.0,0.0,0.0,0.0,0.0,0.0,2067,6,159,F,Detroit Red Wings,1,21,5,3,8,8,2019,8.0
1855,0.0,Lukas Rousek,0.0,0,0.0,0.0,0.0,0.0,0.0,0.0,0.0,0.0,0.0,0.0,0.0,0.0,0.0,0.0,0.0,0.0,0,0,0.0,0.0,0.0,0.0,0.0,0.0,0.0,2068,6,160,F,Buffalo Sabres,2,17,1,3,4,0,2019,2.0
1856,0.0,Adam Edström,0.0,0,0.0,0.0,0.0,0.0,0.0,0.0,0.0,0.0,0.0,0.0,0.0,0.0,0.0,0.0,0.0,0.0,0,0,0.0,0.0,0.0,0.0,0.0,0.0,0.0,2069,6,161,F,New York Rangers,2,41,4,1,5,25,2019,2.5
1857,0.0,Tomas Mazura,0.0,0,0.0,0.0,0.0,0.0,0.0,0.0,0.0,0.0,0.0,0.0,0.0,0.0,0.0,0.0,0.0,0.0,0,0,0.0,0.0,0.0,0.0,0.0,0.0,0.0,2070,6,162,F,Edmonton Oilers,0,0,0,0,0,0,2019,0.0
1859,0.0,Timur Ibragimov,0.0,0,0.0,0.0,0.0,0.0,0.0,0.0,0.0,0.0,0.0,0.0,0.0,0.0,0.0,0.0,0.0,0.0,0,0,0.0,0.0,0.0,0.0,0.0,0.0,0.0,2072,6,164,F,San Jose Sharks,0,0,0,0,0,0,2019,0.0
1860,0.0,Yegor Serdyuk,0.0,0,0.0,0.0,0.0,0.0,0.0,0.0,0.0,0.0,0.0,0.0,0.0,0.0,0.0,0.0,0.0,0.0,0,0,0.0,0.0,0.0,0.0,0.0,0.0,0.0,2073,6,165,F,Philadelphia Flyers,0,0,0,0,0,0,2019,0.0
1862,0.0,Greg Meireles,0.0,0,0.0,0.0,0.0,0.0,0.0,0.0,0.0,0.0,0.0,0.0,0.0,0.0,0.0,0.0,0.0,0.0,0,0,0.0,0.0,0.0,0.0,0.0,0.0,0.0,2076,6,168,F,Florida Panthers,0,0,0,0,0,0,2019,0.0
1863,0.0,Arsen Khisamutdinov,0.0,0,0.0,0.0,0.0,0.0,0.0,0.0,0.0,0.0,0.0,0.0,0.0,0.0,0.0,0.0,0.0,0.0,0,0,0.0,0.0,0.0,0.0,0.0,0.0,0.0,2078,6,170,F,Montréal Canadiens,0,0,0,0,0,0,2019,0.0
1864,0.0,Luka Burzan,0.0,0,0.0,0.0,0.0,0.0,0.0,0.0,0.0,0.0,0.0,0.0,0.0,0.0,0.0,0.0,0.0,0.0,0,0,0.0,0.0,0.0,0.0,0.0,0.0,0.0,2079,6,171,F,Colorado Avalanche,0,0,0,0,0,0,2019,0.0
1865,852.0,Nikita Nesterenko,21.0,ANA,12.0,2.0,0.0,2.0,-3.0,0.0,2.0,0.0,0.0,0.0,0.0,0.0,0.0,30.0,4.3,30.0,119:36,13:17,0.0,3.0,0.0,1.0,13.0,4.0,4.0,2080,6,172,F,Minnesota Wild,2,12,2,0,2,0,2019,1.0
1867,0.0,Danil Savunov,0.0,0,0.0,0.0,0.0,0.0,0.0,0.0,0.0,0.0,0.0,0.0,0.0,0.0,0.0,0.0,0.0,0.0,0,0,0.0,0.0,0.0,0.0,0.0,0.0,0.0,2082,6,174,F,Arizona Coyotes,0,0,0,0,0,0,2019,0.0
1868,0.0,Karel Plasek,0.0,0,0.0,0.0,0.0,0.0,0.0,0.0,0.0,0.0,0.0,0.0,0.0,0.0,0.0,0.0,0.0,0.0,0,0,0.0,0.0,0.0,0.0,0.0,0.0,0.0,2083,6,175,F,Vancouver Canucks,0,0,0,0,0,0,2019,0.0
1869,0.0,Anthony Romano,0.0,0,0.0,0.0,0.0,0.0,0.0,0.0,0.0,0.0,0.0,0.0,0.0,0.0,0.0,0.0,0.0,0.0,0,0,0.0,0.0,0.0,0.0,0.0,0.0,0.0,2084,6,176,F,Arizona Coyotes,0,0,0,0,0,0,2019,0.0
1871,0.0,Félix Bibeau,0.0,0,0.0,0.0,0.0,0.0,0.0,0.0,0.0,0.0,0.0,0.0,0.0,0.0,0.0,0.0,0.0,0.0,0,0,0.0,0.0,0.0,0.0,0.0,0.0,0.0,2086,6,178,F,New York Islanders,0,0,0,0,0,0,2019,0.0
1872,0.0,Isak Walther,0.0,0,0.0,0.0,0.0,0.0,0.0,0.0,0.0,0.0,0.0,0.0,0.0,0.0,0.0,0.0,0.0,0.0,0,0,0.0,0.0,0.0,0.0,0.0,0.0,0.0,2087,6,179,F,Nashville Predators,0,0,0,0,0,0,2019,0.0
1873,0.0,Jack Malone,0.0,0,0.0,0.0,0.0,0.0,0.0,0.0,0.0,0.0,0.0,0.0,0.0,0.0,0.0,0.0,0.0,0.0,0,0,0.0,0.0,0.0,0.0,0.0,0.0,0.0,2088,6,180,F,Vancouver Canucks,0,0,0,0,0,0,2019,0.0
1874,0.0,Kevin Wall,0.0,0,0.0,0.0,0.0,0.0,0.0,0.0,0.0,0.0,0.0,0.0,0.0,0.0,0.0,0.0,0.0,0.0,0,0,0.0,0.0,0.0,0.0,0.0,0.0,0.0,2089,6,181,F,Carolina Hurricanes,0,0,0,0,0,0,2019,0.0
1876,0.0,Blake Murray,0.0,0,0.0,0.0,0.0,0.0,0.0,0.0,0.0,0.0,0.0,0.0,0.0,0.0,0.0,0.0,0.0,0.0,0,0,0.0,0.0,0.0,0.0,0.0,0.0,0.0,2091,6,183,F,Carolina Hurricanes,0,0,0,0,0,0,2019,0.0
1878,0.0,Matias Mäntykivi,0.0,0,0.0,0.0,0.0,0.0,0.0,0.0,0.0,0.0,0.0,0.0,0.0,0.0,0.0,0.0,0.0,0.0,0,0,0.0,0.0,0.0,0.0,0.0,0.0,0.0,2093,6,185,F,Boston Bruins,0,0,0,0,0,0,2019,0.0
1881,0.0,Andre Lee,0.0,0,0.0,0.0,0.0,0.0,0.0,0.0,0.0,0.0,0.0,0.0,0.0,0.0,0.0,0.0,0.0,0.0,0,0,0.0,0.0,0.0,0.0,0.0,0.0,0.0,2096,7,188,F,Los Angeles Kings,1,16,0,2,2,11,2019,2.0
1882,0.0,Nikola Pasic,0.0,0,0.0,0.0,0.0,0.0,0.0,0.0,0.0,0.0,0.0,0.0,0.0,0.0,0.0,0.0,0.0,0.0,0,0,0.0,0.0,0.0,0.0,0.0,0.0,0.0,2097,7,189,F,New Jersey Devils,0,0,0,0,0,0,2019,0.0
1883,0.0,Kirill Tyutyayev,0.0,0,0.0,0.0,0.0,0.0,0.0,0.0,0.0,0.0,0.0,0.0,0.0,0.0,0.0,0.0,0.0,0.0,0,0,0.0,0.0,0.0,0.0,0.0,0.0,0.0,2098,7,190,F,Detroit Red Wings,0,0,0,0,0,0,2019,0.0
1884,0.0,Jake Schmaltz,0.0,0,0.0,0.0,0.0,0.0,0.0,0.0,0.0,0.0,0.0,0.0,0.0,0.0,0.0,0.0,0.0,0.0,0,0,0.0,0.0,0.0,0.0,0.0,0.0,0.0,2100,7,192,F,Boston Bruins,0,0,0,0,0,0,2019,0.0
1885,0.0,Maxim Denezhkin,0.0,0,0.0,0.0,0.0,0.0,0.0,0.0,0.0,0.0,0.0,0.0,0.0,0.0,0.0,0.0,0.0,0.0,0,0,0.0,0.0,0.0,0.0,0.0,0.0,0.0,2101,7,193,F,Edmonton Oilers,0,0,0,0,0,0,2019,0.0
1887,845.0,Aidan McDonough,23.0,VAN,6.0,1.0,0.0,1.0,-2.0,2.0,1.0,0.0,0.0,0.0,0.0,0.0,0.0,4.0,25.0,9.0,55:51,9:19,1.0,0.0,100.0,2.0,7.0,0.0,0.0,2103,7,195,F,Vancouver Canucks,1,6,1,0,1,2,2019,1.0
1888,0.0,Bryce Brodzinski,0.0,0,0.0,0.0,0.0,0.0,0.0,0.0,0.0,0.0,0.0,0.0,0.0,0.0,0.0,0.0,0.0,0.0,0,0,0.0,0.0,0.0,0.0,0.0,0.0,0.0,2104,7,196,F,Philadelphia Flyers,0,0,0,0,0,0,2019,0.0
1889,0.0,Mikhail Shalagin,0.0,0,0.0,0.0,0.0,0.0,0.0,0.0,0.0,0.0,0.0,0.0,0.0,0.0,0.0,0.0,0.0,0.0,0,0,0.0,0.0,0.0,0.0,0.0,0.0,0.0,2106,7,198,F,Tampa Bay Lightning,0,0,0,0,0,0,2019,0.0
1890,0.0,Matthew Wedman,0.0,0,0.0,0.0,0.0,0.0,0.0,0.0,0.0,0.0,0.0,0.0,0.0,0.0,0.0,0.0,0.0,0.0,0,0,0.0,0.0,0.0,0.0,0.0,0.0,0.0,2107,7,199,F,Florida Panthers,0,0,0,0,0,0,2019,0.0
1892,0.0,Rafaël Harvey-Pinard,0.0,0,0.0,0.0,0.0,0.0,0.0,0.0,0.0,0.0,0.0,0.0,0.0,0.0,0.0,0.0,0.0,0.0,0,0,0.0,0.0,0.0,0.0,0.0,0.0,0.0,2109,7,201,F,Montréal Canadiens,3,83,17,14,31,16,2019,10.333333333333334
1893,889.0,Valtteri Puustinen,22.0,PIT,53.0,5.0,16.0,21.0,6.0,6.0,5.0,0.0,0.0,0.0,14.0,2.0,0.0,87.0,0.0,3.0,10:14,11:45,0.0,0.0,0.0,33.0,41.0,19.0,16.0,2111,7,203,F,Pittsburgh Penguins,3,63,6,17,23,10,2019,7.666666666666667
1895,0.0,Eric Ciccolini,0.0,0,0.0,0.0,0.0,0.0,0.0,0.0,0.0,0.0,0.0,0.0,0.0,0.0,0.0,0.0,0.0,0.0,0,0,0.0,0.0,0.0,0.0,0.0,0.0,0.0,2113,7,205,F,New York Rangers,0,0,0,0,0,0,2019,0.0
1897,0.0,Valentin Nussbaumer,0.0,0,0.0,0.0,0.0,0.0,0.0,0.0,0.0,0.0,0.0,0.0,0.0,0.0,0.0,0.0,0.0,0.0,0,0,0.0,0.0,0.0,0.0,0.0,0.0,0.0,2115,7,207,F,Arizona Coyotes,0,0,0,0,0,0,2019,0.0
1898,0.0,Cole Coskey,0.0,0,0.0,0.0,0.0,0.0,0.0,0.0,0.0,0.0,0.0,0.0,0.0,0.0,0.0,0.0,0.0,0.0,0,0,0.0,0.0,0.0,0.0,0.0,0.0,0.0,2117,7,209,F,New York Islanders,0,0,0,0,0,0,2019,0.0
1899,0.0,Juuso Pärssinen,0.0,0,0.0,0.0,0.0,0.0,0.0,0.0,0.0,0.0,0.0,0.0,0.0,0.0,0.0,0.0,0.0,0.0,0,0,0.0,0.0,0.0,0.0,0.0,0.0,0.0,2118,7,210,F,Nashville Predators,3,104,16,26,42,27,2019,14.0
1901,792.0,Tyler Angle,22.0,CBJ,4.0,1.0,0.0,1.0,-3.0,0.0,1.0,0.0,0.0,0.0,0.0,0.0,0.0,5.0,20.0,6.0,22:57,8:20,8.0,10.0,44.4,1.0,7.0,1.0,0.0,2120,7,212,F,Columbus Blue Jackets,2,4,1,0,1,0,2019,0.5
1902,0.0,McKade Webster,0.0,0,0.0,0.0,0.0,0.0,0.0,0.0,0.0,0.0,0.0,0.0,0.0,0.0,0.0,0.0,0.0,0.0,0,0,0.0,0.0,0.0,0.0,0.0,0.0,0.0,2121,7,213,F,Tampa Bay Lightning,0,0,0,0,0,0,2019,0.0
1903,0.0,Arvid Costmar,0.0,0,0.0,0.0,0.0,0.0,0.0,0.0,0.0,0.0,0.0,0.0,0.0,0.0,0.0,0.0,0.0,0.0,0,0,0.0,0.0,0.0,0.0,0.0,0.0,0.0,2123,7,215,F,Vancouver Canucks,0,0,0,0,0,0,2019,0.0
1904,0.0,Massimo Rizzo,0.0,0,0.0,0.0,0.0,0.0,0.0,0.0,0.0,0.0,0.0,0.0,0.0,0.0,0.0,0.0,0.0,0.0,0,0,0.0,0.0,0.0,0.0,0.0,0.0,0.0,2124,7,216,F,Carolina Hurricanes,0,0,0,0,0,0,2019,0.0
1905,0.0,Jérémy Michel,0.0,0,0.0,0.0,0.0,0.0,0.0,0.0,0.0,0.0,0.0,0.0,0.0,0.0,0.0,0.0,0.0,0.0,0,0,0.0,0.0,0.0,0.0,0.0,0.0,0.0,2125,7,217,F,St. Louis Blues,0,0,0,0,0,0,2019,0.0
1906,0.0,Alexis Lafrenière,0.0,0,0.0,0.0,0.0,0.0,0.0,0.0,0.0,0.0,0.0,0.0,0.0,0.0,0.0,0.0,0.0,0.0,0,0,0.0,0.0,0.0,0.0,0.0,0.0,0.0,2126,1,1,F,New York Rangers,5,328,84,85,169,122,2020,33.8
1907,753.0,Quinton Byfield,18.0,LAK,179.0,28.0,60.0,88.0,26.0,94.0,21.0,7.0,0.0,5.0,51.0,9.0,0.0,283.0,0.0,12.0,90:03,16:29,26.0,40.0,39.4,49.0,142.0,80.0,50.0,2127,1,2,F,Los Angeles Kings,5,209,32,69,101,108,2020,20.2
1908,0.0,Tim Stützle,0.0,0,0.0,0.0,0.0,0.0,0.0,0.0,0.0,0.0,0.0,0.0,0.0,0.0,0.0,0.0,0.0,0.0,0,0,0.0,0.0,0.0,0.0,0.0,0.0,0.0,2128,1,3,F,Ottawa Senators,5,315,101,182,283,147,2020,56.6
1909,98.0,Lucas Raymond,19.0,DET,238.0,71.0,103.0,174.0,-61.0,70.0,55.0,16.0,0.0,10.0,66.0,37.0,0.0,481.0,12.5,287.0,1488:52,18:09,12.0,19.0,38.7,71.0,174.0,107.0,88.0,2129,1,4,F,Detroit Red Wings,4,268,83,122,205,76,2020,51.25
1912,793.0,Alexander Holtz,20.0,NJD,110.0,19.0,15.0,34.0,-26.0,24.0,16.0,3.0,0.0,3.0,13.0,2.0,0.0,155.0,0.0,23.0,110:26,12:16,0.0,0.0,0.0,23.0,55.0,18.0,29.0,2132,1,7,F,New Jersey Devils,4,141,21,22,43,26,2020,10.75
1913,814.0,Jack Quinn,20.0,BUF,104.0,24.0,34.0,58.0,-8.0,23.0,21.0,3.0,0.0,4.0,26.0,7.0,1.0,188.0,16.7,9.0,29:45,15:38,0.0,0.0,0.0,32.0,74.0,38.0,37.0,2133,1,8,F,Buffalo Sabres,4,129,27,38,65,27,2020,16.25
1914,1073.0,Marco Rossi,20.0,MIN,103.0,21.0,20.0,41.0,-12.0,59.0,19.0,2.0,0.0,2.0,16.0,4.0,0.0,185.0,0.0,7.0,31:10,16:44,7.0,15.0,31.8,47.0,42.0,39.0,24.0,2134,1,9,F,Minnesota Wild,4,134,32,34,66,71,2020,16.5
1915,645.0,Cole Perfetti,20.0,WPG,140.0,29.0,46.0,75.0,24.0,28.0,23.0,6.0,0.0,4.0,35.0,11.0,0.0,253.0,9.5,48.0,254:40,14:58,0.0,3.0,0.0,47.0,78.0,44.0,35.0,2135,1,10,F,Winnipeg Jets,4,172,35,59,94,36,2020,23.5
1916,166.0,Anton Lundell,20.0,FLA,216.0,43.0,69.0,112.0,53.0,107.0,38.0,2.0,3.0,7.0,53.0,12.0,4.0,443.0,14.4,223.0,1022:55,16:22,334.0,414.0,44.7,128.0,116.0,128.0,107.0,2137,1,12,F,Florida Panthers,4,247,51,82,133,115,2020,33.25
1917,189.0,Seth Jarvis,19.0,CAR,231.0,64.0,82.0,146.0,44.0,44.0,46.0,15.0,3.0,13.0,65.0,16.0,1.0,473.0,15.5,203.0,943:30,18:45,11.0,14.0,44.0,121.0,257.0,95.0,105.0,2138,1,13,F,Carolina Hurricanes,4,254,72,93,165,52,2020,41.25
1918,601.0,Dylan Holloway,21.0,EDM,89.0,9.0,9.0,18.0,-1.0,56.0,8.0,1.0,0.0,1.0,9.0,0.0,0.0,100.0,6.8,83.0,488:51,9:35,22.0,40.0,35.5,30.0,174.0,25.0,27.0,2139,1,14,F,Edmonton Oilers,4,121,19,18,37,62,2020,9.25
1919,0.0,Rodion Amirov,0.0,0,0.0,0.0,0.0,0.0,0.0,0.0,0.0,0.0,0.0,0.0,0.0,0.0,0.0,0.0,0.0,0.0,0,0,0.0,0.0,0.0,0.0,0.0,0.0,0.0,2140,1,15,F,Toronto Maple Leafs,0,0,0,0,0,0,2020,0.0
1921,892.0,Lukas Reichel,19.0,CHI,99.0,12.0,20.0,32.0,-45.0,18.0,10.0,2.0,0.0,0.0,17.0,3.0,0.0,141.0,0.0,23.0,145:09,16:22,16.0,30.0,34.8,43.0,34.0,52.0,56.0,2142,1,17,F,Chicago Blackhawks,4,126,15,26,41,22,2020,10.25
1922,183.0,Dawson Mercer,20.0,NJD,246.0,64.0,67.0,131.0,-29.0,71.0,54.0,8.0,2.0,10.0,53.0,12.0,2.0,449.0,11.0,247.0,1356:23,17:13,209.0,381.0,35.4,141.0,92.0,118.0,125.0,2143,1,18,F,New Jersey Devils,4,279,71,76,147,81,2020,36.75
1925,510.0,Yegor Chinakhov,20.0,CBJ,145.0,27.0,29.0,56.0,-36.0,32.0,24.0,3.0,0.0,4.0,27.0,2.0,0.0,252.0,7.1,189.0,775:11,15:10,0.0,6.0,0.0,61.0,120.0,68.0,36.0,2146,1,21,F,Columbus Blue Jackets,4,166,34,36,70,34,2020,17.5
1926,868.0,Hendrix Lapierre,19.0,WSH,57.0,9.0,14.0,23.0,1.0,6.0,9.0,0.0,0.0,1.0,12.0,2.0,0.0,58.0,14.3,9.0,57:32,9:35,6.0,17.0,26.1,33.0,27.0,22.0,20.0,2147,1,22,F,Washington Capitals,3,81,9,20,29,10,2020,9.666666666666666
1927,637.0,Tyson Foerster,21.0,PHI,85.0,23.0,17.0,40.0,2.0,40.0,18.0,4.0,1.0,2.0,12.0,5.0,0.0,182.0,20.0,27.0,132:32,17:16,0.0,0.0,0.0,59.0,114.0,37.0,13.0,2148,1,23,F,Philadelphia Flyers,3,115,29,21,50,69,2020,16.666666666666668
1928,240.0,Connor Zary,22.0,CGY,63.0,14.0,20.0,34.0,12.0,22.0,13.0,1.0,0.0,3.0,17.0,3.0,0.0,90.0,15.6,175.0,962:14,15:16,48.0,61.0,44.0,29.0,29.0,16.0,27.0,2149,1,24,F,Calgary Flames,2,94,21,29,50,30,2020,25.0
1930,806.0,Jake Neighbours,19.0,STL,129.0,34.0,16.0,50.0,-37.0,47.0,25.0,9.0,0.0,6.0,9.0,7.0,0.0,206.0,12.5,11.0,83:52,9:19,1.0,2.0,33.3,67.0,211.0,52.0,21.0,2151,1,26,F,St. Louis Blues,4,161,44,23,67,73,2020,16.75
1931,1051.0,Jacob Perreault,19.0,ANA,1.0,0.0,0.0,0.0,-1.0,0.0,0.0,0.0,0.0,0.0,0.0,0.0,0.0,0.0,0.0,2.0,11:05,11:05,0.0,0.0,0.0,1.0,0.0,0.0,1.0,2152,1,27,F,Anaheim Ducks,1,1,0,0,0,0,2020,0.0
1932,599.0,Ridly Greig,20.0,OTT,92.0,15.0,20.0,35.0,11.0,78.0,12.0,2.0,1.0,1.0,17.0,3.0,0.0,127.0,6.7,52.0,258:02,14:45,43.0,66.0,39.4,44.0,162.0,36.0,27.0,2153,1,28,F,Ottawa Senators,3,119,17,25,42,92,2020,14.0
1933,610.0,Brendan Brisson,22.0,VEG,15.0,2.0,6.0,8.0,-5.0,2.0,1.0,1.0,0.0,1.0,5.0,1.0,0.0,20.0,10.0,47.0,185:03,12:20,4.0,4.0,50.0,4.0,13.0,5.0,4.0,2154,1,29,F,Vegas Golden Knights,2,22,2,6,8,2,2020,4.0
1934,881.0,Mavrik Bourque,22.0,DAL,1.0,0.0,0.0,0.0,0.0,0.0,0.0,0.0,0.0,0.0,0.0,0.0,0.0,2.0,0.0,7.0,10:56,10:56,2.0,4.0,33.3,0.0,1.0,0.0,0.0,2155,1,30,F,Dallas Stars,2,26,2,4,6,2,2020,3.0
1935,0.0,Ozzy Wiesblatt,0.0,0,0.0,0.0,0.0,0.0,0.0,0.0,0.0,0.0,0.0,0.0,0.0,0.0,0.0,0.0,0.0,0.0,0,0,0.0,0.0,0.0,0.0,0.0,0.0,0.0,2156,1,31,F,San Jose Sharks,0,0,0,0,0,0,2020,0.0
1937,0.0,Roby Järventie,0.0,0,0.0,0.0,0.0,0.0,0.0,0.0,0.0,0.0,0.0,0.0,0.0,0.0,0.0,0.0,0.0,0.0,0,0,0.0,0.0,0.0,0.0,0.0,0.0,0.0,2158,2,33,F,Ottawa Senators,1,7,0,1,1,4,2020,1.0
1938,1052.0,JJ Peterka,20.0,BUF,161.0,40.0,42.0,82.0,-5.0,54.0,35.0,5.0,0.0,6.0,35.0,7.0,0.0,354.0,0.0,6.0,32:15,16:24,0.0,0.0,0.0,30.0,46.0,63.0,46.0,2159,2,34,F,Buffalo Sabres,4,190,48,54,102,62,2020,25.5
1940,796.0,Sam Colangelo,22.0,ANA,3.0,1.0,0.0,1.0,0.0,2.0,1.0,0.0,0.0,0.0,0.0,0.0,0.0,7.0,14.3,10.0,37:40,12:33,0.0,0.0,0.0,2.0,3.0,2.0,1.0,2161,2,36,F,Anaheim Ducks,2,11,1,0,1,2,2020,0.5
1941,696.0,Marat Khusnutdinov,21.0,MIN,16.0,1.0,3.0,4.0,-3.0,6.0,0.0,1.0,0.0,0.0,3.0,0.0,0.0,6.0,16.7,21.0,209:46,13:07,49.0,54.0,47.6,9.0,16.0,7.0,4.0,2162,2,37,F,Minnesota Wild,2,44,2,5,7,14,2020,3.5
1942,684.0,Thomas Bordeleau,20.0,SJS,43.0,6.0,12.0,18.0,-22.0,18.0,2.0,4.0,0.0,1.0,8.0,4.0,0.0,70.0,0.0,25.0,124:43,15:35,40.0,49.0,44.9,26.0,19.0,25.0,18.0,2163,2,38,F,San Jose Sharks,3,43,6,12,18,18,2020,6.0
1944,0.0,Daniel Torgersson,0.0,0,0.0,0.0,0.0,0.0,0.0,0.0,0.0,0.0,0.0,0.0,0.0,0.0,0.0,0.0,0.0,0.0,0,0,0.0,0.0,0.0,0.0,0.0,0.0,0.0,2165,2,40,F,Winnipeg Jets,0,0,0,0,0,0,2020,0.0
1945,0.0,Noel Gunler,0.0,0,0.0,0.0,0.0,0.0,0.0,0.0,0.0,0.0,0.0,0.0,0.0,0.0,0.0,0.0,0.0,0.0,0,0,0.0,0.0,0.0,0.0,0.0,0.0,0.0,2166,2,41,F,Carolina Hurricanes,0,0,0,0,0,0,2020,0.0
1946,494.0,Luke Evangelista,20.0,NSH,104.0,23.0,31.0,54.0,7.0,24.0,20.0,3.0,0.0,2.0,22.0,9.0,0.0,226.0,13.0,78.0,397:45,16:34,0.0,0.0,0.0,29.0,39.0,53.0,55.0,2167,2,42,F,Nashville Predators,3,133,26,40,66,34,2020,22.0
1947,918.0,Emil Heineman,22.0,MTL,4.0,0.0,0.0,0.0,2.0,0.0,0.0,0.0,0.0,0.0,0.0,0.0,0.0,0.0,0.0,4.0,39:49,9:57,0.0,2.0,0.0,1.0,7.0,0.0,1.0,2168,2,43,F,Florida Panthers,2,33,6,3,9,10,2020,4.5
1950,0.0,Luke Tuch,0.0,0,0.0,0.0,0.0,0.0,0.0,0.0,0.0,0.0,0.0,0.0,0.0,0.0,0.0,0.0,0.0,0.0,0,0,0.0,0.0,0.0,0.0,0.0,0.0,0.0,2172,2,47,F,Montréal Canadiens,0,0,0,0,0,0,2020,0.0
1951,0.0,Jan Mysak,0.0,0,0.0,0.0,0.0,0.0,0.0,0.0,0.0,0.0,0.0,0.0,0.0,0.0,0.0,0.0,0.0,0.0,0,0,0.0,0.0,0.0,0.0,0.0,0.0,0.0,2173,2,48,F,Montréal Canadiens,0,0,0,0,0,0,2020,0.0
1952,0.0,Jan Mysak,0.0,0,0.0,0.0,0.0,0.0,0.0,0.0,0.0,0.0,0.0,0.0,0.0,0.0,0.0,0.0,0.0,0.0,0,0,0.0,0.0,0.0,0.0,0.0,0.0,0.0,2174,2,48,F,Montréal Canadiens,0,0,0,0,0,0,2020,0.0
1954,0.0,Theodor Niederbach,0.0,0,0.0,0.0,0.0,0.0,0.0,0.0,0.0,0.0,0.0,0.0,0.0,0.0,0.0,0.0,0.0,0.0,0,0,0.0,0.0,0.0,0.0,0.0,0.0,0.0,2176,2,51,F,Detroit Red Wings,0,0,0,0,0,0,2020,0.0
1955,0.0,Vasili Ponomaryov,0.0,0,0.0,0.0,0.0,0.0,0.0,0.0,0.0,0.0,0.0,0.0,0.0,0.0,0.0,0.0,0.0,0.0,0,0,0.0,0.0,0.0,0.0,0.0,0.0,0.0,2178,2,53,F,Carolina Hurricanes,2,5,1,1,2,2,2020,1.0
1957,0.0,Cross Hanas,0.0,0,0.0,0.0,0.0,0.0,0.0,0.0,0.0,0.0,0.0,0.0,0.0,0.0,0.0,0.0,0.0,0.0,0,0,0.0,0.0,0.0,0.0,0.0,0.0,0.0,2180,2,55,F,Detroit Red Wings,0,0,0,0,0,0,2020,0.0
1958,1023.0,Tristen Robins,21.0,SJS,3.0,0.0,0.0,0.0,-1.0,0.0,0.0,0.0,0.0,0.0,0.0,0.0,0.0,2.0,0.0,2.0,41:08,13:43,13.0,17.0,43.3,3.0,2.0,0.0,1.0,2181,2,56,F,San Jose Sharks,1,3,0,0,0,0,2020,0.0
1959,0.0,Jack Finley,0.0,0,0.0,0.0,0.0,0.0,0.0,0.0,0.0,0.0,0.0,0.0,0.0,0.0,0.0,0.0,0.0,0.0,0,0,0.0,0.0,0.0,0.0,0.0,0.0,0.0,2182,2,57,F,Tampa Bay Lightning,0,0,0,0,0,0,2020,0.0
1961,0.0,Roni Hirvonen,0.0,0,0.0,0.0,0.0,0.0,0.0,0.0,0.0,0.0,0.0,0.0,0.0,0.0,0.0,0.0,0.0,0.0,0,0,0.0,0.0,0.0,0.0,0.0,0.0,0.0,2184,2,59,F,Toronto Maple Leafs,0,0,0,0,0,0,2020,0.0
1962,0.0,Will Cuylle,0.0,0,0.0,0.0,0.0,0.0,0.0,0.0,0.0,0.0,0.0,0.0,0.0,0.0,0.0,0.0,0.0,0.0,0,0,0.0,0.0,0.0,0.0,0.0,0.0,0.0,2185,2,60,F,New York Rangers,3,115,24,20,44,80,2020,14.666666666666666
1963,0.0,Yegor Sokolov,0.0,0,0.0,0.0,0.0,0.0,0.0,0.0,0.0,0.0,0.0,0.0,0.0,0.0,0.0,0.0,0.0,0.0,0,0,0.0,0.0,0.0,0.0,0.0,0.0,0.0,2186,2,61,F,Ottawa Senators,2,13,1,1,2,4,2020,1.0
1964,912.0,Gage Goncalves,23.0,TBL,2.0,0.0,0.0,0.0,0.0,6.0,0.0,0.0,0.0,0.0,0.0,0.0,0.0,0.0,0.0,1.0,19:55,9:58,0.0,1.0,0.0,0.0,2.0,1.0,0.0,2187,2,62,F,Tampa Bay Lightning,2,18,0,1,1,8,2020,0.5
1968,0.0,Kasper Simontaival,0.0,0,0.0,0.0,0.0,0.0,0.0,0.0,0.0,0.0,0.0,0.0,0.0,0.0,0.0,0.0,0.0,0.0,0,0,0.0,0.0,0.0,0.0,0.0,0.0,0.0,2191,3,66,F,Los Angeles Kings,0,0,0,0,0,0,2020,0.0
1975,0.0,Ty Smilanic,0.0,0,0.0,0.0,0.0,0.0,0.0,0.0,0.0,0.0,0.0,0.0,0.0,0.0,0.0,0.0,0.0,0.0,0,0,0.0,0.0,0.0,0.0,0.0,0.0,0.0,2199,3,74,F,Florida Panthers,0,0,0,0,0,0,2020,0.0
1976,933.0,Jean-Luc Foudy,20.0,COL,13.0,1.0,0.0,1.0,-2.0,6.0,1.0,0.0,0.0,0.0,0.0,0.0,0.0,14.0,0.0,15.0,90:16,6:26,0.0,3.0,0.0,2.0,2.0,3.0,6.0,2200,3,75,F,Colorado Avalanche,2,13,1,0,1,6,2020,0.5
1977,752.0,Daniil Gushchin,20.0,SJS,6.0,2.0,2.0,4.0,-3.0,0.0,1.0,1.0,0.0,0.0,1.0,1.0,0.0,12.0,12.5,12.0,31:49,15:55,0.0,0.0,0.0,12.0,2.0,3.0,0.0,2201,3,76,F,San Jose Sharks,3,16,2,3,5,6,2020,1.6666666666666667
1979,708.0,Landon Slaggert,21.0,CHI,16.0,1.0,3.0,4.0,1.0,4.0,1.0,0.0,0.0,0.0,3.0,0.0,0.0,14.0,7.1,27.0,180:14,11:16,0.0,5.0,0.0,6.0,16.0,6.0,2.0,2204,3,79,F,Chicago Blackhawks,1,16,1,3,4,4,2020,4.0
1983,364.0,Alex Laferriere,22.0,LAK,81.0,12.0,11.0,23.0,-14.0,46.0,12.0,0.0,0.0,2.0,8.0,3.0,0.0,147.0,8.2,319.0,1070:50,13:13,7.0,6.0,53.8,27.0,113.0,21.0,26.0,2208,3,83,F,Los Angeles Kings,2,111,24,21,45,52,2020,22.5
1984,0.0,Maxim Groshev,0.0,0,0.0,0.0,0.0,0.0,0.0,0.0,0.0,0.0,0.0,0.0,0.0,0.0,0.0,0.0,0.0,0.0,0,0,0.0,0.0,0.0,0.0,0.0,0.0,0.0,2210,3,85,F,Tampa Bay Lightning,0,0,0,0,0,0,2020,0.0
1985,0.0,Dylan Peterson,0.0,0,0.0,0.0,0.0,0.0,0.0,0.0,0.0,0.0,0.0,0.0,0.0,0.0,0.0,0.0,0.0,0.0,0,0,0.0,0.0,0.0,0.0,0.0,0.0,0.0,2211,3,86,F,St. Louis Blues,0,0,0,0,0,0,2020,0.0
1986,1004.0,Justin Sourdif,21.0,FLA,3.0,0.0,0.0,0.0,0.0,0.0,0.0,0.0,0.0,0.0,0.0,0.0,0.0,2.0,0.0,2.0,26:31,8:50,0.0,0.0,0.0,2.0,5.0,0.0,1.0,2212,3,87,F,Florida Panthers,1,3,0,0,0,0,2020,0.0
1988,0.0,Trevor Kuntar,0.0,0,0.0,0.0,0.0,0.0,0.0,0.0,0.0,0.0,0.0,0.0,0.0,0.0,0.0,0.0,0.0,0.0,0,0,0.0,0.0,0.0,0.0,0.0,0.0,0.0,2214,3,89,F,Boston Bruins,0,0,0,0,0,0,2020,0.0
1989,0.0,Alexander Ljungkrantz,0.0,0,0.0,0.0,0.0,0.0,0.0,0.0,0.0,0.0,0.0,0.0,0.0,0.0,0.0,0.0,0.0,0.0,0,0,0.0,0.0,0.0,0.0,0.0,0.0,0.0,2215,3,90,F,New York Islanders,0,0,0,0,0,0,2020,0.0
1990,0.0,Jackson Hallum,0.0,0,0.0,0.0,0.0,0.0,0.0,0.0,0.0,0.0,0.0,0.0,0.0,0.0,0.0,0.0,0.0,0.0,0,0,0.0,0.0,0.0,0.0,0.0,0.0,0.0,2216,3,91,F,Vegas Golden Knights,0,0,0,0,0,0,2020,0.0
1991,0.0,Oliver Tärnström,0.0,0,0.0,0.0,0.0,0.0,0.0,0.0,0.0,0.0,0.0,0.0,0.0,0.0,0.0,0.0,0.0,0.0,0,0,0.0,0.0,0.0,0.0,0.0,0.0,0.0,2217,3,92,F,New York Rangers,0,0,0,0,0,0,2020,0.0
1993,0.0,Zayde Wisdom,0.0,0,0.0,0.0,0.0,0.0,0.0,0.0,0.0,0.0,0.0,0.0,0.0,0.0,0.0,0.0,0.0,0.0,0,0,0.0,0.0,0.0,0.0,0.0,0.0,0.0,2219,4,94,F,Philadelphia Flyers,0,0,0,0,0,0,2020,0.0
1995,0.0,Sam Stange,0.0,0,0.0,0.0,0.0,0.0,0.0,0.0,0.0,0.0,0.0,0.0,0.0,0.0,0.0,0.0,0.0,0.0,0,0,0.0,0.0,0.0,0.0,0.0,0.0,0.0,2222,4,97,F,Detroit Red Wings,0,0,0,0,0,0,2020,0.0
1996,0.0,Brandon Coe,0.0,0,0.0,0.0,0.0,0.0,0.0,0.0,0.0,0.0,0.0,0.0,0.0,0.0,0.0,0.0,0.0,0.0,0,0,0.0,0.0,0.0,0.0,0.0,0.0,0.0,2223,4,98,F,San Jose Sharks,0,0,0,0,0,0,2020,0.0
1997,0.0,Jaromir Pytlik,0.0,0,0.0,0.0,0.0,0.0,0.0,0.0,0.0,0.0,0.0,0.0,0.0,0.0,0.0,0.0,0.0,0.0,0,0,0.0,0.0,0.0,0.0,0.0,0.0,0.0,2224,4,99,F,New Jersey Devils,0,0,0,0,0,0,2020,0.0
1998,0.0,Carter Savoie,0.0,0,0.0,0.0,0.0,0.0,0.0,0.0,0.0,0.0,0.0,0.0,0.0,0.0,0.0,0.0,0.0,0.0,0,0,0.0,0.0,0.0,0.0,0.0,0.0,0.0,2225,4,100,F,Edmonton Oilers,0,0,0,0,0,0,2020,0.0
2000,0.0,Jack Smith,0.0,0,0.0,0.0,0.0,0.0,0.0,0.0,0.0,0.0,0.0,0.0,0.0,0.0,0.0,0.0,0.0,0.0,0,0,0.0,0.0,0.0,0.0,0.0,0.0,0.0,2227,4,102,F,Montréal Canadiens,0,0,0,0,0,0,2020,0.0
2003,0.0,Lukas Svejkovsky,0.0,0,0.0,0.0,0.0,0.0,0.0,0.0,0.0,0.0,0.0,0.0,0.0,0.0,0.0,0.0,0.0,0.0,0,0,0.0,0.0,0.0,0.0,0.0,0.0,0.0,2233,4,108,F,Pittsburgh Penguins,0,0,0,0,0,0,2020,0.0
2004,0.0,Blake Biondi,0.0,0,0.0,0.0,0.0,0.0,0.0,0.0,0.0,0.0,0.0,0.0,0.0,0.0,0.0,0.0,0.0,0.0,0,0,0.0,0.0,0.0,0.0,0.0,0.0,0.0,2234,4,109,F,Montréal Canadiens,0,0,0,0,0,0,2020,0.0
2007,0.0,Jackson Kunz,0.0,0,0.0,0.0,0.0,0.0,0.0,0.0,0.0,0.0,0.0,0.0,0.0,0.0,0.0,0.0,0.0,0.0,0,0,0.0,0.0,0.0,0.0,0.0,0.0,0.0,2238,4,113,F,Vancouver Canucks,0,0,0,0,0,0,2020,0.0
2008,0.0,Mikael Pyyhtiä,0.0,0,0.0,0.0,0.0,0.0,0.0,0.0,0.0,0.0,0.0,0.0,0.0,0.0,0.0,0.0,0.0,0.0,0,0,0.0,0.0,0.0,0.0,0.0,0.0,0.0,2239,4,114,F,Columbus Blue Jackets,3,40,1,4,5,4,2020,1.6666666666666667
2009,0.0,Zion Nybeck,0.0,0,0.0,0.0,0.0,0.0,0.0,0.0,0.0,0.0,0.0,0.0,0.0,0.0,0.0,0.0,0.0,0.0,0,0,0.0,0.0,0.0,0.0,0.0,0.0,0.0,2240,4,115,F,Carolina Hurricanes,0,0,0,0,0,0,2020,0.0
2011,0.0,Bogdan Trineyev,0.0,0,0.0,0.0,0.0,0.0,0.0,0.0,0.0,0.0,0.0,0.0,0.0,0.0,0.0,0.0,0.0,0.0,0,0,0.0,0.0,0.0,0.0,0.0,0.0,0.0,2242,4,117,F,Washington Capitals,0,0,0,0,0,0,2020,0.0
2012,0.0,Colby Ambrosio,0.0,0,0.0,0.0,0.0,0.0,0.0,0.0,0.0,0.0,0.0,0.0,0.0,0.0,0.0,0.0,0.0,0.0,0,0,0.0,0.0,0.0,0.0,0.0,0.0,0.0,2243,4,118,F,Colorado Avalanche,0,0,0,0,0,0,2020,0.0
2013,0.0,Tanner Dickinson,0.0,0,0.0,0.0,0.0,0.0,0.0,0.0,0.0,0.0,0.0,0.0,0.0,0.0,0.0,0.0,0.0,0.0,0,0,0.0,0.0,0.0,0.0,0.0,0.0,0.0,2244,4,119,F,St. Louis Blues,0,0,0,0,0,0,2020,0.0
2015,0.0,Alex Jefferies,0.0,0,0.0,0.0,0.0,0.0,0.0,0.0,0.0,0.0,0.0,0.0,0.0,0.0,0.0,0.0,0.0,0.0,0,0,0.0,0.0,0.0,0.0,0.0,0.0,0.0,2246,4,121,F,New York Islanders,0,0,0,0,0,0,2020,0.0
2017,0.0,Antonio Stranges,0.0,0,0.0,0.0,0.0,0.0,0.0,0.0,0.0,0.0,0.0,0.0,0.0,0.0,0.0,0.0,0.0,0.0,0,0,0.0,0.0,0.0,0.0,0.0,0.0,0.0,2248,4,123,F,Dallas Stars,0,0,0,0,0,0,2020,0.0
2018,810.0,Sean Farrell,21.0,MTL,6.0,1.0,0.0,1.0,-2.0,0.0,1.0,0.0,0.0,0.0,0.0,0.0,0.0,8.0,12.5,16.0,83:14,13:52,0.0,0.0,0.0,2.0,0.0,1.0,2.0,2249,4,124,F,Montréal Canadiens,1,6,1,0,1,0,2020,1.0
2019,0.0,Tyler Tullio,0.0,0,0.0,0.0,0.0,0.0,0.0,0.0,0.0,0.0,0.0,0.0,0.0,0.0,0.0,0.0,0.0,0.0,0,0,0.0,0.0,0.0,0.0,0.0,0.0,0.0,2251,5,126,F,Edmonton Oilers,0,0,0,0,0,0,2020,0.0
2020,0.0,Evan Vierling,0.0,0,0.0,0.0,0.0,0.0,0.0,0.0,0.0,0.0,0.0,0.0,0.0,0.0,0.0,0.0,0.0,0.0,0,0,0.0,0.0,0.0,0.0,0.0,0.0,0.0,2252,5,127,F,New York Rangers,0,0,0,0,0,0,2020,0.0
2021,0.0,Martin Chromiak,0.0,0,0.0,0.0,0.0,0.0,0.0,0.0,0.0,0.0,0.0,0.0,0.0,0.0,0.0,0.0,0.0,0.0,0,0,0.0,0.0,0.0,0.0,0.0,0.0,0.0,2253,5,128,F,Los Angeles Kings,0,0,0,0,0,0,2020,0.0
2022,0.0,Artyom Galimov,0.0,0,0.0,0.0,0.0,0.0,0.0,0.0,0.0,0.0,0.0,0.0,0.0,0.0,0.0,0.0,0.0,0.0,0,0,0.0,0.0,0.0,0.0,0.0,0.0,0.0,2254,5,129,F,Anaheim Ducks,0,0,0,0,0,0,2020,0.0
2023,0.0,Artem Shlaine,0.0,0,0.0,0.0,0.0,0.0,0.0,0.0,0.0,0.0,0.0,0.0,0.0,0.0,0.0,0.0,0.0,0.0,0,0,0.0,0.0,0.0,0.0,0.0,0.0,0.0,2255,5,130,F,New Jersey Devils,0,0,0,0,0,0,2020,0.0
2024,0.0,Matteo Costantini,0.0,0,0.0,0.0,0.0,0.0,0.0,0.0,0.0,0.0,0.0,0.0,0.0,0.0,0.0,0.0,0.0,0.0,0,0,0.0,0.0,0.0,0.0,0.0,0.0,0.0,2256,5,131,F,Buffalo Sabres,0,0,0,0,0,0,2020,0.0
2027,0.0,Brett Berard,0.0,0,0.0,0.0,0.0,0.0,0.0,0.0,0.0,0.0,0.0,0.0,0.0,0.0,0.0,0.0,0.0,0.0,0,0,0.0,0.0,0.0,0.0,0.0,0.0,0.0,2259,5,134,F,New York Rangers,1,8,2,1,3,0,2020,3.0
2028,919.0,Elliot Desnoyers,0.0,PHI,4.0,0.0,0.0,0.0,-2.0,0.0,0.0,0.0,0.0,0.0,0.0,0.0,0.0,3.0,0.0,7.0,53:28,13:22,8.0,14.0,36.4,4.0,9.0,2.0,1.0,2260,5,135,F,Philadelphia Flyers,1,4,0,0,0,0,2020,0.0
2029,0.0,Dmitri Ovchinnikov,0.0,0,0.0,0.0,0.0,0.0,0.0,0.0,0.0,0.0,0.0,0.0,0.0,0.0,0.0,0.0,0.0,0.0,0,0,0.0,0.0,0.0,0.0,0.0,0.0,0.0,2262,5,137,F,Toronto Maple Leafs,0,0,0,0,0,0,2020,0.0
2030,0.0,Maxim Beryozkin,0.0,0,0.0,0.0,0.0,0.0,0.0,0.0,0.0,0.0,0.0,0.0,0.0,0.0,0.0,0.0,0.0,0.0,0,0,0.0,0.0,0.0,0.0,0.0,0.0,0.0,2263,5,138,F,Edmonton Oilers,0,0,0,0,0,0,2020,0.0
2031,0.0,Ryder Rolston,0.0,0,0.0,0.0,0.0,0.0,0.0,0.0,0.0,0.0,0.0,0.0,0.0,0.0,0.0,0.0,0.0,0.0,0,0,0.0,0.0,0.0,0.0,0.0,0.0,0.0,2264,5,139,F,Colorado Avalanche,0,0,0,0,0,0,2020,0.0
2034,0.0,Carson Bantle,0.0,0,0.0,0.0,0.0,0.0,0.0,0.0,0.0,0.0,0.0,0.0,0.0,0.0,0.0,0.0,0.0,0.0,0,0,0.0,0.0,0.0,0.0,0.0,0.0,0.0,2267,5,142,F,Arizona Coyotes,0,0,0,0,0,0,2020,0.0
2035,0.0,Ryan Francis,0.0,0,0.0,0.0,0.0,0.0,0.0,0.0,0.0,0.0,0.0,0.0,0.0,0.0,0.0,0.0,0.0,0.0,0,0,0.0,0.0,0.0,0.0,0.0,0.0,0.0,2268,5,143,F,Calgary Flames,0,0,0,0,0,0,2020,0.0
2038,0.0,Pavel Novák,0.0,0,0.0,0.0,0.0,0.0,0.0,0.0,0.0,0.0,0.0,0.0,0.0,0.0,0.0,0.0,0.0,0.0,0,0,0.0,0.0,0.0,0.0,0.0,0.0,0.0,2271,5,146,F,Minnesota Wild,0,0,0,0,0,0,2020,0.0
2039,0.0,Jaydon Dureau,0.0,0,0.0,0.0,0.0,0.0,0.0,0.0,0.0,0.0,0.0,0.0,0.0,0.0,0.0,0.0,0.0,0.0,0,0,0.0,0.0,0.0,0.0,0.0,0.0,0.0,2272,5,147,F,Tampa Bay Lightning,0,0,0,0,0,0,2020,0.0
2040,0.0,Bear Hughes,0.0,0,0.0,0.0,0.0,0.0,0.0,0.0,0.0,0.0,0.0,0.0,0.0,0.0,0.0,0.0,0.0,0.0,0,0,0.0,0.0,0.0,0.0,0.0,0.0,0.0,2273,5,148,F,Washington Capitals,0,0,0,0,0,0,2020,0.0
2041,0.0,Raivis Ansons,0.0,0,0.0,0.0,0.0,0.0,0.0,0.0,0.0,0.0,0.0,0.0,0.0,0.0,0.0,0.0,0.0,0.0,0,0,0.0,0.0,0.0,0.0,0.0,0.0,0.0,2274,5,149,F,Pittsburgh Penguins,0,0,0,0,0,0,2020,0.0
2044,922.0,William Dufour,21.0,NYI,1.0,0.0,0.0,0.0,-2.0,0.0,0.0,0.0,0.0,0.0,0.0,0.0,0.0,0.0,0.0,0.0,6:48,6:48,0.0,1.0,0.0,0.0,1.0,0.0,1.0,2277,5,152,F,New York Islanders,1,1,0,0,0,0,2020,0.0
2046,0.0,Daniel Ljungman,0.0,0,0.0,0.0,0.0,0.0,0.0,0.0,0.0,0.0,0.0,0.0,0.0,0.0,0.0,0.0,0.0,0.0,0,0,0.0,0.0,0.0,0.0,0.0,0.0,0.0,2279,5,154,F,Dallas Stars,0,0,0,0,0,0,2020,0.0
2047,0.0,Eric Engstrand,0.0,0,0.0,0.0,0.0,0.0,0.0,0.0,0.0,0.0,0.0,0.0,0.0,0.0,0.0,0.0,0.0,0.0,0,0,0.0,0.0,0.0,0.0,0.0,0.0,0.0,2280,5,155,F,Ottawa Senators,0,0,0,0,0,0,2020,0.0
2049,0.0,Nick Capone,0.0,0,0.0,0.0,0.0,0.0,0.0,0.0,0.0,0.0,0.0,0.0,0.0,0.0,0.0,0.0,0.0,0.0,0,0,0.0,0.0,0.0,0.0,0.0,0.0,0.0,2282,6,157,F,Tampa Bay Lightning,0,0,0,0,0,0,2020,0.0
2050,0.0,Philippe Daoust,0.0,0,0.0,0.0,0.0,0.0,0.0,0.0,0.0,0.0,0.0,0.0,0.0,0.0,0.0,0.0,0.0,0.0,0,0,0.0,0.0,0.0,0.0,0.0,0.0,0.0,2283,6,158,F,Ottawa Senators,0,0,0,0,0,0,2020,0.0
2051,0.0,Lucas Mercuri,0.0,0,0.0,0.0,0.0,0.0,0.0,0.0,0.0,0.0,0.0,0.0,0.0,0.0,0.0,0.0,0.0,0.0,0,0,0.0,0.0,0.0,0.0,0.0,0.0,0.0,2284,6,159,F,Carolina Hurricanes,0,0,0,0,0,0,2020,0.0
2052,0.0,Albin Sundsvik,0.0,0,0.0,0.0,0.0,0.0,0.0,0.0,0.0,0.0,0.0,0.0,0.0,0.0,0.0,0.0,0.0,0.0,0,0,0.0,0.0,0.0,0.0,0.0,0.0,0.0,2285,6,160,F,Anaheim Ducks,0,0,0,0,0,0,2020,0.0
2053,0.0,Benjamin Baumgartner,0.0,0,0.0,0.0,0.0,0.0,0.0,0.0,0.0,0.0,0.0,0.0,0.0,0.0,0.0,0.0,0.0,0.0,0,0,0.0,0.0,0.0,0.0,0.0,0.0,0.0,2286,6,161,F,New Jersey Devils,0,0,0,0,0,0,2020,0.0
2054,0.0,Evgeny Oksentyuk,0.0,0,0.0,0.0,0.0,0.0,0.0,0.0,0.0,0.0,0.0,0.0,0.0,0.0,0.0,0.0,0.0,0.0,0,0,0.0,0.0,0.0,0.0,0.0,0.0,0.0,2287,6,162,F,Dallas Stars,0,0,0,0,0,0,2020,0.0
2056,776.0,Matt Rempe,21.0,NYR,17.0,1.0,1.0,2.0,1.0,71.0,1.0,0.0,0.0,1.0,1.0,0.0,0.0,12.0,8.3,20.0,95:38,5:38,4.0,4.0,50.0,5.0,50.0,1.0,0.0,2290,6,165,F,New York Rangers,2,21,1,1,2,78,2020,1.0
2058,0.0,Nils Åman,0.0,0,0.0,0.0,0.0,0.0,0.0,0.0,0.0,0.0,0.0,0.0,0.0,0.0,0.0,0.0,0.0,0.0,0,0,0.0,0.0,0.0,0.0,0.0,0.0,0.0,2292,6,167,F,Colorado Avalanche,3,116,7,18,25,26,2020,8.333333333333334
2059,0.0,Veeti Miettinen,0.0,0,0.0,0.0,0.0,0.0,0.0,0.0,0.0,0.0,0.0,0.0,0.0,0.0,0.0,0.0,0.0,0.0,0,0,0.0,0.0,0.0,0.0,0.0,0.0,0.0,2293,6,168,F,Toronto Maple Leafs,0,0,0,0,0,0,2020,0.0
2060,0.0,Filip Engarås,0.0,0,0.0,0.0,0.0,0.0,0.0,0.0,0.0,0.0,0.0,0.0,0.0,0.0,0.0,0.0,0.0,0.0,0,0,0.0,0.0,0.0,0.0,0.0,0.0,0.0,2294,6,169,F,Edmonton Oilers,0,0,0,0,0,0,2020,0.0
2061,0.0,Chase Yoder,0.0,0,0.0,0.0,0.0,0.0,0.0,0.0,0.0,0.0,0.0,0.0,0.0,0.0,0.0,0.0,0.0,0.0,0,0,0.0,0.0,0.0,0.0,0.0,0.0,0.0,2295,6,170,F,Pittsburgh Penguins,0,0,0,0,0,0,2020,0.0
2062,0.0,Alexander Gordin,0.0,0,0.0,0.0,0.0,0.0,0.0,0.0,0.0,0.0,0.0,0.0,0.0,0.0,0.0,0.0,0.0,0.0,0,0,0.0,0.0,0.0,0.0,0.0,0.0,0.0,2296,6,171,F,Montréal Canadiens,0,0,0,0,0,0,2020,0.0
2063,0.0,Chad Yetman,0.0,0,0.0,0.0,0.0,0.0,0.0,0.0,0.0,0.0,0.0,0.0,0.0,0.0,0.0,0.0,0.0,0.0,0,0,0.0,0.0,0.0,0.0,0.0,0.0,0.0,2297,6,172,F,Chicago Blackhawks,0,0,0,0,0,0,2020,0.0
2064,0.0,Filip Barklund,0.0,0,0.0,0.0,0.0,0.0,0.0,0.0,0.0,0.0,0.0,0.0,0.0,0.0,0.0,0.0,0.0,0.0,0,0,0.0,0.0,0.0,0.0,0.0,0.0,0.0,2298,6,173,F,Arizona Coyotes,0,0,0,0,0,0,2020,0.0
2065,0.0,Rory Kerins,0.0,0,0.0,0.0,0.0,0.0,0.0,0.0,0.0,0.0,0.0,0.0,0.0,0.0,0.0,0.0,0.0,0.0,0,0,0.0,0.0,0.0,0.0,0.0,0.0,0.0,2299,6,174,F,Calgary Flames,0,0,0,0,0,0,2020,0.0
2066,0.0,Dmitri Zlodeyev,0.0,0,0.0,0.0,0.0,0.0,0.0,0.0,0.0,0.0,0.0,0.0,0.0,0.0,0.0,0.0,0.0,0.0,0,0,0.0,0.0,0.0,0.0,0.0,0.0,0.0,2300,6,175,F,Vancouver Canucks,0,0,0,0,0,0,2020,0.0
2069,0.0,Connor McClennon,0.0,0,0.0,0.0,0.0,0.0,0.0,0.0,0.0,0.0,0.0,0.0,0.0,0.0,0.0,0.0,0.0,0.0,0,0,0.0,0.0,0.0,0.0,0.0,0.0,0.0,2303,6,178,F,Philadelphia Flyers,0,0,0,0,0,0,2020,0.0
2070,0.0,Joe Miller,0.0,0,0.0,0.0,0.0,0.0,0.0,0.0,0.0,0.0,0.0,0.0,0.0,0.0,0.0,0.0,0.0,0.0,0,0,0.0,0.0,0.0,0.0,0.0,0.0,0.0,2305,6,180,F,Toronto Maple Leafs,0,0,0,0,0,0,2020,0.0
2071,1069.0,Cole Reinhardt,21.0,OTT,1.0,0.0,0.0,0.0,0.0,2.0,0.0,0.0,0.0,0.0,0.0,0.0,0.0,1.0,0.0,1.0,8:35,8:35,0.0,0.0,0.0,0.0,2.0,0.0,1.0,2306,6,181,F,Ottawa Senators,2,6,1,1,2,2,2020,1.0
2072,0.0,Riley Duran,0.0,0,0.0,0.0,0.0,0.0,0.0,0.0,0.0,0.0,0.0,0.0,0.0,0.0,0.0,0.0,0.0,0.0,0,0,0.0,0.0,0.0,0.0,0.0,0.0,0.0,2307,6,182,F,Boston Bruins,0,0,0,0,0,0,2020,0.0
2075,0.0,Kienan Draper,0.0,0,0.0,0.0,0.0,0.0,0.0,0.0,0.0,0.0,0.0,0.0,0.0,0.0,0.0,0.0,0.0,0.0,0,0,0.0,0.0,0.0,0.0,0.0,0.0,0.0,2312,7,187,F,Detroit Red Wings,0,0,0,0,0,0,2020,0.0
2078,0.0,Aatu Jämsen,0.0,0,0.0,0.0,0.0,0.0,0.0,0.0,0.0,0.0,0.0,0.0,0.0,0.0,0.0,0.0,0.0,0.0,0,0,0.0,0.0,0.0,0.0,0.0,0.0,0.0,2315,7,190,F,Los Angeles Kings,0,0,0,0,0,0,2020,0.0
2080,0.0,Elliot Ekefjärd,0.0,0,0.0,0.0,0.0,0.0,0.0,0.0,0.0,0.0,0.0,0.0,0.0,0.0,0.0,0.0,0.0,0.0,0,0,0.0,0.0,0.0,0.0,0.0,0.0,0.0,2317,7,192,F,Arizona Coyotes,0,0,0,0,0,0,2020,0.0
2083,0.0,Wyatt Schingoethe,0.0,0,0.0,0.0,0.0,0.0,0.0,0.0,0.0,0.0,0.0,0.0,0.0,0.0,0.0,0.0,0.0,0.0,0,0,0.0,0.0,0.0,0.0,0.0,0.0,0.0,2320,7,195,F,Toronto Maple Leafs,0,0,0,0,0,0,2020,0.0
2084,0.0,Alex Young,0.0,0,0.0,0.0,0.0,0.0,0.0,0.0,0.0,0.0,0.0,0.0,0.0,0.0,0.0,0.0,0.0,0.0,0,0,0.0,0.0,0.0,0.0,0.0,0.0,0.0,2321,7,196,F,San Jose Sharks,0,0,0,0,0,0,2020,0.0
2085,0.0,Elliot Ekmark,0.0,0,0.0,0.0,0.0,0.0,0.0,0.0,0.0,0.0,0.0,0.0,0.0,0.0,0.0,0.0,0.0,0.0,0,0,0.0,0.0,0.0,0.0,0.0,0.0,0.0,2323,7,198,F,Florida Panthers,0,0,0,0,0,0,2020,0.0
2086,0.0,Alexander Pashin,0.0,0,0.0,0.0,0.0,0.0,0.0,0.0,0.0,0.0,0.0,0.0,0.0,0.0,0.0,0.0,0.0,0.0,0,0,0.0,0.0,0.0,0.0,0.0,0.0,0.0,2324,7,199,F,Carolina Hurricanes,0,0,0,0,0,0,2020,0.0
2087,0.0,Jeremias Lindewall,0.0,0,0.0,0.0,0.0,0.0,0.0,0.0,0.0,0.0,0.0,0.0,0.0,0.0,0.0,0.0,0.0,0.0,0,0,0.0,0.0,0.0,0.0,0.0,0.0,0.0,2325,7,200,F,Edmonton Oilers,0,0,0,0,0,0,2020,0.0
2088,0.0,Adam Raska,0.0,0,0.0,0.0,0.0,0.0,0.0,0.0,0.0,0.0,0.0,0.0,0.0,0.0,0.0,0.0,0.0,0.0,0,0,0.0,0.0,0.0,0.0,0.0,0.0,0.0,2326,7,201,F,San Jose Sharks,3,13,0,0,0,7,2020,0.0
2089,0.0,Gunnarwolfe Fontaine,0.0,0,0.0,0.0,0.0,0.0,0.0,0.0,0.0,0.0,0.0,0.0,0.0,0.0,0.0,0.0,0.0,0.0,0,0,0.0,0.0,0.0,0.0,0.0,0.0,0.0,2327,7,202,F,Nashville Predators,0,0,0,0,0,0,2020,0.0
2090,0.0,Chase Bradley,0.0,0,0.0,0.0,0.0,0.0,0.0,0.0,0.0,0.0,0.0,0.0,0.0,0.0,0.0,0.0,0.0,0.0,0,0,0.0,0.0,0.0,0.0,0.0,0.0,0.0,2328,7,203,F,Detroit Red Wings,1,2,0,0,0,0,2020,0.0
2091,1041.0,Ben McCartney,20.0,ARI,2.0,0.0,0.0,0.0,0.0,4.0,0.0,0.0,0.0,0.0,0.0,0.0,0.0,2.0,0.0,4.0,28:05,14:03,0.0,1.0,0.0,0.0,7.0,0.0,0.0,2329,7,204,F,Arizona Coyotes,1,2,0,0,0,4,2020,0.0
2093,0.0,Linus Öberg,0.0,0,0.0,0.0,0.0,0.0,0.0,0.0,0.0,0.0,0.0,0.0,0.0,0.0,0.0,0.0,0.0,0.0,0,0,0.0,0.0,0.0,0.0,0.0,0.0,0.0,2331,7,206,F,San Jose Sharks,0,0,0,0,0,0,2020,0.0
2094,0.0,Ethan Bowen,0.0,0,0.0,0.0,0.0,0.0,0.0,0.0,0.0,0.0,0.0,0.0,0.0,0.0,0.0,0.0,0.0,0.0,0,0,0.0,0.0,0.0,0.0,0.0,0.0,0.0,2332,7,207,F,Anaheim Ducks,0,0,0,0,0,0,2020,0.0
2096,0.0,Chase McLane,0.0,0,0.0,0.0,0.0,0.0,0.0,0.0,0.0,0.0,0.0,0.0,0.0,0.0,0.0,0.0,0.0,0.0,0,0,0.0,0.0,0.0,0.0,0.0,0.0,0.0,2334,7,209,F,Nashville Predators,0,0,0,0,0,0,2020,0.0
2097,0.0,Timofei Spitserov,0.0,0,0.0,0.0,0.0,0.0,0.0,0.0,0.0,0.0,0.0,0.0,0.0,0.0,0.0,0.0,0.0,0.0,0,0,0.0,0.0,0.0,0.0,0.0,0.0,0.0,2335,7,210,F,San Jose Sharks,0,0,0,0,0,0,2020,0.0
2098,0.0,Oskar Magnusson,0.0,0,0.0,0.0,0.0,0.0,0.0,0.0,0.0,0.0,0.0,0.0,0.0,0.0,0.0,0.0,0.0,0.0,0,0,0.0,0.0,0.0,0.0,0.0,0.0,0.0,2336,7,211,F,Washington Capitals,0,0,0,0,0,0,2020,0.0
2099,0.0,Ryan Tverberg,0.0,0,0.0,0.0,0.0,0.0,0.0,0.0,0.0,0.0,0.0,0.0,0.0,0.0,0.0,0.0,0.0,0.0,0,0,0.0,0.0,0.0,0.0,0.0,0.0,0.0,2338,7,213,F,Toronto Maple Leafs,0,0,0,0,0,0,2020,0.0
2100,0.0,Maxim Marushev,0.0,0,0.0,0.0,0.0,0.0,0.0,0.0,0.0,0.0,0.0,0.0,0.0,0.0,0.0,0.0,0.0,0.0,0,0,0.0,0.0,0.0,0.0,0.0,0.0,0.0,2340,7,215,F,Vegas Golden Knights,0,0,0,0,0,0,2020,0.0
2101,0.0,Jakub Konecny,0.0,0,0.0,0.0,0.0,0.0,0.0,0.0,0.0,0.0,0.0,0.0,0.0,0.0,0.0,0.0,0.0,0.0,0,0,0.0,0.0,0.0,0.0,0.0,0.0,0.0,2341,7,216,F,Buffalo Sabres,0,0,0,0,0,0,2020,0.0
2102,0.0,Declan McDonnell,0.0,0,0.0,0.0,0.0,0.0,0.0,0.0,0.0,0.0,0.0,0.0,0.0,0.0,0.0,0.0,0.0,0.0,0,0,0.0,0.0,0.0,0.0,0.0,0.0,0.0,2342,7,217,F,Tampa Bay Lightning,0,0,0,0,0,0,2020,0.0
2104,589.0,Matty Beniers,19.0,SEA,167.0,42.0,61.0,103.0,2.0,22.0,30.0,12.0,0.0,5.0,45.0,15.0,1.0,299.0,16.7,36.0,169:24,17:58,39.0,53.0,42.4,96.0,138.0,106.0,84.0,2344,1,2,F,Seattle Kraken,4,199,46,74,120,28,2021,30.0
2105,756.0,Mason McTavish,19.0,ANA,153.0,38.0,50.0,88.0,-39.0,132.0,26.0,11.0,1.0,5.0,37.0,12.0,1.0,303.0,16.7,16.0,117:43,16:17,0.0,3.0,0.0,76.0,130.0,54.0,49.0,2345,1,3,F,Anaheim Ducks,4,176,41,59,100,148,2021,25.0
2107,748.0,Kent Johnson,19.0,CBJ,130.0,22.0,37.0,59.0,-19.0,26.0,17.0,5.0,0.0,4.0,28.0,9.0,0.0,193.0,0.0,20.0,111:59,14:31,0.0,0.0,0.0,47.0,29.0,44.0,49.0,2347,1,5,F,Columbus Blue Jackets,4,147,31,46,77,32,2021,19.25
2109,713.0,William Eklund,19.0,SJS,97.0,18.0,34.0,52.0,-53.0,38.0,10.0,8.0,0.0,5.0,21.0,12.0,1.0,154.0,0.0,15.0,128:57,19:50,3.0,5.0,37.5,82.0,50.0,27.0,36.0,2349,1,7,F,San Jose Sharks,4,129,23,54,77,42,2021,19.25
2111,495.0,Dylan Guenther,19.0,ARI,78.0,24.0,26.0,50.0,-8.0,24.0,10.0,13.0,1.0,5.0,19.0,6.0,1.0,174.0,11.3,108.0,432:42,16:17,2.0,2.0,50.0,35.0,50.0,33.0,31.0,2351,1,9,F,Arizona Coyotes,3,108,37,42,79,42,2021,26.33333333333333
2112,0.0,Tyler Boucher,0.0,0,0.0,0.0,0.0,0.0,0.0,0.0,0.0,0.0,0.0,0.0,0.0,0.0,0.0,0.0,0.0,0.0,0,0,0.0,0.0,0.0,0.0,0.0,0.0,0.0,2352,1,10,F,Ottawa Senators,0,0,0,0,0,0,2021,0.0
2113,0.0,Tyler Boucher,0.0,0,0.0,0.0,0.0,0.0,0.0,0.0,0.0,0.0,0.0,0.0,0.0,0.0,0.0,0.0,0.0,0.0,0,0,0.0,0.0,0.0,0.0,0.0,0.0,0.0,2353,1,10,F,Ottawa Senators,0,0,0,0,0,0,2021,0.0
2114,280.0,Cole Sillinger,18.0,CBJ,220.0,32.0,42.0,74.0,-49.0,105.0,29.0,3.0,0.0,4.0,38.0,3.0,1.0,398.0,10.8,254.0,1082:21,16:07,362.0,417.0,46.5,153.0,322.0,72.0,60.0,2354,1,12,F,Columbus Blue Jackets,4,250,37,56,93,117,2021,23.25
2115,0.0,Matt Coronato,0.0,0,0.0,0.0,0.0,0.0,0.0,0.0,0.0,0.0,0.0,0.0,0.0,0.0,0.0,0.0,0.0,0.0,0,0,0.0,0.0,0.0,0.0,0.0,0.0,0.0,2355,1,13,F,Calgary Flames,3,61,10,12,22,10,2021,7.333333333333333
2116,0.0,Isak Rosén,0.0,0,0.0,0.0,0.0,0.0,0.0,0.0,0.0,0.0,0.0,0.0,0.0,0.0,0.0,0.0,0.0,0.0,0,0,0.0,0.0,0.0,0.0,0.0,0.0,0.0,2356,1,14,F,Buffalo Sabres,2,8,0,0,0,0,2021,0.0
2117,969.0,Brennan Othmann,21.0,NYR,3.0,0.0,0.0,0.0,0.0,0.0,0.0,0.0,0.0,0.0,0.0,0.0,0.0,6.0,0.0,9.0,27:15,9:05,0.0,0.0,0.0,1.0,6.0,0.0,0.0,2358,1,16,F,New York Rangers,1,3,0,0,0,0,2021,0.0
2118,581.0,Zachary Bolduc,20.0,STL,25.0,5.0,4.0,9.0,0.0,6.0,5.0,0.0,0.0,0.0,4.0,0.0,0.0,38.0,13.2,64.0,300:23,12:01,1.0,1.0,50.0,12.0,12.0,15.0,10.0,2359,1,17,F,St. Louis Blues,2,51,9,10,19,18,2021,9.5
2119,0.0,Chaz Lucius,0.0,0,0.0,0.0,0.0,0.0,0.0,0.0,0.0,0.0,0.0,0.0,0.0,0.0,0.0,0.0,0.0,0.0,0,0,0.0,0.0,0.0,0.0,0.0,0.0,0.0,2360,1,18,F,Winnipeg Jets,0,0,0,0,0,0,2021,0.0
2120,0.0,Fyodor Svechkov,0.0,0,0.0,0.0,0.0,0.0,0.0,0.0,0.0,0.0,0.0,0.0,0.0,0.0,0.0,0.0,0.0,0.0,0,0,0.0,0.0,0.0,0.0,0.0,0.0,0.0,2361,1,19,F,Nashville Predators,1,9,2,0,2,0,2021,2.0
2121,0.0,Fabian Lysell,0.0,0,0.0,0.0,0.0,0.0,0.0,0.0,0.0,0.0,0.0,0.0,0.0,0.0,0.0,0.0,0.0,0.0,0,0,0.0,0.0,0.0,0.0,0.0,0.0,0.0,2363,1,21,F,Boston Bruins,0,0,0,0,0,0,2021,0.0
2122,0.0,Xavier Bourgault,0.0,0,0.0,0.0,0.0,0.0,0.0,0.0,0.0,0.0,0.0,0.0,0.0,0.0,0.0,0.0,0.0,0.0,0,0,0.0,0.0,0.0,0.0,0.0,0.0,0.0,2364,1,22,F,Edmonton Oilers,0,0,0,0,0,0,2021,0.0
2123,181.0,Wyatt Johnston,19.0,DAL,164.0,56.0,50.0,106.0,20.0,58.0,47.0,6.0,3.0,6.0,39.0,11.0,0.0,376.0,15.0,281.0,1269:30,17:00,145.0,190.0,43.3,73.0,74.0,86.0,86.0,2365,1,23,F,Dallas Stars,3,194,62,62,124,68,2021,41.333333333333336
2124,992.0,Mackie Samoskevich,21.0,FLA,7.0,0.0,0.0,0.0,-3.0,0.0,0.0,0.0,0.0,0.0,0.0,0.0,0.0,11.0,0.0,17.0,84:16,12:02,0.0,1.0,0.0,3.0,5.0,1.0,5.0,2366,1,24,F,Florida Panthers,2,34,5,4,9,4,2021,4.5
2127,0.0,Zachary L'Heureux,0.0,0,0.0,0.0,0.0,0.0,0.0,0.0,0.0,0.0,0.0,0.0,0.0,0.0,0.0,0.0,0.0,0.0,0,0,0.0,0.0,0.0,0.0,0.0,0.0,0.0,2369,1,27,F,Nashville Predators,1,26,3,4,7,12,2021,7.0
2128,1007.0,Oskar Olausson,20.0,COL,2.0,0.0,0.0,0.0,0.0,0.0,0.0,0.0,0.0,0.0,0.0,0.0,0.0,2.0,0.0,2.0,7:02,7:02,0.0,0.0,0.0,2.0,2.0,0.0,0.0,2370,1,28,F,Colorado Avalanche,2,2,0,0,0,0,2021,0.0
2129,0.0,Chase Stillman,0.0,0,0.0,0.0,0.0,0.0,0.0,0.0,0.0,0.0,0.0,0.0,0.0,0.0,0.0,0.0,0.0,0.0,0,0,0.0,0.0,0.0,0.0,0.0,0.0,0.0,2371,1,29,F,New Jersey Devils,0,0,0,0,0,0,2021,0.0
2130,898.0,Zach Dean,21.0,STL,9.0,0.0,0.0,0.0,-4.0,6.0,0.0,0.0,0.0,0.0,0.0,0.0,0.0,10.0,0.0,18.0,94:59,10:33,21.0,21.0,50.0,5.0,10.0,5.0,3.0,2372,1,30,F,Vegas Golden Knights,1,9,0,0,0,6,2021,0.0
2133,0.0,Prokhor Poltapov,0.0,0,0.0,0.0,0.0,0.0,0.0,0.0,0.0,0.0,0.0,0.0,0.0,0.0,0.0,0.0,0.0,0.0,0,0,0.0,0.0,0.0,0.0,0.0,0.0,0.0,2375,2,33,F,Buffalo Sabres,0,0,0,0,0,0,2021,0.0
2137,584.0,Josh Doan,21.0,ARI,11.0,5.0,4.0,9.0,6.0,0.0,5.0,0.0,0.0,1.0,4.0,0.0,0.0,23.0,21.7,37.0,135:24,12:19,5.0,7.0,41.7,7.0,7.0,9.0,1.0,2379,2,37,F,Arizona Coyotes,2,20,6,5,11,6,2021,5.5
2139,968.0,Zack Ostapchuk,20.0,OTT,7.0,0.0,0.0,0.0,-1.0,0.0,0.0,0.0,0.0,0.0,0.0,0.0,0.0,5.0,0.0,7.0,73:29,10:30,11.0,30.0,26.8,6.0,13.0,4.0,1.0,2381,2,39,F,Ottawa Senators,2,23,0,2,2,5,2021,1.0
2141,0.0,Danila Klimovich,0.0,0,0.0,0.0,0.0,0.0,0.0,0.0,0.0,0.0,0.0,0.0,0.0,0.0,0.0,0.0,0.0,0.0,0,0,0.0,0.0,0.0,0.0,0.0,0.0,0.0,2383,2,41,F,Vancouver Canucks,0,0,0,0,0,0,2021,0.0
2142,0.0,Francesco Pinelli,0.0,0,0.0,0.0,0.0,0.0,0.0,0.0,0.0,0.0,0.0,0.0,0.0,0.0,0.0,0.0,0.0,0.0,0,0,0.0,0.0,0.0,0.0,0.0,0.0,0.0,2384,2,42,F,Los Angeles Kings,0,0,0,0,0,0,2021,0.0
2143,0.0,Ilya Fedotov,0.0,0,0.0,0.0,0.0,0.0,0.0,0.0,0.0,0.0,0.0,0.0,0.0,0.0,0.0,0.0,0.0,0.0,0,0,0.0,0.0,0.0,0.0,0.0,0.0,0.0,2385,2,43,F,Arizona Coyotes,0,0,0,0,0,0,2021,0.0
2145,0.0,William Strömgren,0.0,0,0.0,0.0,0.0,0.0,0.0,0.0,0.0,0.0,0.0,0.0,0.0,0.0,0.0,0.0,0.0,0.0,0,0,0.0,0.0,0.0,0.0,0.0,0.0,0.0,2387,2,45,F,Calgary Flames,0,0,0,0,0,0,2021,0.0
2146,0.0,Samu Tuomaala,0.0,0,0.0,0.0,0.0,0.0,0.0,0.0,0.0,0.0,0.0,0.0,0.0,0.0,0.0,0.0,0.0,0.0,0,0,0.0,0.0,0.0,0.0,0.0,0.0,0.0,2388,2,46,F,Philadelphia Flyers,0,0,0,0,0,0,2021,0.0
2147,504.0,Logan Stankoven,20.0,DAL,24.0,6.0,8.0,14.0,10.0,4.0,5.0,1.0,0.0,0.0,7.0,1.0,0.0,51.0,11.8,104.0,352:08,14:40,11.0,6.0,64.7,11.0,20.0,13.0,8.0,2389,2,47,F,Dallas Stars,2,52,10,20,30,6,2021,15.0
2150,794.0,Nikita Chibrikov,20.0,WPG,1.0,1.0,0.0,1.0,0.0,0.0,1.0,0.0,0.0,1.0,0.0,0.0,0.0,3.0,33.3,5.0,11:03,11:03,0.0,0.0,0.0,0.0,5.0,0.0,0.0,2392,2,50,F,Winnipeg Jets,2,4,3,1,4,0,2021,2.0
2151,0.0,Ville Koivunen,0.0,0,0.0,0.0,0.0,0.0,0.0,0.0,0.0,0.0,0.0,0.0,0.0,0.0,0.0,0.0,0.0,0.0,0,0,0.0,0.0,0.0,0.0,0.0,0.0,0.0,2393,2,51,F,Carolina Hurricanes,0,0,0,0,0,0,2021,0.0
2152,0.0,Aatu Räty,0.0,0,0.0,0.0,0.0,0.0,0.0,0.0,0.0,0.0,0.0,0.0,0.0,0.0,0.0,0.0,0.0,0.0,0,0,0.0,0.0,0.0,0.0,0.0,0.0,0.0,2394,2,52,F,New York Islanders,2,35,4,3,7,12,2021,3.5
2153,0.0,Alexander Kisakov,0.0,0,0.0,0.0,0.0,0.0,0.0,0.0,0.0,0.0,0.0,0.0,0.0,0.0,0.0,0.0,0.0,0.0,0,0,0.0,0.0,0.0,0.0,0.0,0.0,0.0,2395,2,53,F,Buffalo Sabres,0,0,0,0,0,0,2021,0.0
2157,832.0,Matthew Knies,20.0,TOR,83.0,15.0,21.0,36.0,10.0,47.0,15.0,0.0,0.0,3.0,19.0,2.0,0.0,119.0,0.0,7.0,39:20,13:41,0.0,0.0,0.0,32.0,171.0,41.0,30.0,2399,2,57,F,Toronto Maple Leafs,3,112,26,28,54,59,2021,18.0
2158,0.0,Tristan Broz,0.0,0,0.0,0.0,0.0,0.0,0.0,0.0,0.0,0.0,0.0,0.0,0.0,0.0,0.0,0.0,0.0,0.0,0,0,0.0,0.0,0.0,0.0,0.0,0.0,0.0,2400,2,58,F,Pittsburgh Penguins,0,0,0,0,0,0,2021,0.0
2159,0.0,Samuel Helenius,0.0,0,0.0,0.0,0.0,0.0,0.0,0.0,0.0,0.0,0.0,0.0,0.0,0.0,0.0,0.0,0.0,0.0,0,0,0.0,0.0,0.0,0.0,0.0,0.0,0.0,2401,2,59,F,Los Angeles Kings,1,14,0,2,2,14,2021,2.0
2162,0.0,Colton Dach,0.0,0,0.0,0.0,0.0,0.0,0.0,0.0,0.0,0.0,0.0,0.0,0.0,0.0,0.0,0.0,0.0,0.0,0,0,0.0,0.0,0.0,0.0,0.0,0.0,0.0,2404,2,62,F,Chicago Blackhawks,0,0,0,0,0,0,2021,0.0
2163,0.0,Riley Kidney,0.0,0,0.0,0.0,0.0,0.0,0.0,0.0,0.0,0.0,0.0,0.0,0.0,0.0,0.0,0.0,0.0,0.0,0,0,0.0,0.0,0.0,0.0,0.0,0.0,0.0,2405,2,63,F,Montréal Canadiens,0,0,0,0,0,0,2021,0.0
2164,0.0,Oliver Kapanen,0.0,0,0.0,0.0,0.0,0.0,0.0,0.0,0.0,0.0,0.0,0.0,0.0,0.0,0.0,0.0,0.0,0.0,0,0,0.0,0.0,0.0,0.0,0.0,0.0,0.0,2406,2,64,F,Montréal Canadiens,1,12,0,2,2,2,2021,2.0
2165,0.0,Jayden Grubbe,0.0,0,0.0,0.0,0.0,0.0,0.0,0.0,0.0,0.0,0.0,0.0,0.0,0.0,0.0,0.0,0.0,0.0,0,0,0.0,0.0,0.0,0.0,0.0,0.0,0.0,2407,3,65,F,New York Rangers,0,0,0,0,0,0,2021,0.0
2166,0.0,Sasha Pastujov,0.0,0,0.0,0.0,0.0,0.0,0.0,0.0,0.0,0.0,0.0,0.0,0.0,0.0,0.0,0.0,0.0,0.0,0,0,0.0,0.0,0.0,0.0,0.0,0.0,0.0,2408,3,66,F,Anaheim Ducks,0,0,0,0,0,0,2021,0.0
2167,1020.0,Ryan Winterton,20.0,SEA,9.0,0.0,0.0,0.0,-1.0,0.0,0.0,0.0,0.0,0.0,0.0,0.0,0.0,10.0,0.0,18.0,84:03,9:20,0.0,1.0,0.0,4.0,10.0,4.0,1.0,2409,3,67,F,Seattle Kraken,2,16,0,1,1,0,2021,0.5
2168,0.0,Samu Salminen,0.0,0,0.0,0.0,0.0,0.0,0.0,0.0,0.0,0.0,0.0,0.0,0.0,0.0,0.0,0.0,0.0,0.0,0,0,0.0,0.0,0.0,0.0,0.0,0.0,0.0,2410,3,68,F,New Jersey Devils,0,0,0,0,0,0,2021,0.0
2170,0.0,Carter Mazur,0.0,0,0.0,0.0,0.0,0.0,0.0,0.0,0.0,0.0,0.0,0.0,0.0,0.0,0.0,0.0,0.0,0.0,0,0,0.0,0.0,0.0,0.0,0.0,0.0,0.0,2412,3,70,F,Detroit Red Wings,0,0,0,0,0,0,2021,0.0
2171,0.0,Simon Robertsson,0.0,0,0.0,0.0,0.0,0.0,0.0,0.0,0.0,0.0,0.0,0.0,0.0,0.0,0.0,0.0,0.0,0.0,0,0,0.0,0.0,0.0,0.0,0.0,0.0,0.0,2413,3,71,F,St. Louis Blues,0,0,0,0,0,0,2021,0.0
2173,0.0,Ayrton Martino,0.0,0,0.0,0.0,0.0,0.0,0.0,0.0,0.0,0.0,0.0,0.0,0.0,0.0,0.0,0.0,0.0,0.0,0,0,0.0,0.0,0.0,0.0,0.0,0.0,0.0,2415,3,73,F,Dallas Stars,0,0,0,0,0,0,2021,0.0
2174,0.0,Oliver Johansson,0.0,0,0.0,0.0,0.0,0.0,0.0,0.0,0.0,0.0,0.0,0.0,0.0,0.0,0.0,0.0,0.0,0.0,0,0,0.0,0.0,0.0,0.0,0.0,0.0,0.0,2416,3,74,F,Ottawa Senators,0,0,0,0,0,0,2021,0.0
2175,0.0,Ryder Korczak,0.0,0,0.0,0.0,0.0,0.0,0.0,0.0,0.0,0.0,0.0,0.0,0.0,0.0,0.0,0.0,0.0,0.0,0,0,0.0,0.0,0.0,0.0,0.0,0.0,0.0,2417,3,75,F,New York Rangers,0,0,0,0,0,0,2021,0.0
2176,0.0,Cole Huckins,0.0,0,0.0,0.0,0.0,0.0,0.0,0.0,0.0,0.0,0.0,0.0,0.0,0.0,0.0,0.0,0.0,0.0,0,0,0.0,0.0,0.0,0.0,0.0,0.0,0.0,2418,3,77,F,Calgary Flames,0,0,0,0,0,0,2021,0.0
2177,0.0,Justin Ertel,0.0,0,0.0,0.0,0.0,0.0,0.0,0.0,0.0,0.0,0.0,0.0,0.0,0.0,0.0,0.0,0.0,0.0,0,0,0.0,0.0,0.0,0.0,0.0,0.0,0.0,2420,3,79,F,Dallas Stars,0,0,0,0,0,0,2021,0.0
2181,0.0,Brett Harrison,0.0,0,0.0,0.0,0.0,0.0,0.0,0.0,0.0,0.0,0.0,0.0,0.0,0.0,0.0,0.0,0.0,0.0,0,0,0.0,0.0,0.0,0.0,0.0,0.0,0.0,2426,3,85,F,Boston Bruins,0,0,0,0,0,0,2021,0.0
2182,0.0,Caedan Bankier,0.0,0,0.0,0.0,0.0,0.0,0.0,0.0,0.0,0.0,0.0,0.0,0.0,0.0,0.0,0.0,0.0,0.0,0,0,0.0,0.0,0.0,0.0,0.0,0.0,0.0,2427,3,86,F,Minnesota Wild,0,0,0,0,0,0,2021,0.0
2184,0.0,Stiven Sardaryan,0.0,0,0.0,0.0,0.0,0.0,0.0,0.0,0.0,0.0,0.0,0.0,0.0,0.0,0.0,0.0,0.0,0.0,0,0,0.0,0.0,0.0,0.0,0.0,0.0,0.0,2429,3,88,F,Buffalo Sabres,0,0,0,0,0,0,2021,0.0
2188,0.0,Andrei Buyalsky,0.0,0,0.0,0.0,0.0,0.0,0.0,0.0,0.0,0.0,0.0,0.0,0.0,0.0,0.0,0.0,0.0,0.0,0,0,0.0,0.0,0.0,0.0,0.0,0.0,0.0,2433,3,92,F,Colorado Avalanche,0,0,0,0,0,0,2021,0.0
2190,0.0,Josh Bloom,0.0,0,0.0,0.0,0.0,0.0,0.0,0.0,0.0,0.0,0.0,0.0,0.0,0.0,0.0,0.0,0.0,0.0,0,0,0.0,0.0,0.0,0.0,0.0,0.0,0.0,2436,3,95,F,Buffalo Sabres,0,0,0,0,0,0,2021,0.0
2192,0.0,Olivier Nadeau,0.0,0,0.0,0.0,0.0,0.0,0.0,0.0,0.0,0.0,0.0,0.0,0.0,0.0,0.0,0.0,0.0,0.0,0,0,0.0,0.0,0.0,0.0,0.0,0.0,0.0,2438,4,97,F,Buffalo Sabres,0,0,0,0,0,0,2021,0.0
2193,0.0,Josh Lopina,0.0,0,0.0,0.0,0.0,0.0,0.0,0.0,0.0,0.0,0.0,0.0,0.0,0.0,0.0,0.0,0.0,0.0,0,0,0.0,0.0,0.0,0.0,0.0,0.0,0.0,2439,4,98,F,Anaheim Ducks,0,0,0,0,0,0,2021,0.0
2196,0.0,Jakub Brabenec,0.0,0,0.0,0.0,0.0,0.0,0.0,0.0,0.0,0.0,0.0,0.0,0.0,0.0,0.0,0.0,0.0,0.0,0,0,0.0,0.0,0.0,0.0,0.0,0.0,0.0,2443,4,102,F,Vegas Golden Knights,0,0,0,0,0,0,2021,0.0
2198,0.0,Brody Lamb,0.0,0,0.0,0.0,0.0,0.0,0.0,0.0,0.0,0.0,0.0,0.0,0.0,0.0,0.0,0.0,0.0,0.0,0,0,0.0,0.0,0.0,0.0,0.0,0.0,0.0,2445,4,104,F,New York Rangers,0,0,0,0,0,0,2021,0.0
2200,0.0,Kalle Väisänen,0.0,0,0.0,0.0,0.0,0.0,0.0,0.0,0.0,0.0,0.0,0.0,0.0,0.0,0.0,0.0,0.0,0.0,0,0,0.0,0.0,0.0,0.0,0.0,0.0,0.0,2447,4,106,F,New York Rangers,0,0,0,0,0,0,2021,0.0
2202,0.0,Victor Stjernborg,0.0,0,0.0,0.0,0.0,0.0,0.0,0.0,0.0,0.0,0.0,0.0,0.0,0.0,0.0,0.0,0.0,0.0,0,0,0.0,0.0,0.0,0.0,0.0,0.0,0.0,2449,4,108,F,Chicago Blackhawks,0,0,0,0,0,0,2021,0.0
2203,878.0,Jackson Blake,20.0,CAR,1.0,0.0,0.0,0.0,-2.0,0.0,0.0,0.0,0.0,0.0,0.0,0.0,0.0,2.0,0.0,4.0,15:18,15:18,0.0,0.0,0.0,0.0,0.0,0.0,1.0,2450,4,109,F,Carolina Hurricanes,2,31,7,3,10,12,2021,5.0
2205,0.0,Conner Roulette,0.0,0,0.0,0.0,0.0,0.0,0.0,0.0,0.0,0.0,0.0,0.0,0.0,0.0,0.0,0.0,0.0,0.0,0,0,0.0,0.0,0.0,0.0,0.0,0.0,0.0,2452,4,111,F,Dallas Stars,0,0,0,0,0,0,2021,0.0
2207,0.0,Red Savage,0.0,0,0.0,0.0,0.0,0.0,0.0,0.0,0.0,0.0,0.0,0.0,0.0,0.0,0.0,0.0,0.0,0.0,0,0,0.0,0.0,0.0,0.0,0.0,0.0,0.0,2455,4,114,F,Detroit Red Wings,0,0,0,0,0,0,2021,0.0
2209,0.0,Jake Chiasson,0.0,0,0.0,0.0,0.0,0.0,0.0,0.0,0.0,0.0,0.0,0.0,0.0,0.0,0.0,0.0,0.0,0.0,0,0,0.0,0.0,0.0,0.0,0.0,0.0,0.0,2457,4,116,F,Edmonton Oilers,0,0,0,0,0,0,2021,0.0
2213,0.0,Ethan Cardwell,0.0,0,0.0,0.0,0.0,0.0,0.0,0.0,0.0,0.0,0.0,0.0,0.0,0.0,0.0,0.0,0.0,0.0,0,0,0.0,0.0,0.0,0.0,0.0,0.0,0.0,2462,4,121,F,San Jose Sharks,1,6,1,0,1,2,2021,1.0
2214,0.0,Carson Latimer,0.0,0,0.0,0.0,0.0,0.0,0.0,0.0,0.0,0.0,0.0,0.0,0.0,0.0,0.0,0.0,0.0,0.0,0,0,0.0,0.0,0.0,0.0,0.0,0.0,0.0,2464,4,123,F,Ottawa Senators,0,0,0,0,0,0,2021,0.0
2216,0.0,Cameron Berg,0.0,0,0.0,0.0,0.0,0.0,0.0,0.0,0.0,0.0,0.0,0.0,0.0,0.0,0.0,0.0,0.0,0.0,0,0,0.0,0.0,0.0,0.0,0.0,0.0,0.0,2466,4,125,F,New York Islanders,0,0,0,0,0,0,2021,0.0
2217,0.0,Dylan Duke,0.0,0,0.0,0.0,0.0,0.0,0.0,0.0,0.0,0.0,0.0,0.0,0.0,0.0,0.0,0.0,0.0,0.0,0,0,0.0,0.0,0.0,0.0,0.0,0.0,0.0,2467,4,126,F,Tampa Bay Lightning,0,0,0,0,0,0,2021,0.0
2218,0.0,Josh Pillar,0.0,0,0.0,0.0,0.0,0.0,0.0,0.0,0.0,0.0,0.0,0.0,0.0,0.0,0.0,0.0,0.0,0.0,0,0,0.0,0.0,0.0,0.0,0.0,0.0,0.0,2468,4,127,F,Minnesota Wild,0,0,0,0,0,0,2021,0.0
2219,0.0,Jakub Demek,0.0,0,0.0,0.0,0.0,0.0,0.0,0.0,0.0,0.0,0.0,0.0,0.0,0.0,0.0,0.0,0.0,0.0,0,0,0.0,0.0,0.0,0.0,0.0,0.0,0.0,2469,4,128,F,Vegas Golden Knights,0,0,0,0,0,0,2021,0.0
2221,0.0,Sean Tschigerl,0.0,0,0.0,0.0,0.0,0.0,0.0,0.0,0.0,0.0,0.0,0.0,0.0,0.0,0.0,0.0,0.0,0.0,0,0,0.0,0.0,0.0,0.0,0.0,0.0,0.0,2471,5,130,F,Anaheim Ducks,0,0,0,0,0,0,2021,0.0
2222,0.0,Jacob Melanson,0.0,0,0.0,0.0,0.0,0.0,0.0,0.0,0.0,0.0,0.0,0.0,0.0,0.0,0.0,0.0,0.0,0.0,0,0,0.0,0.0,0.0,0.0,0.0,0.0,0.0,2472,5,131,F,Seattle Kraken,0,0,0,0,0,0,2021,0.0
2224,699.0,James Malatesta,20.0,CBJ,11.0,2.0,2.0,4.0,-1.0,5.0,2.0,0.0,0.0,0.0,2.0,0.0,0.0,12.0,16.7,23.0,112:23,10:13,0.0,1.0,0.0,2.0,41.0,1.0,2.0,2474,5,133,F,Columbus Blue Jackets,1,11,2,2,4,5,2021,4.0
2225,0.0,Liam Dower-Nilsson,0.0,0,0.0,0.0,0.0,0.0,0.0,0.0,0.0,0.0,0.0,0.0,0.0,0.0,0.0,0.0,0.0,0.0,0,0,0.0,0.0,0.0,0.0,0.0,0.0,0.0,2475,5,134,F,Detroit Red Wings,0,0,0,0,0,0,2021,0.0
2227,0.0,Robert Orr,0.0,0,0.0,0.0,0.0,0.0,0.0,0.0,0.0,0.0,0.0,0.0,0.0,0.0,0.0,0.0,0.0,0.0,0,0,0.0,0.0,0.0,0.0,0.0,0.0,0.0,2477,5,136,F,Carolina Hurricanes,0,0,0,0,0,0,2021,0.0
2229,0.0,Manix Landry,0.0,0,0.0,0.0,0.0,0.0,0.0,0.0,0.0,0.0,0.0,0.0,0.0,0.0,0.0,0.0,0.0,0.0,0,0,0.0,0.0,0.0,0.0,0.0,0.0,0.0,2480,5,139,F,Arizona Coyotes,0,0,0,0,0,0,2021,0.0
2234,0.0,Jaroslav Chmelar,0.0,0,0.0,0.0,0.0,0.0,0.0,0.0,0.0,0.0,0.0,0.0,0.0,0.0,0.0,0.0,0.0,0.0,0,0,0.0,0.0,0.0,0.0,0.0,0.0,0.0,2485,5,144,F,New York Rangers,0,0,0,0,0,0,2021,0.0
2236,0.0,Dmitri Rashevsky,0.0,0,0.0,0.0,0.0,0.0,0.0,0.0,0.0,0.0,0.0,0.0,0.0,0.0,0.0,0.0,0.0,0.0,0,0,0.0,0.0,0.0,0.0,0.0,0.0,0.0,2487,5,146,F,Winnipeg Jets,0,0,0,0,0,0,2021,0.0
2237,0.0,Justin Robidas,0.0,0,0.0,0.0,0.0,0.0,0.0,0.0,0.0,0.0,0.0,0.0,0.0,0.0,0.0,0.0,0.0,0.0,0,0,0.0,0.0,0.0,0.0,0.0,0.0,0.0,2488,5,147,F,Carolina Hurricanes,0,0,0,0,0,0,2021,0.0
2238,0.0,Oskar Jellvik,0.0,0,0.0,0.0,0.0,0.0,0.0,0.0,0.0,0.0,0.0,0.0,0.0,0.0,0.0,0.0,0.0,0.0,0,0,0.0,0.0,0.0,0.0,0.0,0.0,0.0,2490,5,149,F,Boston Bruins,0,0,0,0,0,0,2021,0.0
2239,601.0,Joshua Roy,20.0,MTL,23.0,4.0,5.0,9.0,-2.0,0.0,4.0,0.0,0.0,0.0,5.0,0.0,0.0,34.0,11.8,77.0,279:14,12:08,2.0,5.0,28.6,21.0,12.0,9.0,5.0,2491,5,150,F,Montréal Canadiens,2,27,4,5,9,2,2021,4.5
2240,0.0,Håkon Hänelt,0.0,0,0.0,0.0,0.0,0.0,0.0,0.0,0.0,0.0,0.0,0.0,0.0,0.0,0.0,0.0,0.0,0.0,0,0,0.0,0.0,0.0,0.0,0.0,0.0,0.0,2492,5,151,F,Washington Capitals,0,0,0,0,0,0,2021,0.0
2241,0.0,Ty Voit,0.0,0,0.0,0.0,0.0,0.0,0.0,0.0,0.0,0.0,0.0,0.0,0.0,0.0,0.0,0.0,0.0,0.0,0,0,0.0,0.0,0.0,0.0,0.0,0.0,0.0,2494,5,153,F,Toronto Maple Leafs,0,0,0,0,0,0,2021,0.0
2244,0.0,Max McCue,0.0,0,0.0,0.0,0.0,0.0,0.0,0.0,0.0,0.0,0.0,0.0,0.0,0.0,0.0,0.0,0.0,0.0,0,0,0.0,0.0,0.0,0.0,0.0,0.0,0.0,2497,5,156,F,San Jose Sharks,0,0,0,0,0,0,2021,0.0
2245,0.0,Eetu Liukas,0.0,0,0.0,0.0,0.0,0.0,0.0,0.0,0.0,0.0,0.0,0.0,0.0,0.0,0.0,0.0,0.0,0.0,0,0,0.0,0.0,0.0,0.0,0.0,0.0,0.0,2498,5,157,F,New York Islanders,0,0,0,0,0,0,2021,0.0
2247,0.0,Viljami Marjala,0.0,0,0.0,0.0,0.0,0.0,0.0,0.0,0.0,0.0,0.0,0.0,0.0,0.0,0.0,0.0,0.0,0.0,0,0,0.0,0.0,0.0,0.0,0.0,0.0,0.0,2500,5,159,F,Buffalo Sabres,0,0,0,0,0,0,2021,0.0
2248,0.0,Cameron MacDonald,0.0,0,0.0,0.0,0.0,0.0,0.0,0.0,0.0,0.0,0.0,0.0,0.0,0.0,0.0,0.0,0.0,0.0,0,0,0.0,0.0,0.0,0.0,0.0,0.0,0.0,2501,5,160,F,Tampa Bay Lightning,0,0,0,0,0,0,2021,0.0
2249,0.0,William von Barnekow,0.0,0,0.0,0.0,0.0,0.0,0.0,0.0,0.0,0.0,0.0,0.0,0.0,0.0,0.0,0.0,0.0,0.0,0,0,0.0,0.0,0.0,0.0,0.0,0.0,0.0,2502,6,161,F,Buffalo Sabres,0,0,0,0,0,0,2021,0.0
2250,0.0,Kyle Kukkonen,0.0,0,0.0,0.0,0.0,0.0,0.0,0.0,0.0,0.0,0.0,0.0,0.0,0.0,0.0,0.0,0.0,0.0,0,0,0.0,0.0,0.0,0.0,0.0,0.0,0.0,2503,6,162,F,Anaheim Ducks,0,0,0,0,0,0,2021,0.0
2252,0.0,Ben Boyd,0.0,0,0.0,0.0,0.0,0.0,0.0,0.0,0.0,0.0,0.0,0.0,0.0,0.0,0.0,0.0,0.0,0.0,0,0,0.0,0.0,0.0,0.0,0.0,0.0,0.0,2506,6,165,F,Columbus Blue Jackets,0,0,0,0,0,0,2021,0.0
2253,0.0,Pasquale Zito,0.0,0,0.0,0.0,0.0,0.0,0.0,0.0,0.0,0.0,0.0,0.0,0.0,0.0,0.0,0.0,0.0,0.0,0,0,0.0,0.0,0.0,0.0,0.0,0.0,0.0,2507,6,166,F,Detroit Red Wings,0,0,0,0,0,0,2021,0.0
2254,0.0,Liam Gilmartin,0.0,0,0.0,0.0,0.0,0.0,0.0,0.0,0.0,0.0,0.0,0.0,0.0,0.0,0.0,0.0,0.0,0.0,0,0,0.0,0.0,0.0,0.0,0.0,0.0,0.0,2508,6,167,F,San Jose Sharks,0,0,0,0,0,0,2021,0.0
2255,0.0,Jack Beck,0.0,0,0.0,0.0,0.0,0.0,0.0,0.0,0.0,0.0,0.0,0.0,0.0,0.0,0.0,0.0,0.0,0.0,0,0,0.0,0.0,0.0,0.0,0.0,0.0,0.0,2509,6,168,F,Calgary Flames,0,0,0,0,0,0,2021,0.0
2259,0.0,Ilya Safonov,0.0,0,0.0,0.0,0.0,0.0,0.0,0.0,0.0,0.0,0.0,0.0,0.0,0.0,0.0,0.0,0.0,0.0,0,0,0.0,0.0,0.0,0.0,0.0,0.0,0.0,2513,6,172,F,Chicago Blackhawks,0,0,0,0,0,0,2021,0.0
2260,0.0,Lucas Ciona,0.0,0,0.0,0.0,0.0,0.0,0.0,0.0,0.0,0.0,0.0,0.0,0.0,0.0,0.0,0.0,0.0,0.0,0,0,0.0,0.0,0.0,0.0,0.0,0.0,0.0,2514,6,173,F,Calgary Flames,0,0,0,0,0,0,2021,0.0
2262,0.0,Francesco Arcuri,0.0,0,0.0,0.0,0.0,0.0,0.0,0.0,0.0,0.0,0.0,0.0,0.0,0.0,0.0,0.0,0.0,0.0,0,0,0.0,0.0,0.0,0.0,0.0,0.0,0.0,2516,6,175,F,Dallas Stars,0,0,0,0,0,0,2021,0.0
2264,0.0,Theo Jacobsson,0.0,0,0.0,0.0,0.0,0.0,0.0,0.0,0.0,0.0,0.0,0.0,0.0,0.0,0.0,0.0,0.0,0.0,0,0,0.0,0.0,0.0,0.0,0.0,0.0,0.0,2518,6,177,F,San Jose Sharks,0,0,0,0,0,0,2021,0.0
2265,0.0,Connor Lockhart,0.0,0,0.0,0.0,0.0,0.0,0.0,0.0,0.0,0.0,0.0,0.0,0.0,0.0,0.0,0.0,0.0,0.0,0,0,0.0,0.0,0.0,0.0,0.0,0.0,0.0,2519,6,178,F,Vancouver Canucks,0,0,0,0,0,0,2021,0.0
2266,0.0,Simon Knak,0.0,0,0.0,0.0,0.0,0.0,0.0,0.0,0.0,0.0,0.0,0.0,0.0,0.0,0.0,0.0,0.0,0.0,0,0,0.0,0.0,0.0,0.0,0.0,0.0,0.0,2520,6,179,F,Nashville Predators,0,0,0,0,0,0,2021,0.0
2267,0.0,Matvei Petrov,0.0,0,0.0,0.0,0.0,0.0,0.0,0.0,0.0,0.0,0.0,0.0,0.0,0.0,0.0,0.0,0.0,0.0,0,0,0.0,0.0,0.0,0.0,0.0,0.0,0.0,2521,6,180,F,Edmonton Oilers,0,0,0,0,0,0,2021,0.0
2270,0.0,Jakub Kos,0.0,0,0.0,0.0,0.0,0.0,0.0,0.0,0.0,0.0,0.0,0.0,0.0,0.0,0.0,0.0,0.0,0.0,0,0,0.0,0.0,0.0,0.0,0.0,0.0,0.0,2525,6,184,F,Florida Panthers,0,0,0,0,0,0,2021,0.0
2271,0.0,Shane Lachance,0.0,0,0.0,0.0,0.0,0.0,0.0,0.0,0.0,0.0,0.0,0.0,0.0,0.0,0.0,0.0,0.0,0.0,0,0,0.0,0.0,0.0,0.0,0.0,0.0,0.0,2527,6,186,F,Edmonton Oilers,0,0,0,0,0,0,2021,0.0
2275,0.0,Xavier Simoneau,0.0,0,0.0,0.0,0.0,0.0,0.0,0.0,0.0,0.0,0.0,0.0,0.0,0.0,0.0,0.0,0.0,0.0,0,0,0.0,0.0,0.0,0.0,0.0,0.0,0.0,2532,6,191,F,Montréal Canadiens,0,0,0,0,0,0,2021,0.0
2277,0.0,Tyson Kozak,0.0,0,0.0,0.0,0.0,0.0,0.0,0.0,0.0,0.0,0.0,0.0,0.0,0.0,0.0,0.0,0.0,0.0,0,0,0.0,0.0,0.0,0.0,0.0,0.0,0.0,2534,7,193,F,Buffalo Sabres,1,3,1,0,1,0,2021,1.0
2279,0.0,Justin Janicke,0.0,0,0.0,0.0,0.0,0.0,0.0,0.0,0.0,0.0,0.0,0.0,0.0,0.0,0.0,0.0,0.0,0.0,0,0,0.0,0.0,0.0,0.0,0.0,0.0,0.0,2536,7,195,F,Seattle Kraken,0,0,0,0,0,0,2021,0.0
2281,0.0,Martin Rysavy,0.0,0,0.0,0.0,0.0,0.0,0.0,0.0,0.0,0.0,0.0,0.0,0.0,0.0,0.0,0.0,0.0,0.0,0,0,0.0,0.0,0.0,0.0,0.0,0.0,0.0,2538,7,197,F,Columbus Blue Jackets,0,0,0,0,0,0,2021,0.0
2282,0.0,Ivan Vorobyov,0.0,0,0.0,0.0,0.0,0.0,0.0,0.0,0.0,0.0,0.0,0.0,0.0,0.0,0.0,0.0,0.0,0.0,0,0,0.0,0.0,0.0,0.0,0.0,0.0,0.0,2539,7,198,F,St. Louis Blues,0,0,0,0,0,0,2021,0.0
2284,0.0,Lucas Forsell,0.0,0,0.0,0.0,0.0,0.0,0.0,0.0,0.0,0.0,0.0,0.0,0.0,0.0,0.0,0.0,0.0,0.0,0,0,0.0,0.0,0.0,0.0,0.0,0.0,0.0,2542,7,201,F,Vancouver Canucks,0,0,0,0,0,0,2021,0.0
2286,0.0,Zakhar Bardakov,0.0,0,0.0,0.0,0.0,0.0,0.0,0.0,0.0,0.0,0.0,0.0,0.0,0.0,0.0,0.0,0.0,0.0,0,0,0.0,0.0,0.0,0.0,0.0,0.0,0.0,2544,7,203,F,New Jersey Devils,0,0,0,0,0,0,2021,0.0
2288,0.0,Owen McLaughlin,0.0,0,0.0,0.0,0.0,0.0,0.0,0.0,0.0,0.0,0.0,0.0,0.0,0.0,0.0,0.0,0.0,0.0,0,0,0.0,0.0,0.0,0.0,0.0,0.0,0.0,2547,7,206,F,Philadelphia Flyers,0,0,0,0,0,0,2021,0.0
2289,0.0,Albert Sjöberg,0.0,0,0.0,0.0,0.0,0.0,0.0,0.0,0.0,0.0,0.0,0.0,0.0,0.0,0.0,0.0,0.0,0.0,0,0,0.0,0.0,0.0,0.0,0.0,0.0,0.0,2548,7,207,F,Dallas Stars,0,0,0,0,0,0,2021,0.0
2291,0.0,Nikita Guslistov,0.0,0,0.0,0.0,0.0,0.0,0.0,0.0,0.0,0.0,0.0,0.0,0.0,0.0,0.0,0.0,0.0,0.0,0,0,0.0,0.0,0.0,0.0,0.0,0.0,0.0,2550,7,209,F,Carolina Hurricanes,0,0,0,0,0,0,2021,0.0
2293,0.0,Robert Flinton,0.0,0,0.0,0.0,0.0,0.0,0.0,0.0,0.0,0.0,0.0,0.0,0.0,0.0,0.0,0.0,0.0,0.0,0,0,0.0,0.0,0.0,0.0,0.0,0.0,0.0,2552,7,211,F,Tampa Bay Lightning,0,0,0,0,0,0,2021,0.0
2295,0.0,Andre Gasseau,0.0,0,0.0,0.0,0.0,0.0,0.0,0.0,0.0,0.0,0.0,0.0,0.0,0.0,0.0,0.0,0.0,0.0,0,0,0.0,0.0,0.0,0.0,0.0,0.0,0.0,2554,7,213,F,Boston Bruins,0,0,0,0,0,0,2021,0.0
2297,0.0,Jalen Luypen,0.0,0,0.0,0.0,0.0,0.0,0.0,0.0,0.0,0.0,0.0,0.0,0.0,0.0,0.0,0.0,0.0,0.0,0,0,0.0,0.0,0.0,0.0,0.0,0.0,0.0,2557,7,216,F,Chicago Blackhawks,0,0,0,0,0,0,2021,0.0
2299,0.0,Kirill Tankov,0.0,0,0.0,0.0,0.0,0.0,0.0,0.0,0.0,0.0,0.0,0.0,0.0,0.0,0.0,0.0,0.0,0.0,0,0,0.0,0.0,0.0,0.0,0.0,0.0,0.0,2559,7,218,F,Pittsburgh Penguins,0,0,0,0,0,0,2021,0.0
2301,0.0,Taylor Makar,0.0,0,0.0,0.0,0.0,0.0,0.0,0.0,0.0,0.0,0.0,0.0,0.0,0.0,0.0,0.0,0.0,0.0,0,0,0.0,0.0,0.0,0.0,0.0,0.0,0.0,2561,7,220,F,Colorado Avalanche,0,0,0,0,0,0,2021,0.0
2303,0.0,Sam Lipkin,0.0,0,0.0,0.0,0.0,0.0,0.0,0.0,0.0,0.0,0.0,0.0,0.0,0.0,0.0,0.0,0.0,0.0,0,0,0.0,0.0,0.0,0.0,0.0,0.0,0.0,2564,7,223,F,Arizona Coyotes,0,0,0,0,0,0,2021,0.0
2304,0.0,Niko Huuhtanen,0.0,0,0.0,0.0,0.0,0.0,0.0,0.0,0.0,0.0,0.0,0.0,0.0,0.0,0.0,0.0,0.0,0.0,0,0,0.0,0.0,0.0,0.0,0.0,0.0,0.0,2565,7,224,F,Tampa Bay Lightning,0,0,0,0,0,0,2021,0.0
